0.019978, 0, 0.243613, -0.0048449, 0.282812, 0.00819878
0.039956, 0, 0.264113, -0.0048449, 0.276947, 0.00819878
0.059934, 0, 0.284613, -0.0048449, 0.267166, 0.00819878
0.0799121, 0, 0.305113, -0.0048449, 0.25347, 0.00819878
0.0799121, 1, 0.299487, -0.0400685, 0.275387, 0.00800486
0.0998901, 0, 0.325612, -0.0048449, 0.235859, 0.00819878
0.0998901, 1, 0.318323, -0.0400685, 0.269759, 0.00800486
0.119868, 0, 0.346112, -0.0048449, 0.214332, 0.00819878
0.119868, 1, 0.33716, -0.0400685, 0.260216, 0.00800486
0.119868, 2, 0.349518, 0.0426644, 0.207256, 0.0080707
0.139846, 0, 0.366612, -0.0048449, 0.18889, 0.00819878
0.139846, 1, 0.355996, -0.0400685, 0.246757, 0.00800486
0.139846, 2, 0.369024, 0.0426644, 0.204956, 0.0080707
0.159824, 0, 0.387007, -0.0048449, 0.159971, 0.00819878
0.159824, 1, 0.374832, -0.0400685, 0.229383, 0.00800486
0.159824, 2, 0.388529, 0.0426644, 0.19874, 0.0080707
0.179802, 0, 0.394531, -0.0048449, 0.16709, 0.00819878
0.179802, 1, 0.393668, -0.0400685, 0.208093, 0.00800486
0.179802, 2, 0.408035, 0.0426644, 0.188608, 0.0080707
0.179802, 3, 0.389341, 0.0303076, 0.221392, 0.0102306
0.19978, 0, 0.402041, -0.0048449, 0.17026, 0.00819878
0.19978, 1, 0.412504, -0.0400685, 0.182889, 0.00800486
0.19978, 2, 0.42754, 0.0426644, 0.174561, 0.0080707
0.19978, 3, 0.409592, 0.0303076, 0.218782, 0.0102306
0.219758, 0, 0.409552, -0.0048449, 0.169514, 0.00819878
0.219758, 1, 0.430129, -0.0416998, 0.15763, 0.00800486
0.219758, 2, 0.447046, 0.0426644, 0.156599, 0.0080707
0.219758, 3, 0.429842, 0.0303076, 0.212256, 0.0102306
0.239736, 0, 0.417063, -0.0048449, 0.164853, 0.00819878
0.239736, 1, 0.439784, -0.0536604, 0.153385, 0.00800486
0.239736, 2, 0.464258, 0.0480477, 0.138777, 0.0080707
0.239736, 3, 0.450093, 0.0303076, 0.201815, 0.0102306
0.259714, 0, 0.423398, -0.0048449, 0.160869, 0.00819878
0.259714, 1, 0.449438, -0.0656211, 0.145225, 0.00800486
0.259714, 2, 0.481171, 0.0540997, 0.117559, 0.0080707
0.259714, 3, 0.470344, 0.0303076, 0.187459, 0.0102306
0.279692, 0, 0.427822, -0.0048449, 0.160201, 0.00819878
0.279692, 1, 0.459092, -0.0775818, 0.133149, 0.00800486
0.279692, 2, 0.498084, 0.0601517, 0.0924266, 0.0080707
0.279692, 3, 0.490595, 0.0303076, 0.169187, 0.0102306
0.29967, 0, 0.430837, -0.0048449, 0.160198, 0.00819878
0.29967, 1, 0.468747, -0.0895424, 0.117159, 0.00800486
0.29967, 2, 0.514996, 0.0662037, 0.0633785, 0.0080707
0.29967, 3, 0.503231, 0.0303076, 0.167027, 0.0102306
0.29967, 4, 0.514206, 0.0151624, 0.230534, 0.00944159
0.319648, 0, 0.432972, -0.0048449, 0.160198, 0.00819878
0.319648, 1, 0.478401, -0.101503, 0.0972524, 0.00800486
0.319648, 2, 0.531909, 0.0722557, 0.030415, 0.0080707
0.319648, 3, 0.511695, 0.0303076, 0.171758, 0.0102306
0.319648, 4, 0.536063, 0.0151624, 0.227723, 0.00944159
0.339626, 0, 0.434264, -0.0048449, 0.160198, 0.00819878
0.339626, 1, 0.488055, -0.113464, 0.0734308, 0.00800486
0.339626, 2, 0.543711, 0.0842029, 0.0156045, 0.0080707
0.339626, 3, 0.520159, 0.0303076, 0.172575, 0.0102306
0.339626, 4, 0.557919, 0.0151624, 0.220996, 0.00944159
0.359604, 0, 0.435319, -0.0048449, 0.159336, 0.00819878
0.359604, 1, 0.49771, -0.125424, 0.0456939, 0.00800486
0.359604, 2, 0.55254, 0.0994827, 0.00957167, 0.0080707
0.359604, 3, 0.528623, 0.0303076, 0.169476, 0.0102306
0.359604, 4, 0.579775, 0.0151624, 0.210354, 0.00944159
0.379582, 0, 0.436742, -0.0048449, 0.156214, 0.00819878
0.379582, 1, 0.507364, -0.137385, 0.0140415, 0.00800486
0.379582, 4, 0.601631, 0.0151624, 0.195796, 0.00944159
0.379582, 3, 0.537087, 0.0303076, 0.162461, 0.0102306
0.39956, 0, 0.437142, -0.00484492, 0.153894, 0.00819878
0.39956, 3, 0.542958, 0.0303076, 0.164222, 0.0102306
0.39956, 4, 0.623487, 0.0151624, 0.177323, 0.00944159
0.39956, 5, 0.608569, 0.0469839, 0.253215, 0.00711282
0.419538, 0, 0.436021, -0.00484485, 0.152423, 0.00819878
0.419538, 3, 0.548681, 0.0303076, 0.162646, 0.0102306
0.419538, 4, 0.642168, 0.0151624, 0.163281, 0.00944159
0.419538, 5, 0.627622, 0.0469839, 0.24914, 0.00711282
0.439516, 6, 0.685583, -0.0312801, 0.274567, 0.00515361
0.439516, 3, 0.552909, 0.0303076, 0.162268, 0.0102306
0.439516, 4, 0.651588, 0.0151624, 0.169203, 0.00944159
0.439516, 5, 0.646675, 0.0469839, 0.241149, 0.00711282
0.459494, 6, 0.704895, -0.0312801, 0.270487, 0.00515361
0.459494, 3, 0.556023, 0.0303076, 0.162229, 0.0102306
0.459494, 4, 0.661008, 0.0151624, 0.17121, 0.00944159
0.459494, 5, 0.665727, 0.0469839, 0.229243, 0.00711282
0.459494, 7, 0.66185, -0.0193833, 0.25799, 0.0110003
0.479472, 6, 0.724207, -0.0312801, 0.262491, 0.00515361
0.479472, 3, 0.558689, 0.0303076, 0.160582, 0.0102306
0.479472, 4, 0.670429, 0.0151624, 0.169302, 0.00944159
0.479472, 5, 0.68478, 0.0469839, 0.213422, 0.00711282
0.479472, 7, 0.679569, -0.0193833, 0.252975, 0.0110003
0.49945, 6, 0.743518, -0.0312801, 0.25058, 0.00515361
0.49945, 3, 0.560668, 0.0303076, 0.157373, 0.0102306
0.49945, 4, 0.679849, 0.0151624, 0.163478, 0.00944159
0.49945, 5, 0.703833, 0.0469839, 0.193685, 0.00711282
0.49945, 7, 0.697287, -0.0193833, 0.244046, 0.0110003
0.519428, 6, 0.76283, -0.0312801, 0.234753, 0.00515361
0.519428, 3, 0.560996, 0.0303, 0.154762, 0.0102306
0.519428, 4, 0.687193, 0.0151624, 0.1629, 0.00944159
0.519428, 5, 0.722886, 0.0469839, 0.170033, 0.00711282
0.519428, 7, 0.715006, -0.0193833, 0.231201, 0.0110003
0.539406, 6, 0.782142, -0.0312801, 0.215011, 0.00515361
0.539406, 3, 0.559965, 0.0303059, 0.152933, 0.0102306
0.539406, 4, 0.693768, 0.0151624, 0.161648, 0.00944159
0.539406, 5, 0.741938, 0.0469839, 0.142465, 0.00711282
0.539406, 7, 0.732725, -0.0193833, 0.214441, 0.0110003
0.559384, 6, 0.801454, -0.0312801, 0.191354, 0.00515361
0.559384, 3, 0.558117, 0.0303079, 0.152066, 0.0102306
0.559384, 4, 0.698893, 0.0151624, 0.161464, 0.00944159
0.559384, 5, 0.760991, 0.0469839, 0.110982, 0.00711282
0.559384, 7, 0.750443, -0.0193833, 0.193765, 0.0110003
0.579362, 6, 0.820766, -0.0312801, 0.163781, 0.00515361
0.579362, 7, 0.768162, -0.0193833, 0.169174, 0.0110003
0.579362, 4, 0.702971, 0.0151624, 0.161441, 0.00944159
0.579362, 5, 0.780044, 0.0469839, 0.0755839, 0.00711282
0.59934, 6, 0.830782, -0.0312801, 0.157153, 0.00515361
0.59934, 7, 0.777038, -0.0193833, 0.171271, 0.0110003
0.59934, 4, 0.706194, 0.0151624, 0.161441, 0.00944159
0.59934, 5, 0.799097, 0.0469839, 0.0362702, 0.00711282
0.59934, 8, 0.826573, 0.0346878, 0.278544, 0.00829138
0.619318, 6, 0.837268, -0.0312801, 0.157153, 0.00515361
0.619318, 7, 0.78289, -0.0193833, 0.179632, 0.0110003
0.619318, 4, 0.708573, 0.0151624, 0.161441, 0.00944159
0.619318, 5, 0.809513, 0.050998, 0.0282128, 0.00711282
0.619318, 8, 0.843361, 0.0346878, 0.275078, 0.00829138
0.639296, 6, 0.842911, -0.0312801, 0.157153, 0.00515361
0.639296, 7, 0.788741, -0.0193833, 0.184078, 0.0110003
0.639296, 4, 0.710322, 0.0151624, 0.161013, 0.00944159
0.639296, 5, 0.816194, 0.0566481, 0.0310555, 0.00711282
0.639296, 8, 0.860149, 0.0346878, 0.267696, 0.00829138
0.659275, 6, 0.84771, -0.0312801, 0.157153, 0.00515361
0.659275, 7, 0.794592, -0.0193833, 0.184609, 0.0110003
0.659275, 4, 0.712492, 0.0151624, 0.157906, 0.00944159
0.659275, 5, 0.822875, 0.0622982, 0.0299829, 0.00711282
0.659275, 8, 0.876937, 0.0346878, 0.256398, 0.00829138
0.659275, 9, 0.888611, 0.0111223, 0.268004, 0.00568052
0.679253, 6, 0.851667, -0.0312801, 0.157153, 0.00515361
0.679253, 7, 0.800443, -0.0193833, 0.181224, 0.0110003
0.679253, 4, 0.713115, 0.0151624, 0.155281, 0.00944159
0.679253, 5, 0.829556, 0.0679483, 0.0249949, 0.00711282
0.679253, 8, 0.893725, 0.0346878, 0.241186, 0.00829138
0.679253, 9, 0.907489, 0.0111223, 0.265193, 0.00568052
0.679253, 10, 0.906929, -0.00747484, 0.278646, 0.00968651
0.699231, 6, 0.85478, -0.0312801, 0.157153, 0.00515361
0.699231, 7, 0.806295, -0.0193833, 0.173924, 0.0110003
0.699231, 4, 0.712465, 0.0151624, 0.153335, 0.00944159
0.699231, 5, 0.835982, 0.0736466, 0.017287, 0.00711282
0.699231, 8, 0.910514, 0.0346878, 0.222058, 0.00829138
0.699231, 9, 0.926366, 0.0111223, 0.258466, 0.00568052
0.699231, 10, 0.92464, -0.00747484, 0.275906, 0.00968651
0.719209, 6, 0.85705, -0.0312801, 0.157153, 0.00515361
0.719209, 7, 0.812141, -0.0193833, 0.162813, 0.0110003
0.719209, 4, 0.710953, 0.0151624, 0.152236, 0.00944159
0.719209, 5, 0.840606, 0.0795729, 0.0137718, 0.00711282
0.719209, 8, 0.927302, 0.0346878, 0.199014, 0.00829138
0.719209, 9, 0.945244, 0.0111223, 0.247824, 0.00568052
0.719209, 10, 0.942352, -0.00747484, 0.269252, 0.00968651
0.739187, 6, 0.858476, -0.0312801, 0.157153, 0.00515361
0.739187, 7, 0.814775, -0.0193833, 0.165806, 0.0110003
0.739187, 10, 0.960063, -0.00747484, 0.258682, 0.00968651
0.739187, 5, 0.84523, 0.0854991, 0.00634124, 0.00711282
0.739187, 8, 0.94409, 0.0346878, 0.172055, 0.00829138
0.739187, 9, 0.964121, 0.0111223, 0.233266, 0.00568052
0.759165, 6, 0.85906, -0.0312801, 0.157153, 0.00515361
0.759165, 7, 0.817675, -0.0193833, 0.160914, 0.0110003
0.759165, 10, 0.977774, -0.00747484, 0.244197, 0.00968651
0.759165, 9, 0.982999, 0.0111223, 0.214793, 0.00568052
0.759165, 8, 0.95431, 0.0346878, 0.164877, 0.00829138
0.779143, 6, 0.859075, -0.0312801, 0.157153, 0.00515361
0.779143, 7, 0.819348, -0.0193833, 0.157891, 0.0110003
0.779143, 10, 0.995486, -0.00747484, 0.225796, 0.00968651
0.779143, 9, 1.00188, 0.0111223, 0.192405, 0.00568052
0.779143, 8, 0.959942, 0.0346878, 0.170006, 0.00829138
0.779143, 11, 0.972898, -0.0445071, 0.203076, 0.00710507
0.799121, 6, 0.859075, -0.0312801, 0.157153, 0.00515361
0.799121, 7, 0.819608, -0.0193833, 0.155332, 0.0110003
0.799121, 10, 1.0132, -0.00747484, 0.20348, 0.00968651
0.799121, 9, 1.02075, 0.0111223, 0.166101, 0.00568052
0.799121, 8, 0.965574, 0.0346878, 0.171219, 0.00829138
0.799121, 11, 0.989433, -0.0445071, 0.200533, 0.00710507
0.819099, 6, 0.859075, -0.0312801, 0.157153, 0.00515361
0.819099, 7, 0.818717, -0.0193833, 0.153428, 0.0110003
0.819099, 10, 1.03091, -0.00747484, 0.177248, 0.00968651
0.819099, 9, 1.03164, 0.0111223, 0.158153, 0.00568052
0.819099, 8, 0.971206, 0.0346878, 0.168518, 0.00829138
0.819099, 11, 1.00597, -0.0445071, 0.194074, 0.00710507
0.819099, 12, 1.02611, 0.0272354, 0.24548, 0.00940573
0.839077, 6, 0.85952, -0.0312801, 0.156147, 0.00515361
0.839077, 7, 0.817048, -0.0193833, 0.15231, 0.0110003
0.839077, 10, 1.04338, -0.00747484, 0.166587, 0.00968651
0.839077, 9, 1.03831, 0.0111223, 0.15768, 0.00568052
0.839077, 8, 0.976838, 0.0346878, 0.161901, 0.00829138
0.839077, 11, 1.0225, -0.0445071, 0.1837, 0.00710507
0.839077, 12, 1.04289, 0.0272354, 0.242911, 0.00940573
0.859055, 6, 0.860104, -0.0312801, 0.154166, 0.00515361
0.859055, 12, 1.05967, 0.0272354, 0.236426, 0.00940573
0.859055, 10, 1.04937, -0.00747484, 0.175665, 0.00968651
0.859055, 9, 1.04383, 0.0111223, 0.15768, 0.00568052
0.859055, 8, 0.97997, 0.0346878, 0.161152, 0.00829138
0.859055, 11, 1.03904, -0.0445071, 0.169411, 0.00710507
0.879033, 6, 0.859726, -0.0312801, 0.152774, 0.00515361
0.879033, 12, 1.07645, 0.0272354, 0.226027, 0.00940573
0.879033, 10, 1.05535, -0.00747484, 0.180826, 0.00968651
0.879033, 9, 1.04851, 0.0111223, 0.15768, 0.00568052
0.879033, 8, 0.982026, 0.0346878, 0.160306, 0.00829138
0.879033, 11, 1.05557, -0.0445071, 0.151206, 0.00710507
0.899011, 6, 0.858773, -0.0312801, 0.152079, 0.00515361
0.899011, 12, 1.09323, 0.0272354, 0.211711, 0.00940573
0.899011, 10, 1.06134, -0.00747484, 0.182073, 0.00968651
0.899011, 9, 1.05234, 0.0111223, 0.15768, 0.00568052
0.899011, 8, 0.982761, 0.0346878, 0.160291, 0.00829138
0.899011, 11, 1.07211, -0.0445071, 0.129086, 0.00710507
0.918989, 11, 1.08864, -0.0445071, 0.103051, 0.00710507
0.918989, 12, 1.11001, 0.0272354, 0.193481, 0.00940573
0.918989, 10, 1.06732, -0.00747484, 0.179404, 0.00968651
0.918989, 9, 1.05533, 0.0111223, 0.15768, 0.00568052
0.918989, 8, 0.982815, 0.0346878, 0.160291, 0.00829138
0.918989, 13, 1.1083, 0.0467713, 0.257761, 0.005336
0.938967, 11, 1.10518, -0.0445071, 0.0731, 0.00710507
0.938967, 12, 1.1268, 0.0272354, 0.171335, 0.00940573
0.938967, 10, 1.07331, -0.00747484, 0.17282, 0.00968651
0.938967, 9, 1.05748, 0.0111223, 0.15768, 0.00568052
0.938967, 8, 0.982815, 0.0346878, 0.160291, 0.00829138
0.938967, 13, 1.12449, 0.0467713, 0.253717, 0.005336
0.938967, 14, 1.09701, -0.0167752, 0.208828, 0.0075014
0.958945, 11, 1.12171, -0.0445071, 0.0392338, 0.00710507
0.958945, 12, 1.13721, 0.0272354, 0.166028, 0.00940573
0.958945, 10, 1.07929, -0.00747484, 0.16232, 0.00968651
0.958945, 9, 1.05878, 0.0111223, 0.15768, 0.00568052
0.958945, 8, 0.982572, 0.0333243, 0.160288, 0.00829138
0.958945, 13, 1.14069, 0.0467713, 0.245757, 0.005336
0.958945, 14, 1.11331, -0.0167752, 0.20417, 0.0075014
0.978923, 11, 1.13181, -0.047471, 0.027781, 0.00710507
0.978923, 12, 1.14304, 0.0272354, 0.17141, 0.00940573
0.978923, 10, 1.08193, -0.00747484, 0.164648, 0.00968651
0.978923, 9, 1.05924, 0.0111223, 0.15768, 0.00568052
0.978923, 8, 0.984271, 0.0331386, 0.157718, 0.00829138
0.978923, 13, 1.15689, 0.0467713, 0.233882, 0.005336
0.978923, 14, 1.12961, -0.0167752, 0.195597, 0.0075014
0.978923, 15, 1.15133, -0.00173297, 0.275963, 0.00843851
0.998901, 11, 1.13748, -0.0523709, 0.0301117, 0.00710507
0.998901, 12, 1.14888, 0.0272354, 0.172877, 0.00940573
0.998901, 10, 1.08429, -0.00747484, 0.164244, 0.00968651
0.998901, 9, 1.05925, 0.0111223, 0.15768, 0.00568052
0.998901, 8, 0.984922, 0.03303, 0.155409, 0.00829138
0.998901, 13, 1.17309, 0.0467713, 0.218092, 0.005336
0.998901, 14, 1.14592, -0.0167752, 0.183108, 0.0075014
0.998901, 15, 1.16743, -0.00173297, 0.272661, 0.00843851
1.01888, 11, 1.14316, -0.0572709, 0.0285271, 0.00710507
1.01888, 12, 1.15471, 0.0272354, 0.170428, 0.00940573
1.01888, 10, 1.08619, -0.00747484, 0.162077, 0.00968651
1.01888, 9, 1.05925, 0.0111223, 0.15768, 0.00568052
1.01888, 8, 0.984576, 0.0329459, 0.15362, 0.00829138
1.01888, 13, 1.18929, 0.0467713, 0.198386, 0.005336
1.01888, 14, 1.16222, -0.0167752, 0.166703, 0.0075014
1.01888, 15, 1.18352, -0.00173297, 0.265444, 0.00843851
1.03886, 11, 1.14883, -0.0621708, 0.0230272, 0.00710507
1.03886, 12, 1.16055, 0.0272354, 0.164064, 0.00940573
1.03886, 10, 1.08682, -0.00747484, 0.161755, 0.00968651
1.03886, 9, 1.05925, 0.0111223, 0.15768, 0.00568052
1.03886, 8, 0.984142, 0.0324471, 0.152497, 0.00829138
1.03886, 13, 1.20548, 0.0467713, 0.174765, 0.005336
1.03886, 14, 1.17288, -0.0167752, 0.161607, 0.0075014
1.03886, 15, 1.19962, -0.00173297, 0.254312, 0.00843851
1.03886, 16, 1.18498, -0.0400048, 0.278924, 0.0116318
1.05883, 11, 1.15325, -0.0666812, 0.019442, 0.00710507
1.05883, 12, 1.16436, 0.0272354, 0.162971, 0.00940573
1.05883, 10, 1.08686, -0.00747484, 0.161685, 0.00968651
1.05883, 9, 1.05925, 0.0111223, 0.15768, 0.00568052
1.05883, 16, 1.1993, -0.0400048, 0.276948, 0.0116318
1.05883, 13, 1.22168, 0.0467713, 0.147228, 0.005336
1.05883, 14, 1.17994, -0.0167752, 0.162107, 0.0075014
1.05883, 15, 1.21571, -0.00173297, 0.239264, 0.00843851
1.07881, 11, 1.15636, -0.0706932, 0.0181522, 0.00710507
1.07881, 12, 1.16721, 0.0272354, 0.162152, 0.00940573
1.07881, 10, 1.08686, -0.00747484, 0.161685, 0.00968651
1.07881, 9, 1.05961, 0.0111223, 0.157043, 0.00568052
1.07881, 16, 1.21362, -0.0400048, 0.271057, 0.0116318
1.07881, 13, 1.23788, 0.0467713, 0.115776, 0.005336
1.07881, 14, 1.18674, -0.0167752, 0.15961, 0.0075014
1.07881, 15, 1.23181, -0.00173297, 0.220301, 0.00843851
1.09879, 11, 1.159, -0.0746101, 0.0164085, 0.00710507
1.09879, 12, 1.16889, 0.0272354, 0.161391, 0.00940573
1.09879, 10, 1.08866, -0.00747484, 0.159395, 0.00968651
1.09879, 9, 1.06032, 0.0111223, 0.15496, 0.00568052
1.09879, 16, 1.22794, -0.0400048, 0.26125, 0.0116318
1.09879, 13, 1.25408, 0.0467713, 0.0804088, 0.005336
1.09879, 14, 1.19161, -0.0167752, 0.159501, 0.0075014
1.09879, 15, 1.2479, -0.00173297, 0.197423, 0.00843851
1.11877, 11, 1.16158, -0.0785274, 0.0111675, 0.00710507
1.11877, 12, 1.1693, 0.0272354, 0.161405, 0.00940573
1.11877, 10, 1.08975, -0.00747484, 0.156909, 0.00968651
1.11877, 9, 1.06015, 0.0111223, 0.153375, 0.00568052
1.11877, 16, 1.24226, -0.0400048, 0.247528, 0.0116318
1.11877, 13, 1.27028, 0.0467713, 0.041126, 0.005336
1.11877, 14, 1.19551, -0.0167752, 0.159501, 0.0075014
1.11877, 15, 1.264, -0.00173297, 0.170629, 0.00843851
1.13875, 11, 1.16416, -0.0824447, 0.00201105, 0.00710507
1.13875, 12, 1.1693, 0.0272354, 0.161405, 0.00940573
1.13875, 10, 1.0898, -0.00747484, 0.15484, 0.00968651
1.13875, 9, 1.05936, 0.0111223, 0.152386, 0.00568052
1.13875, 16, 1.25658, -0.0400048, 0.229891, 0.0116318
1.13875, 13, 1.2804, 0.0487895, 0.0220906, 0.005336
1.13875, 14, 1.19857, -0.0167752, 0.159501, 0.0075014
1.13875, 15, 1.27317, -0.00173297, 0.165425, 0.00843851
1.15872, 15, 1.27842, -0.00173297, 0.17046, 0.00843851
1.15872, 12, 1.1693, 0.0272354, 0.161405, 0.00940573
1.15872, 10, 1.08902, -0.00747484, 0.153295, 0.00968651
1.15872, 14, 1.20079, -0.0167752, 0.159501, 0.0075014
1.15872, 16, 1.2709, -0.0400048, 0.208339, 0.0116318
1.15872, 13, 1.28486, 0.0522197, 0.0209852, 0.005336
1.1787, 15, 1.28367, -0.00173297, 0.17158, 0.00843851
1.1787, 12, 1.1693, 0.0272354, 0.161405, 0.00940573
1.1787, 10, 1.08768, -0.00747484, 0.152345, 0.00968651
1.1787, 14, 1.20216, -0.0167752, 0.159501, 0.0075014
1.1787, 16, 1.28522, -0.0400048, 0.182871, 0.0116318
1.1787, 13, 1.2886, 0.0557221, 0.0201022, 0.005336
1.19868, 15, 1.28893, -0.00173297, 0.168785, 0.00843851
1.19868, 12, 1.16978, 0.0272354, 0.160758, 0.00940573
1.19868, 13, 1.29178, 0.0593101, 0.0191977, 0.005336
1.19868, 14, 1.20269, -0.0167752, 0.159501, 0.0075014
1.19868, 16, 1.29707, -0.0429093, 0.164335, 0.0116318
1.21866, 15, 1.29418, -0.00173297, 0.162074, 0.00843851
1.21866, 12, 1.17147, 0.0272354, 0.158323, 0.00940573
1.21866, 13, 1.29445, 0.062937, 0.0182834, 0.005336
1.21866, 14, 1.2027, -0.0167752, 0.159501, 0.0075014
1.21866, 16, 1.30208, -0.0535637, 0.171361, 0.0116318
1.21866, 17, 1.31707, -0.0449337, 0.295637, 0.00474262
1.23864, 15, 1.29702, -0.00173297, 0.161525, 0.00843851
1.23864, 12, 1.17214, 0.0272354, 0.156159, 0.00940573
1.23864, 13, 1.29668, 0.0665628, 0.0173693, 0.005336
1.23864, 14, 1.2027, -0.0167752, 0.159501, 0.0075014
1.23864, 16, 1.30709, -0.0642181, 0.174471, 0.0116318
1.23864, 17, 1.3325, -0.0449337, 0.292661, 0.00474262
1.23864, 18, 1.32853, 0.0349238, 0.287609, 0.0072293
1.25861, 15, 1.29893, -0.00173297, 0.160543, 0.00843851
1.25861, 12, 1.17196, 0.0272354, 0.154376, 0.00940573
1.25861, 13, 1.29852, 0.0701553, 0.0164636, 0.005336
1.25861, 14, 1.20307, -0.0167752, 0.158957, 0.0075014
1.25861, 16, 1.3121, -0.0748724, 0.173666, 0.0116318
1.25861, 17, 1.34793, -0.0449337, 0.285769, 0.00474262
1.25861, 18, 1.34368, 0.0349238, 0.283033, 0.0072293
1.27859, 15, 1.29947, -0.00173297, 0.160438, 0.00843851
1.27859, 12, 1.17111, 0.0272354, 0.153063, 0.00940573
1.27859, 13, 1.30008, 0.0736915, 0.0148627, 0.005336
1.27859, 14, 1.20409, -0.0167752, 0.156789, 0.0075014
1.27859, 16, 1.31711, -0.0855268, 0.168945, 0.0116318
1.27859, 17, 1.36337, -0.0449337, 0.274962, 0.00474262
1.27859, 18, 1.35883, 0.0349238, 0.274542, 0.0072293
1.27859, 19, 1.38078, 0.0341023, 0.259552, 0.00820391
1.29857, 15, 1.29947, -0.00173297, 0.160438, 0.00843851
1.29857, 12, 1.16983, 0.0272354, 0.152276, 0.00940573
1.29857, 13, 1.3016, 0.0772018, 0.00972165, 0.005336
1.29857, 14, 1.2043, -0.0167752, 0.154958, 0.0075014
1.29857, 16, 1.32212, -0.0961811, 0.160309, 0.0116318
1.29857, 17, 1.3788, -0.0449337, 0.260239, 0.00474262
1.29857, 18, 1.37398, 0.0349238, 0.262136, 0.0072293
1.29857, 19, 1.39531, 0.0341023, 0.255368, 0.00820391
1.31855, 15, 1.29947, -0.00173297, 0.160438, 0.00843851
1.31855, 19, 1.40985, 0.0341023, 0.247269, 0.00820391
1.31855, 13, 1.30313, 0.0807122, 0.000665239, 0.005336
1.31855, 14, 1.20386, -0.0167752, 0.153533, 0.0075014
1.31855, 16, 1.32713, -0.106836, 0.147758, 0.0116318
1.31855, 17, 1.39424, -0.0449337, 0.241601, 0.00474262
1.31855, 18, 1.38913, 0.0349238, 0.245814, 0.0072293
1.33853, 15, 1.29947, -0.00173297, 0.160438, 0.00843851
1.33853, 19, 1.42439, 0.0341023, 0.235255, 0.00820391
1.33853, 18, 1.40428, 0.0349238, 0.225577, 0.0072293
1.33853, 14, 1.20294, -0.0167752, 0.15256, 0.0075014
1.33853, 16, 1.33214, -0.11749, 0.131291, 0.0116318
1.33853, 17, 1.40967, -0.0449337, 0.219048, 0.00474262
1.33853, 20, 1.38644, -0.00552215, 0.203018, 0.00720752
1.35851, 15, 1.29947, -0.00173297, 0.160438, 0.00843851
1.35851, 19, 1.43892, 0.0341023, 0.219325, 0.00820391
1.35851, 18, 1.41943, 0.0349238, 0.201424, 0.0072293
1.35851, 14, 1.20175, -0.0167752, 0.15207, 0.0075014
1.35851, 16, 1.33715, -0.128144, 0.110909, 0.0116318
1.35851, 17, 1.4251, -0.0449337, 0.192579, 0.00474262
1.35851, 20, 1.39953, -0.00552215, 0.199098, 0.00720752
1.37848, 15, 1.29947, -0.00173297, 0.160438, 0.00843851
1.37848, 19, 1.45346, 0.0341023, 0.19948, 0.00820391
1.37848, 18, 1.43457, 0.0349238, 0.173356, 0.0072293
1.37848, 20, 1.41262, -0.00552215, 0.191262, 0.00720752
1.37848, 16, 1.34216, -0.138799, 0.0866116, 0.0116318
1.37848, 17, 1.44054, -0.0449337, 0.162195, 0.00474262
1.37848, 21, 1.44437, 0.0345274, 0.242918, 0.00805835
1.39846, 15, 1.29979, -0.00173297, 0.159956, 0.00843851
1.39846, 19, 1.46799, 0.0341023, 0.17572, 0.00820391
1.39846, 18, 1.44419, 0.0349238, 0.162088, 0.0072293
1.39846, 20, 1.42571, -0.00552215, 0.179511, 0.00720752
1.39846, 16, 1.34717, -0.149453, 0.0583988, 0.0116318
1.39846, 17, 1.45597, -0.0449337, 0.127895, 0.00474262
1.39846, 21, 1.4563, 0.0345274, 0.239313, 0.00805835
1.41844, 15, 1.30111, -0.00173297, 0.157873, 0.00843851
1.41844, 19, 1.47851, 0.0341023, 0.162974, 0.00820391
1.41844, 18, 1.44892, 0.0349238, 0.16478, 0.0072293
1.41844, 20, 1.4388, -0.00552215, 0.163844, 0.00720752
1.41844, 16, 1.35218, -0.160107, 0.0262706, 0.0116318
1.41844, 17, 1.4714, -0.0449337, 0.0896802, 0.00474262
1.41844, 21, 1.46822, 0.0345274, 0.231791, 0.00805835
1.43842, 15, 1.30166, -0.00173297, 0.156004, 0.00843851
1.43842, 19, 1.48318, 0.0341023, 0.167577, 0.00820391
1.43842, 18, 1.45365, 0.0349238, 0.163557, 0.0072293
1.43842, 20, 1.44622, -0.00552215, 0.161237, 0.00720752
1.43842, 22, 1.45158, -0.0424435, 0.242839, 0.00607004
1.43842, 17, 1.48684, -0.0449337, 0.0475499, 0.00474262
1.43842, 21, 1.48015, 0.0345274, 0.220355, 0.00805835
1.4584, 15, 1.30165, -0.00173297, 0.154449, 0.00843851
1.4584, 19, 1.48784, 0.0341023, 0.168265, 0.00820391
1.4584, 18, 1.45814, 0.0349238, 0.159329, 0.0072293
1.4584, 20, 1.45157, -0.00552215, 0.16076, 0.00720752
1.4584, 22, 1.46443, -0.0424435, 0.238872, 0.00607004
1.4584, 17, 1.49769, -0.0465582, 0.0218006, 0.00474262
1.4584, 21, 1.49208, 0.0345274, 0.205003, 0.00805835
1.4584, 23, 1.48122, 0.011841, 0.231761, 0.010641
1.47837, 15, 1.30091, -0.00173297, 0.153236, 0.00843851
1.47837, 19, 1.4925, 0.0341023, 0.165038, 0.00820391
1.47837, 18, 1.46023, 0.0349238, 0.159229, 0.0072293
1.47837, 20, 1.45604, -0.00552215, 0.159209, 0.00720752
1.47837, 22, 1.47727, -0.0424435, 0.23099, 0.00607004
1.47837, 17, 1.5021, -0.0502686, 0.0208652, 0.00474262
1.47837, 21, 1.504, 0.0345274, 0.185735, 0.00805835
1.47837, 23, 1.49318, 0.011841, 0.228744, 0.010641
1.49835, 15, 1.29989, -0.00173297, 0.152435, 0.00843851
1.49835, 19, 1.4965, 0.0341023, 0.160627, 0.00820391
1.49835, 18, 1.46127, 0.0349238, 0.159229, 0.0072293
1.49835, 20, 1.45892, -0.00552215, 0.159207, 0.00720752
1.49835, 22, 1.49012, -0.0424435, 0.219192, 0.00607004
1.49835, 17, 1.50592, -0.054096, 0.0199003, 0.00474262
1.49835, 21, 1.51593, 0.0345274, 0.162553, 0.00805835
1.49835, 23, 1.50514, 0.011841, 0.22181, 0.010641
1.51833, 15, 1.29864, -0.00173297, 0.152059, 0.00843851
1.51833, 19, 1.49848, 0.0341023, 0.160204, 0.00820391
1.51833, 18, 1.4615, 0.0349238, 0.159229, 0.0072293
1.51833, 20, 1.46095, -0.00552215, 0.159207, 0.00720752
1.51833, 22, 1.50297, -0.0424435, 0.203479, 0.00607004
1.51833, 17, 1.50919, -0.0579932, 0.0189178, 0.00474262
1.51833, 21, 1.52054, 0.0345274, 0.164784, 0.00805835
1.51833, 23, 1.51711, 0.011841, 0.210962, 0.010641
1.53831, 23, 1.52907, 0.011841, 0.196198, 0.010641
1.53831, 19, 1.49919, 0.0341023, 0.160203, 0.00820391
1.53831, 18, 1.4615, 0.0349238, 0.159229, 0.0072293
1.53831, 20, 1.46215, -0.00552215, 0.159207, 0.00720752
1.53831, 22, 1.51582, -0.0424435, 0.183851, 0.00607004
1.53831, 17, 1.51197, -0.0619185, 0.0179282, 0.00474262
1.53831, 21, 1.52423, 0.0345274, 0.166642, 0.00805835
1.55829, 23, 1.54103, 0.011841, 0.177519, 0.010641
1.55829, 19, 1.49923, 0.0341023, 0.160203, 0.00820391
1.55829, 18, 1.4615, 0.0349238, 0.159229, 0.0072293
1.55829, 20, 1.4625, -0.00552215, 0.159207, 0.00720752
1.55829, 22, 1.52866, -0.0424435, 0.160307, 0.00607004
1.55829, 17, 1.51432, -0.0658366, 0.0169405, 0.00474262
1.55829, 21, 1.52791, 0.0345274, 0.164584, 0.00805835
1.57826, 23, 1.55052, 0.011841, 0.165357, 0.010641
1.57826, 19, 1.49923, 0.0341023, 0.160203, 0.00820391
1.57826, 18, 1.4615, 0.0349238, 0.159229, 0.0072293
1.57826, 20, 1.4625, -0.00552215, 0.159207, 0.00720752
1.57826, 22, 1.54151, -0.0424435, 0.132848, 0.00607004
1.57826, 17, 1.51629, -0.0697184, 0.0159619, 0.00474262
1.57826, 21, 1.53119, 0.0345274, 0.160316, 0.00805835
1.59824, 23, 1.55415, 0.011841, 0.173297, 0.010641
1.59824, 19, 1.49923, 0.0341023, 0.160203, 0.00820391
1.59824, 18, 1.4615, 0.0349238, 0.159229, 0.0072293
1.59824, 20, 1.4625, -0.00552215, 0.159207, 0.00720752
1.59824, 22, 1.55436, -0.0424435, 0.101473, 0.00607004
1.59824, 17, 1.51797, -0.0735322, 0.0142437, 0.00474262
1.59824, 21, 1.53249, 0.0345274, 0.160087, 0.00805835
1.59824, 24, 1.5456, 0.0332432, 0.2878, 0.00590224
1.61822, 23, 1.55778, 0.011841, 0.177322, 0.010641
1.61822, 19, 1.49923, 0.0341023, 0.160203, 0.00820391
1.61822, 18, 1.4615, 0.0349238, 0.159229, 0.0072293
1.61822, 20, 1.4625, -0.00552215, 0.159207, 0.00720752
1.61822, 22, 1.5672, -0.0424435, 0.066183, 0.00607004
1.61822, 17, 1.51963, -0.0773007, 0.00887814, 0.00474262
1.61822, 21, 1.53269, 0.0345274, 0.160058, 0.00805835
1.61822, 24, 1.55661, 0.0332432, 0.283591, 0.00590224
1.61822, 25, 1.55665, 0.00220194, 0.234278, 0.00854962
1.6382, 23, 1.56141, 0.011841, 0.177431, 0.010641
1.6382, 19, 1.49923, 0.0341023, 0.160203, 0.00820391
1.6382, 18, 1.4615, 0.0349238, 0.159229, 0.0072293
1.6382, 20, 1.4625, -0.00552215, 0.159207, 0.00720752
1.6382, 22, 1.58005, -0.0424435, 0.0269776, 0.00607004
1.6382, 25, 1.56781, 0.00220194, 0.230625, 0.00854962
1.6382, 21, 1.53269, 0.0345274, 0.160058, 0.00805835
1.6382, 24, 1.56763, 0.0332432, 0.275466, 0.00590224
1.65818, 23, 1.56505, 0.011841, 0.173625, 0.010641
1.65818, 19, 1.49923, 0.0341023, 0.160203, 0.00820391
1.65818, 18, 1.46148, 0.0348763, 0.159222, 0.0072293
1.65818, 20, 1.4625, -0.00552215, 0.159207, 0.00720752
1.65818, 22, 1.5846, -0.0462252, 0.0256391, 0.00607004
1.65818, 25, 1.57897, 0.00220194, 0.223058, 0.00854962
1.65818, 21, 1.53269, 0.0345274, 0.160058, 0.00805835
1.65818, 24, 1.57864, 0.0332432, 0.263426, 0.00590224
1.67815, 23, 1.56868, 0.011841, 0.165904, 0.010641
1.67815, 19, 1.49923, 0.0341023, 0.160203, 0.00820391
1.67815, 18, 1.46155, 0.0341023, 0.158777, 0.0072293
1.67815, 20, 1.46264, -0.00552215, 0.158973, 0.00720752
1.67815, 22, 1.58848, -0.0502511, 0.0235426, 0.00607004
1.67815, 25, 1.59012, 0.00220194, 0.211575, 0.00854962
1.67815, 21, 1.53269, 0.0345274, 0.160058, 0.00805835
1.67815, 24, 1.58966, 0.0332432, 0.24747, 0.00590224
1.69813, 23, 1.5706, 0.011841, 0.164962, 0.010641
1.69813, 19, 1.49923, 0.0341023, 0.160203, 0.00820391
1.69813, 18, 1.46238, 0.0340146, 0.15691, 0.0072293
1.69813, 20, 1.46352, -0.00552215, 0.157078, 0.00720752
1.69813, 22, 1.59146, -0.0537862, 0.0213472, 0.00607004
1.69813, 25, 1.60128, 0.00220194, 0.196176, 0.00854962
1.69813, 21, 1.53269, 0.0345274, 0.160058, 0.00805835
1.69813, 24, 1.60067, 0.0332432, 0.227599, 0.00590224
1.69813, 26, 1.62889, 0.0200997, 0.294451, 0.00965582
1.71811, 23, 1.57163, 0.011841, 0.165523, 0.010641
1.71811, 19, 1.49918, 0.0339177, 0.160203, 0.00820391
1.71811, 18, 1.4626, 0.0339381, 0.155289, 0.0072293
1.71811, 20, 1.46411, -0.0055221, 0.155487, 0.00720752
1.71811, 22, 1.59354, -0.0569896, 0.0205396, 0.00607004
1.71811, 25, 1.61244, 0.00220194, 0.176862, 0.00854962
1.71811, 21, 1.53269, 0.0345274, 0.160058, 0.00805835
1.71811, 24, 1.61168, 0.0332432, 0.203813, 0.00590224
1.71811, 26, 1.64171, 0.0200997, 0.28873, 0.00965582
1.73809, 23, 1.57261, 0.011841, 0.162706, 0.010641
1.73809, 19, 1.49952, 0.0332938, 0.159424, 0.00820391
1.73809, 18, 1.46276, 0.03388, 0.154021, 0.0072293
1.73809, 20, 1.46401, -0.00552214, 0.154157, 0.00720752
1.73809, 22, 1.59521, -0.0601664, 0.0197387, 0.00607004
1.73809, 25, 1.62152, 0.00220194, 0.162209, 0.00854962
1.73809, 21, 1.53269, 0.0345274, 0.160058, 0.00805835
1.73809, 24, 1.6227, 0.0332432, 0.176111, 0.00590224
1.73809, 26, 1.65453, 0.0200997, 0.279093, 0.00965582
1.75807, 23, 1.57281, 0.011841, 0.162877, 0.010641
1.75807, 19, 1.50035, 0.0332078, 0.1576, 0.00820391
1.75807, 18, 1.46288, 0.0336662, 0.153097, 0.0072293
1.75807, 20, 1.46348, -0.00552215, 0.153139, 0.00720752
1.75807, 22, 1.59655, -0.063286, 0.0189523, 0.00607004
1.75807, 25, 1.62481, 0.00220194, 0.16684, 0.00854962
1.75807, 21, 1.53269, 0.0345274, 0.160058, 0.00805835
1.75807, 24, 1.63044, 0.0332432, 0.158602, 0.00590224
1.75807, 26, 1.66736, 0.0200997, 0.265542, 0.00965582
1.77804, 23, 1.57286, 0.011841, 0.162636, 0.010641
1.77804, 19, 1.50097, 0.0331371, 0.156074, 0.00820391
1.77804, 18, 1.46206, 0.0336618, 0.152423, 0.0072293
1.77804, 20, 1.46266, -0.00552215, 0.152451, 0.00720752
1.77804, 22, 1.59759, -0.0663258, 0.018186, 0.00607004
1.77804, 25, 1.62811, 0.00220194, 0.167556, 0.00854962
1.77804, 21, 1.53258, 0.0341584, 0.160055, 0.00805835
1.77804, 24, 1.63321, 0.0332432, 0.157906, 0.00590224
1.77804, 26, 1.68018, 0.0200997, 0.248075, 0.00965582
1.79802, 23, 1.57286, 0.011841, 0.16264, 0.010641
1.79802, 19, 1.50092, 0.0330753, 0.154761, 0.00820391
1.79802, 18, 1.46106, 0.0336618, 0.152073, 0.0072293
1.79802, 20, 1.46167, -0.00552215, 0.152087, 0.00720752
1.79802, 22, 1.59841, -0.0692692, 0.0174439, 0.00607004
1.79802, 25, 1.6314, 0.00220194, 0.164356, 0.00854962
1.79802, 21, 1.5326, 0.0334319, 0.15974, 0.00805835
1.79802, 24, 1.63443, 0.0332432, 0.157902, 0.00590224
1.79802, 26, 1.693, 0.0200997, 0.226692, 0.00965582
1.79802, 27, 1.68318, 0.00756796, 0.22492, 0.00533079
1.79802, 28, 1.65707, -0.0247774, 0.252672, 0.00877921
1.818, 23, 1.57286, 0.011841, 0.16264, 0.010641
1.818, 19, 1.5005, 0.0330251, 0.153694, 0.00820391
1.818, 28, 1.66738, -0.0247774, 0.250257, 0.00877921
1.818, 27, 1.69247, 0.00756796, 0.219209, 0.00533079
1.818, 22, 1.59903, -0.0721044, 0.0166934, 0.00607004
1.818, 25, 1.63386, 0.00220194, 0.161188, 0.00854962
1.818, 21, 1.53341, 0.0333567, 0.158054, 0.00805835
1.818, 24, 1.6348, 0.0332432, 0.157902, 0.00590224
1.818, 26, 1.70583, 0.0200997, 0.201395, 0.00965582
1.83798, 23, 1.57286, 0.011841, 0.16264, 0.010641
1.83798, 19, 1.50061, 0.0327408, 0.152946, 0.00820391
1.83798, 28, 1.67769, -0.0247774, 0.243928, 0.00877921
1.83798, 27, 1.70177, 0.00756796, 0.209583, 0.00533079
1.83798, 22, 1.59956, -0.0749504, 0.0145306, 0.00607004
1.83798, 25, 1.63492, 0.00220194, 0.160572, 0.00854962
1.83798, 21, 1.5329, 0.033303, 0.156261, 0.00805835
1.83798, 24, 1.6348, 0.0332432, 0.157902, 0.00590224
1.83798, 26, 1.71865, 0.0200997, 0.172181, 0.00965582
1.85796, 23, 1.57316, 0.011841, 0.162252, 0.010641
1.85796, 19, 1.4997, 0.0327417, 0.152382, 0.00820391
1.85796, 28, 1.688, -0.0247774, 0.233683, 0.00877921
1.85796, 27, 1.71107, 0.00756796, 0.196042, 0.00533079
1.85796, 22, 1.60007, -0.0778455, 0.00877675, 0.00607004
1.85796, 25, 1.63507, 0.00220194, 0.160549, 0.00854962
1.85796, 21, 1.53192, 0.0332528, 0.154812, 0.00805835
1.85796, 24, 1.6348, 0.0332432, 0.157902, 0.00590224
1.85796, 26, 1.72545, 0.0200997, 0.169166, 0.00965582
1.87793, 23, 1.5743, 0.011841, 0.160537, 0.010641
1.87793, 19, 1.49867, 0.0327408, 0.152083, 0.00820391
1.87793, 28, 1.6983, -0.0247774, 0.219522, 0.00877921
1.87793, 27, 1.72036, 0.00756796, 0.178585, 0.00533079
1.87793, 29, 1.69921, -0.0422242, 0.237661, 0.00660093
1.87793, 25, 1.63507, 0.00220194, 0.160549, 0.00854962
1.87793, 21, 1.53086, 0.0332048, 0.153763, 0.00805835
1.87793, 24, 1.6348, 0.0332432, 0.157902, 0.00590224
1.87793, 26, 1.72896, 0.0200997, 0.178205, 0.00965582
1.89791, 23, 1.57526, 0.011841, 0.159019, 0.010641
1.89791, 26, 1.73247, 0.0200997, 0.183328, 0.00965582
1.89791, 28, 1.70861, -0.0247774, 0.201447, 0.00877921
1.89791, 27, 1.72966, 0.00756796, 0.157261, 0.00533079
1.89791, 29, 1.70742, -0.0422242, 0.234303, 0.00660093
1.89791, 25, 1.63507, 0.00220194, 0.160549, 0.00854962
1.89791, 21, 1.5301, 0.0330426, 0.153032, 0.00805835
1.89791, 24, 1.6348, 0.0332432, 0.157902, 0.00590224
1.91789, 23, 1.5757, 0.0118409, 0.15763, 0.010641
1.91789, 26, 1.73598, 0.0200997, 0.184535, 0.00965582
1.91789, 28, 1.71892, -0.0247774, 0.179455, 0.00877921
1.91789, 27, 1.73194, 0.00756796, 0.157331, 0.00533079
1.91789, 29, 1.71562, -0.0422242, 0.227029, 0.00660093
1.91789, 25, 1.63507, 0.00220194, 0.160549, 0.00854962
1.91789, 21, 1.52923, 0.0330318, 0.152557, 0.00805835
1.91789, 24, 1.6348, 0.0332432, 0.157902, 0.00590224
1.91789, 30, 1.72577, 0.00862933, 0.264558, 0.00930537
1.93787, 23, 1.57577, 0.011841, 0.156387, 0.010641
1.93787, 26, 1.73949, 0.0200997, 0.181827, 0.00965582
1.93787, 28, 1.72738, -0.0247774, 0.162633, 0.00877921
1.93787, 27, 1.73329, 0.00756796, 0.157331, 0.00533079
1.93787, 29, 1.72383, -0.0422242, 0.21584, 0.00660093
1.93787, 25, 1.63507, 0.00220194, 0.160549, 0.00854962
1.93787, 21, 1.52842, 0.0330297, 0.152271, 0.00805835
1.93787, 24, 1.6348, 0.0332432, 0.157902, 0.00590224
1.93787, 30, 1.73494, 0.00862933, 0.259627, 0.00930537
1.95785, 23, 1.57554, 0.011841, 0.155303, 0.010641
1.95785, 26, 1.743, 0.0200997, 0.175204, 0.00965582
1.95785, 28, 1.73017, -0.0247774, 0.168777, 0.00877921
1.95785, 27, 1.7338, 0.00756796, 0.157331, 0.00533079
1.95785, 29, 1.73204, -0.0422242, 0.200736, 0.00660093
1.95785, 25, 1.63507, 0.00220194, 0.160549, 0.00854962
1.95785, 30, 1.7441, 0.00862933, 0.25078, 0.00930537
1.95785, 24, 1.6348, 0.0332432, 0.157902, 0.00590224
1.97782, 23, 1.57508, 0.011841, 0.154378, 0.010641
1.97782, 26, 1.74651, 0.0200997, 0.164666, 0.00965582
1.97782, 28, 1.73296, -0.0247774, 0.171006, 0.00877921
1.97782, 27, 1.7338, 0.00756796, 0.157331, 0.00533079
1.97782, 29, 1.74024, -0.0422242, 0.181716, 0.00660093
1.97782, 25, 1.63507, 0.00220194, 0.160549, 0.00854962
1.97782, 30, 1.75326, 0.00862933, 0.238017, 0.00930537
1.97782, 24, 1.6348, 0.0332432, 0.157902, 0.00590224
1.9978, 23, 1.57443, 0.011841, 0.153614, 0.010641
1.9978, 26, 1.74806, 0.0200997, 0.164434, 0.00965582
1.9978, 28, 1.73575, -0.0247774, 0.169319, 0.00877921
1.9978, 27, 1.7338, 0.00756796, 0.157331, 0.00533079
1.9978, 29, 1.74845, -0.0422242, 0.158781, 0.00660093
1.9978, 25, 1.63507, 0.00220194, 0.160549, 0.00854962
1.9978, 30, 1.76243, 0.00862933, 0.22134, 0.00930537
1.9978, 24, 1.6348, 0.0332432, 0.157902, 0.00590224
1.9978, 31, 1.77662, 0.00239467, 0.291757, 0.00772355
2.01778, 23, 1.57363, 0.011841, 0.153007, 0.010641
2.01778, 26, 1.74892, 0.0200997, 0.164971, 0.00965582
2.01778, 28, 1.73854, -0.0247774, 0.163717, 0.00877921
2.01778, 27, 1.7338, 0.00756796, 0.157331, 0.00533079
2.01778, 29, 1.75665, -0.0422242, 0.13193, 0.00660093
2.01778, 25, 1.63507, 0.00220194, 0.160549, 0.00854962
2.01778, 30, 1.77159, 0.00862933, 0.200746, 0.00930537
2.01778, 24, 1.6348, 0.0332432, 0.157902, 0.00590224
2.01778, 31, 1.78368, 0.00239467, 0.288693, 0.00772355
2.03776, 23, 1.57272, 0.011841, 0.152551, 0.010641
2.03776, 26, 1.74979, 0.0200997, 0.161609, 0.00965582
2.03776, 28, 1.74006, -0.0247774, 0.161978, 0.00877921
2.03776, 27, 1.7338, 0.00756796, 0.157331, 0.00533079
2.03776, 29, 1.76486, -0.0422242, 0.101164, 0.00660093
2.03776, 25, 1.63507, 0.00220194, 0.160549, 0.00854962
2.03776, 30, 1.78075, 0.00862933, 0.176238, 0.00930537
2.03776, 24, 1.6348, 0.0332432, 0.157902, 0.00590224
2.03776, 31, 1.79075, 0.00239467, 0.281713, 0.00772355
2.05774, 23, 1.57175, 0.011841, 0.15224, 0.010641
2.05774, 26, 1.74994, 0.0200997, 0.161771, 0.00965582
2.05774, 28, 1.74081, -0.0247774, 0.160859, 0.00877921
2.05774, 27, 1.7338, 0.00756796, 0.157331, 0.00533079
2.05774, 29, 1.77306, -0.0422242, 0.0664831, 0.00660093
2.05774, 25, 1.63561, 0.00220194, 0.159458, 0.00854962
2.05774, 30, 1.7869, 0.00862933, 0.165291, 0.00930537
2.05774, 24, 1.6348, 0.0332432, 0.157902, 0.00590224
2.05774, 31, 1.79781, 0.00239467, 0.270818, 0.00772355
2.05774, 32, 1.7857, 0.0421348, 0.218349, 0.0135021
2.07771, 23, 1.57074, 0.011841, 0.15207, 0.010641
2.07771, 26, 1.74996, 0.0200997, 0.161655, 0.00965582
2.07771, 28, 1.74095, -0.0247774, 0.160778, 0.00877921
2.07771, 27, 1.7338, 0.00756796, 0.157331, 0.00533079
2.07771, 29, 1.78127, -0.0422242, 0.0278865, 0.00660093
2.07771, 25, 1.63616, 0.00220195, 0.158396, 0.00854962
2.07771, 30, 1.78915, 0.00862933, 0.17234, 0.00930537
2.07771, 24, 1.6348, 0.0332432, 0.157902, 0.00590224
2.07771, 31, 1.80487, 0.00239467, 0.256008, 0.00772355
2.07771, 32, 1.79214, 0.0421348, 0.213562, 0.0135021
2.09769, 32, 1.79859, 0.0421348, 0.204859, 0.0135021
2.09769, 26, 1.74996, 0.0200997, 0.161655, 0.00965582
2.09769, 28, 1.74095, -0.0247774, 0.160778, 0.00877921
2.09769, 27, 1.7338, 0.00756796, 0.157331, 0.00533079
2.09769, 29, 1.78404, -0.0461223, 0.0279588, 0.00660093
2.09769, 25, 1.63639, 0.00220194, 0.157416, 0.00854962
2.09769, 30, 1.79141, 0.00862933, 0.175474, 0.00930537
2.09769, 24, 1.63505, 0.0332432, 0.157193, 0.00590224
2.09769, 31, 1.81194, 0.00239467, 0.237282, 0.00772355
2.11767, 32, 1.80503, 0.0421348, 0.192241, 0.0135021
2.11767, 26, 1.74996, 0.0200997, 0.161655, 0.00965582
2.11767, 28, 1.74095, -0.0247774, 0.160778, 0.00877921
2.11767, 27, 1.7338, 0.00756796, 0.157331, 0.00533079
2.11767, 29, 1.78628, -0.0503102, 0.0278344, 0.00660093
2.11767, 25, 1.63645, 0.00220194, 0.156517, 0.00854962
2.11767, 30, 1.79367, 0.00862933, 0.174692, 0.00930537
2.11767, 24, 1.63522, 0.0332432, 0.156334, 0.00590224
2.11767, 31, 1.819, 0.00239467, 0.214641, 0.00772355
2.13765, 32, 1.81148, 0.0421348, 0.175708, 0.0135021
2.13765, 26, 1.74996, 0.0200997, 0.161655, 0.00965582
2.13765, 28, 1.74095, -0.0247774, 0.160778, 0.00877921
2.13765, 27, 1.7338, 0.00756796, 0.157331, 0.00533079
2.13765, 29, 1.78853, -0.0544981, 0.0237947, 0.00660093
2.13765, 25, 1.63634, 0.00220194, 0.15571, 0.00854962
2.13765, 30, 1.79593, 0.00862933, 0.169995, 0.00930537
2.13765, 24, 1.63522, 0.0332432, 0.155562, 0.00590224
2.13765, 31, 1.82607, 0.00239467, 0.188085, 0.00772355
2.15763, 32, 1.81647, 0.0453086, 0.164769, 0.0135021
2.15763, 26, 1.74996, 0.0200997, 0.161655, 0.00965582
2.15763, 28, 1.74095, -0.0247774, 0.160778, 0.00877921
2.15763, 27, 1.7338, 0.00756796, 0.157331, 0.00533079
2.15763, 29, 1.79009, -0.0580233, 0.0208268, 0.00660093
2.15763, 25, 1.63608, 0.00220194, 0.155, 0.00854962
2.15763, 30, 1.79819, 0.00862933, 0.161382, 0.00930537
2.15763, 24, 1.63508, 0.0332432, 0.154883, 0.00590224
2.15763, 31, 1.83285, 0.00239467, 0.159938, 0.00772355
2.1776, 32, 1.81866, 0.0543751, 0.167897, 0.0135021
2.1776, 26, 1.74996, 0.0200997, 0.161655, 0.00965582
2.1776, 28, 1.74095, -0.0247774, 0.160778, 0.00877921
2.1776, 27, 1.7338, 0.00756796, 0.157331, 0.00533079
2.1776, 29, 1.79096, -0.060815, 0.0201227, 0.00660093
2.1776, 25, 1.63571, 0.00220194, 0.154388, 0.00854962
2.1776, 30, 1.79875, 0.00862933, 0.163268, 0.00930537
2.1776, 24, 1.63483, 0.0332432, 0.154298, 0.00590224
2.1776, 31, 1.8344, 0.00239467, 0.166257, 0.00772355
2.19758, 32, 1.82085, 0.0634416, 0.16711, 0.0135021
2.19758, 26, 1.74996, 0.0200997, 0.161655, 0.00965582
2.19758, 28, 1.74095, -0.0247774, 0.160778, 0.00877921
2.19758, 27, 1.7338, 0.00756796, 0.157331, 0.00533079
2.19758, 29, 1.79161, -0.0635024, 0.0194452, 0.00660093
2.19758, 25, 1.63525, 0.00220194, 0.15387, 0.00854962
2.19758, 30, 1.79926, 0.00862933, 0.161552, 0.00930537
2.19758, 24, 1.63448, 0.0332432, 0.153801, 0.00590224
2.19758, 31, 1.83595, 0.00239467, 0.168661, 0.00772355
2.21756, 32, 1.82304, 0.0725081, 0.162407, 0.0135021
2.21756, 26, 1.74996, 0.0200997, 0.161655, 0.00965582
2.21756, 28, 1.74095, -0.0247774, 0.160778, 0.00877921
2.21756, 27, 1.7338, 0.00756796, 0.157331, 0.00533079
2.21756, 29, 1.7921, -0.0660767, 0.0187962, 0.00660093
2.21756, 25, 1.6346, 0.00220193, 0.153415, 0.00854962
2.21756, 30, 1.79938, 0.00862933, 0.161333, 0.00930537
2.21756, 24, 1.63406, 0.0332432, 0.153386, 0.00590224
2.21756, 31, 1.8375, 0.00239467, 0.16715, 0.00772355
2.23754, 32, 1.82523, 0.0815746, 0.153789, 0.0135021
2.23754, 26, 1.74996, 0.0200997, 0.161655, 0.00965582
2.23754, 28, 1.74095, -0.0247774, 0.160778, 0.00877921
2.23754, 27, 1.7338, 0.00756796, 0.157331, 0.00533079
2.23754, 29, 1.79246, -0.0685313, 0.0181774, 0.00660093
2.23754, 25, 1.63421, 0.00220191, 0.153089, 0.00854962
2.23754, 30, 1.79938, 0.00862933, 0.161304, 0.00930537
2.23754, 24, 1.63359, 0.0332432, 0.153048, 0.00590224
2.23754, 31, 1.83905, 0.00239467, 0.161723, 0.00772355
2.25752, 32, 1.82742, 0.0906411, 0.141256, 0.0135021
2.25752, 26, 1.74996, 0.0200997, 0.161655, 0.00965582
2.25752, 28, 1.74095, -0.0247774, 0.160778, 0.00877921
2.25752, 27, 1.7338, 0.00756796, 0.157331, 0.00533079
2.25752, 29, 1.79271, -0.0708619, 0.0175898, 0.00660093
2.25752, 25, 1.63363, 0.00220191, 0.152808, 0.00854962
2.25752, 30, 1.79938, 0.00862933, 0.161304, 0.00930537
2.25752, 24, 1.63309, 0.0332432, 0.152778, 0.00590224
2.25752, 31, 1.83972, 0.00239467, 0.160286, 0.00772355
2.27749, 32, 1.82962, 0.0997076, 0.124807, 0.0135021
2.27749, 26, 1.74996, 0.0200997, 0.161655, 0.00965582
2.27749, 28, 1.74095, -0.0247774, 0.160778, 0.00877921
2.27749, 27, 1.7338, 0.00756796, 0.157331, 0.00533079
2.27749, 29, 1.7929, -0.073092, 0.0168317, 0.00660093
2.27749, 25, 1.63302, 0.00220191, 0.15259, 0.00854962
2.27749, 30, 1.79938, 0.00862933, 0.161304, 0.00930537
2.27749, 24, 1.63256, 0.0332432, 0.152569, 0.00590224
2.27749, 31, 1.83989, 0.00239467, 0.159723, 0.00772355
2.29747, 32, 1.83181, 0.108774, 0.104443, 0.0135021
2.29747, 26, 1.74996, 0.0200997, 0.161655, 0.00965582
2.29747, 28, 1.74095, -0.0247774, 0.160778, 0.00877921
2.29747, 27, 1.7338, 0.00756796, 0.157331, 0.00533079
2.29747, 29, 1.79305, -0.075532, 0.0146081, 0.00660093
2.29747, 25, 1.63242, 0.00220191, 0.152425, 0.00854962
2.29747, 30, 1.79938, 0.00862933, 0.161304, 0.00930537
2.29747, 24, 1.63204, 0.0332432, 0.152411, 0.00590224
2.29747, 31, 1.83989, 0.00239467, 0.159723, 0.00772355
2.31745, 32, 1.834, 0.117841, 0.0801638, 0.0135021
2.31745, 26, 1.74996, 0.0200997, 0.161655, 0.00965582
2.31745, 28, 1.74095, -0.0247774, 0.160778, 0.00877921
2.31745, 27, 1.7338, 0.00756796, 0.157331, 0.00533079
2.31745, 29, 1.79319, -0.0780845, 0.00887512, 0.00660093
2.31745, 25, 1.63183, 0.00220191, 0.152305, 0.00854962
2.31745, 30, 1.79938, 0.00862933, 0.161304, 0.00930537
2.31745, 24, 1.63151, 0.0332432, 0.152296, 0.00590224
2.31745, 31, 1.83989, 0.00239467, 0.159723, 0.00772355
2.31745, 33, 1.85372, 0.00315341, 0.264461, 0.00803079
2.33743, 32, 1.83619, 0.126907, 0.051969, 0.0135021
2.33743, 26, 1.74996, 0.0200997, 0.161655, 0.00965582
2.33743, 28, 1.74095, -0.0247774, 0.160778, 0.00877921
2.33743, 27, 1.7338, 0.00756796, 0.157331, 0.00533079
2.33743, 33, 1.85594, 0.00315341, 0.262325, 0.00803079
2.33743, 25, 1.63125, 0.00220191, 0.152221, 0.00854962
2.33743, 30, 1.79938, 0.00862933, 0.161304, 0.00930537
2.33743, 24, 1.631, 0.0332432, 0.152215, 0.00590224
2.33743, 31, 1.83989, 0.00239467, 0.159723, 0.00772355
2.35741, 32, 1.83838, 0.135974, 0.0198587, 0.0135021
2.35741, 26, 1.74996, 0.0200997, 0.161655, 0.00965582
2.35741, 28, 1.74095, -0.0247774, 0.160778, 0.00877921
2.35741, 27, 1.7338, 0.00756796, 0.157331, 0.00533079
2.35741, 33, 1.85817, 0.00315341, 0.256274, 0.00803079
2.35741, 25, 1.63071, 0.00220191, 0.152165, 0.00854962
2.35741, 30, 1.79938, 0.00862933, 0.161304, 0.00930537
2.35741, 24, 1.6305, 0.0332432, 0.152161, 0.00590224
2.35741, 31, 1.83989, 0.00239467, 0.159723, 0.00772355
2.37738, 31, 1.83989, 0.00239467, 0.159723, 0.00772355
2.37738, 26, 1.74996, 0.0200997, 0.161655, 0.00965582
2.37738, 28, 1.74095, -0.0247774, 0.160778, 0.00877921
2.37738, 27, 1.7338, 0.00756796, 0.157331, 0.00533079
2.37738, 33, 1.86039, 0.00315341, 0.246307, 0.00803079
2.37738, 25, 1.6302, 0.00220191, 0.152129, 0.00854962
2.37738, 30, 1.79938, 0.00862933, 0.161304, 0.00930537
2.37738, 24, 1.63003, 0.0332432, 0.152127, 0.00590224
2.37738, 34, 1.86219, -0.0382796, 0.200322, 0.0101342
2.39736, 31, 1.83989, 0.00239467, 0.159723, 0.00772355
2.39736, 26, 1.74996, 0.0200997, 0.161655, 0.00965582
2.39736, 28, 1.74095, -0.0247774, 0.160778, 0.00877921
2.39736, 27, 1.7338, 0.00756796, 0.157331, 0.00533079
2.39736, 33, 1.86261, 0.00315341, 0.232426, 0.00803079
2.39736, 25, 1.62973, 0.00220191, 0.15211, 0.00854962
2.39736, 30, 1.79938, 0.00862933, 0.161304, 0.00930537
2.39736, 24, 1.62958, 0.0332432, 0.152109, 0.00590224
2.39736, 34, 1.86283, -0.0382796, 0.197707, 0.0101342
2.39791, 31, 1.83989, 0.00239467, 0.159723, 0.00772355
2.39791, 26, 1.74996, 0.0200997, 0.161655, 0.00965582
2.39791, 28, 1.74095, -0.0247774, 0.160778, 0.00877921
2.39791, 27, 1.7338, 0.00756796, 0.157331, 0.00533079
2.39791, 33, 1.86267, 0.00315341, 0.231986, 0.00803079
2.39791, 25, 1.62972, 0.00220191, 0.15211, 0.00854962
2.39791, 30, 1.79938, 0.00862933, 0.161304, 0.00930537
2.39791, 24, 1.62957, 0.0332432, 0.152108, 0.00590224
2.39791, 34, 1.86285, -0.0382796, 0.197579, 0.0101342
