1.61967, 0, 1.83011, -0.0048449, 0.284528, 0.00786531
1.61967, 1, 1.8271, -0.0400685, 0.276874, 0.00896905
1.61967, 2, 1.83642, 0.0426644, 0.207037, 0.00774419
1.61967, 3, 1.81657, 0.0303076, 0.221213, 0.0104223
1.61967, 4, 1.81582, -0.0291668, 0.29675, 0.00933755
1.61967, 5, 1.81441, -0.0099055, 0.212636, 0.00659167
1.61967, 6, 1.82124, 0.00840896, 0.27704, 0.00466433
1.61967, 7, 1.8521, -0.0175913, 0.288803, 0.0113082
1.61967, 8, 1.85088, -0.0387877, 0.289342, 0.00795289
1.61967, 9, 1.83517, -0.0267838, 0.243813, 0.00634374
1.61967, 10, 1.85272, 0.000570091, 0.204955, 0.00974965
1.61967, 11, 1.82274, -0.0173381, 0.203304, 0.00658288
1.61967, 12, 1.84289, -0.00359007, 0.248648, 0.00930605
1.61967, 13, 1.80873, -0.024398, 0.249478, 0.00598862
1.61967, 14, 1.85095, 0.048554, 0.26235, 0.00834554
1.61967, 15, 1.84818, 0.0484677, 0.296008, 0.00953605
1.61967, 16, 1.80845, 0.00616259, 0.263264, 0.0120808
1.61967, 17, 1.83023, 0.011841, 0.231671, 0.00542187
1.61967, 18, 1.81145, 0.0332432, 0.288214, 0.00809871
1.61967, 19, 1.81061, 0.00220194, 0.23441, 0.00787017
1.61967, 20, 1.83536, 0.0200997, 0.296025, 0.00807896
1.61967, 21, 1.85091, -0.0441261, 0.224989, 0.0077325
1.61967, 22, 1.82014, -0.0345828, 0.207542, 0.0067641
1.61967, 23, 1.82391, -0.017237, 0.258395, 0.0107956
1.61967, 24, 1.81896, 0.0258288, 0.252161, 0.00660279
1.61967, 25, 1.81396, 0.00442051, 0.291901, 0.00964207
1.61967, 26, 1.83192, 0.0443532, 0.27314, 0.0097226
1.61967, 27, 1.85064, 0.0258319, 0.229184, 0.00598326
1.61967, 28, 1.83508, -0.0233089, 0.277476, 0.00856261
1.61967, 29, 1.81729, -0.044935, 0.231048, 0.00737584
1.61967, 30, 1.8162, 0.0468899, 0.244945, 0.0092179
1.61967, 31, 1.83312, 0.0313238, 0.248122, 0.00728471
1.61967, 32, 1.85628, 0.0255135, 0.295567, 0.0130474
1.63967, 0, 1.8503, -0.0048449, 0.281212, 0.00786531
1.63967, 1, 1.84566, -0.0400685, 0.273558, 0.00896905
1.63967, 2, 1.85566, 0.0426644, 0.203722, 0.00774419
1.63967, 3, 1.83655, 0.0303076, 0.217897, 0.0104223
1.63967, 4, 1.83565, -0.0291668, 0.293434, 0.00933755
1.63967, 5, 1.83333, -0.0099055, 0.20932, 0.00659167
1.63967, 6, 1.84228, 0.00840896, 0.273724, 0.00466433
1.63967, 7, 1.87222, -0.0175913, 0.285487, 0.0113082
1.63967, 8, 1.87027, -0.0387877, 0.286026, 0.00795289
1.63967, 9, 1.8531, -0.0267838, 0.240497, 0.00634374
1.63967, 10, 1.87362, 0.000570091, 0.201639, 0.00974965
1.63967, 11, 1.84146, -0.0173381, 0.199988, 0.00658288
1.63967, 12, 1.86332, -0.00359007, 0.245332, 0.00930605
1.63967, 13, 1.82814, -0.024398, 0.246162, 0.00598862
1.63967, 14, 1.87041, 0.048554, 0.259034, 0.00834554
1.63967, 15, 1.86835, 0.0484677, 0.292692, 0.00953605
1.63967, 16, 1.82785, 0.00616259, 0.259948, 0.0120808
1.63967, 17, 1.84935, 0.011841, 0.228355, 0.00542187
1.63967, 18, 1.82981, 0.0332432, 0.284898, 0.00809871
1.63967, 19, 1.82921, 0.00220194, 0.231094, 0.00787017
1.63967, 20, 1.856, 0.0199684, 0.29272, 0.00807896
1.63967, 21, 1.8707, -0.0441261, 0.221673, 0.0077325
1.63967, 22, 1.83934, -0.0345828, 0.204226, 0.0067641
1.63967, 23, 1.8442, -0.017237, 0.255079, 0.0107956
1.63967, 24, 1.83929, 0.0255334, 0.249062, 0.00660279
1.63967, 25, 1.83244, 0.00442051, 0.288585, 0.00964207
1.63967, 26, 1.85187, 0.0443532, 0.269824, 0.0097226
1.63967, 27, 1.87143, 0.0258319, 0.225868, 0.00598326
1.63967, 28, 1.85572, -0.0233089, 0.27416, 0.00856261
1.63967, 29, 1.83537, -0.044935, 0.227733, 0.00737584
1.63967, 30, 1.83656, 0.0468899, 0.241629, 0.0092179
1.63967, 31, 1.85198, 0.0315438, 0.244645, 0.00728471
1.63967, 32, 1.87683, 0.0255447, 0.292248, 0.0130474
1.63967, 33, 1.8643, -0.0014395, 0.264679, 0.00899285
1.65967, 0, 1.8705, -0.0048449, 0.273974, 0.00786531
1.65967, 1, 1.86423, -0.0400685, 0.26632, 0.00896905
1.65967, 2, 1.8749, 0.0426644, 0.196483, 0.00774419
1.65967, 3, 1.85653, 0.0303076, 0.210658, 0.0104223
1.65967, 4, 1.85548, -0.0291668, 0.286196, 0.00933755
1.65967, 5, 1.85224, -0.0099055, 0.202082, 0.00659167
1.65967, 6, 1.86333, 0.00840896, 0.266486, 0.00466433
1.65967, 7, 1.89234, -0.0175913, 0.278248, 0.0113082
1.65967, 8, 1.88965, -0.0387877, 0.278788, 0.00795289
1.65967, 9, 1.87103, -0.0267838, 0.233258, 0.00634374
1.65967, 10, 1.89452, 0.000570091, 0.194401, 0.00974965
1.65967, 11, 1.86019, -0.0173381, 0.192749, 0.00658288
1.65967, 12, 1.88375, -0.00359007, 0.238094, 0.00930605
1.65967, 13, 1.84754, -0.024398, 0.238923, 0.00598862
1.65967, 14, 1.88988, 0.048554, 0.251795, 0.00834554
1.65967, 15, 1.88853, 0.0484677, 0.285453, 0.00953605
1.65967, 16, 1.84726, 0.00616259, 0.25271, 0.0120808
1.65967, 17, 1.86847, 0.011841, 0.221117, 0.00542187
1.65967, 18, 1.84816, 0.0332432, 0.27766, 0.00809871
1.65967, 19, 1.84781, 0.00220194, 0.223856, 0.00787017
1.65967, 20, 1.87586, 0.0197023, 0.285505, 0.00807896
1.65967, 21, 1.89048, -0.0441261, 0.214434, 0.0077325
1.65967, 22, 1.85854, -0.0345828, 0.196988, 0.0067641
1.65967, 23, 1.8645, -0.017237, 0.247841, 0.0107956
1.65967, 24, 1.85773, 0.0246757, 0.242454, 0.00660279
1.65967, 25, 1.85091, 0.00442051, 0.281347, 0.00964207
1.65967, 26, 1.87182, 0.0443532, 0.262586, 0.0097226
1.65967, 27, 1.89223, 0.0258319, 0.21863, 0.00598326
1.65967, 28, 1.87636, -0.0233089, 0.266922, 0.00856261
1.65967, 29, 1.85345, -0.044935, 0.220494, 0.00737584
1.65967, 30, 1.85692, 0.0468899, 0.23439, 0.0092179
1.65967, 31, 1.87225, 0.0321824, 0.236937, 0.00728471
1.65967, 32, 1.89757, 0.0256078, 0.285005, 0.0130474
1.65967, 33, 1.88543, -0.0014395, 0.262299, 0.00899285
1.67966, 0, 1.89069, -0.0048449, 0.262813, 0.00786531
1.67966, 1, 1.88279, -0.0400685, 0.255159, 0.00896905
1.67966, 2, 1.89413, 0.0426644, 0.185322, 0.00774419
1.67966, 3, 1.87652, 0.0303076, 0.199498, 0.0104223
1.67966, 4, 1.87531, -0.0291668, 0.275035, 0.00933755
1.67966, 5, 1.87116, -0.0099055, 0.190921, 0.00659167
1.67966, 6, 1.88437, 0.00840896, 0.255325, 0.00466433
1.67966, 7, 1.91246, -0.0175913, 0.267088, 0.0113082
1.67966, 8, 1.90904, -0.0387877, 0.267627, 0.00795289
1.67966, 9, 1.88896, -0.0267838, 0.222098, 0.00634374
1.67966, 10, 1.91543, 0.000570091, 0.18324, 0.00974965
1.67966, 11, 1.87891, -0.0173381, 0.181589, 0.00658288
1.67966, 12, 1.90418, -0.00359007, 0.226933, 0.00930605
1.67966, 13, 1.86695, -0.024398, 0.227763, 0.00598862
1.67966, 14, 1.90934, 0.048554, 0.240635, 0.00834554
1.67966, 15, 1.9087, 0.0484677, 0.274293, 0.00953605
1.67966, 16, 1.86666, 0.00616259, 0.241549, 0.0120808
1.67966, 17, 1.88759, 0.011841, 0.209956, 0.00542187
1.67966, 18, 1.86652, 0.0332432, 0.266499, 0.00809871
1.67966, 19, 1.86641, 0.00220194, 0.212695, 0.00787017
1.67966, 20, 1.89571, 0.0194363, 0.274366, 0.00807896
1.67966, 21, 1.91027, -0.0441261, 0.203274, 0.0077325
1.67966, 22, 1.87775, -0.0345828, 0.185827, 0.0067641
1.67966, 23, 1.8848, -0.017237, 0.23668, 0.0107956
1.67966, 24, 1.87616, 0.0238181, 0.231924, 0.00660279
1.67966, 25, 1.86938, 0.00442051, 0.270186, 0.00964207
1.67966, 26, 1.89178, 0.0443532, 0.251425, 0.0097226
1.67966, 27, 1.91303, 0.0258319, 0.207469, 0.00598326
1.67966, 28, 1.897, -0.0233089, 0.255761, 0.00856261
1.67966, 29, 1.87153, -0.044935, 0.209333, 0.00737584
1.67966, 30, 1.87727, 0.0468899, 0.22323, 0.0092179
1.67966, 31, 1.89251, 0.032821, 0.225307, 0.00728471
1.67966, 32, 1.91831, 0.025671, 0.273839, 0.0130474
1.67966, 33, 1.90657, -0.0014395, 0.255997, 0.00899285
1.69966, 0, 1.91088, -0.0048449, 0.24773, 0.00786531
1.69966, 1, 1.90136, -0.0400685, 0.240076, 0.00896905
1.69966, 2, 1.91337, 0.0426644, 0.170239, 0.00774419
1.69966, 3, 1.8965, 0.0303076, 0.184414, 0.0104223
1.69966, 4, 1.89514, -0.0291668, 0.259952, 0.00933755
1.69966, 5, 1.89008, -0.0099055, 0.175838, 0.00659167
1.69966, 6, 1.90542, 0.00840896, 0.240242, 0.00466433
1.69966, 7, 1.9331, -0.018571, 0.253477, 0.0113082
1.69966, 8, 1.92842, -0.0387877, 0.252544, 0.00795289
1.69966, 9, 1.90688, -0.0267838, 0.207014, 0.00634374
1.69966, 10, 1.93633, 0.000570091, 0.168157, 0.00974965
1.69966, 11, 1.89763, -0.0173381, 0.166505, 0.00658288
1.69966, 12, 1.92461, -0.00359007, 0.21185, 0.00930605
1.69966, 13, 1.88636, -0.024398, 0.212679, 0.00598862
1.69966, 14, 1.9288, 0.048554, 0.225551, 0.00834554
1.69966, 15, 1.92888, 0.0484677, 0.25921, 0.00953605
1.69966, 16, 1.88606, 0.00616259, 0.226466, 0.0120808
1.69966, 17, 1.90671, 0.011841, 0.194873, 0.00542187
1.69966, 18, 1.88487, 0.0332432, 0.251416, 0.00809871
1.69966, 19, 1.88502, 0.00220194, 0.197612, 0.00787017
1.69966, 20, 1.91556, 0.0191703, 0.259306, 0.00807896
1.69966, 21, 1.93005, -0.0441261, 0.18819, 0.0077325
1.69966, 22, 1.89695, -0.0345828, 0.170744, 0.0067641
1.69966, 23, 1.90509, -0.017237, 0.221597, 0.0107956
1.69966, 24, 1.89459, 0.0229605, 0.217471, 0.00660279
1.69966, 25, 1.88786, 0.00442051, 0.255103, 0.00964207
1.69966, 26, 1.91173, 0.0443532, 0.236342, 0.0097226
1.69966, 27, 1.93382, 0.0258319, 0.192386, 0.00598326
1.69966, 28, 1.91764, -0.0233089, 0.240678, 0.00856261
1.69966, 29, 1.88961, -0.044935, 0.19425, 0.00737584
1.69966, 30, 1.89763, 0.0468899, 0.208146, 0.0092179
1.69966, 31, 1.91278, 0.0334597, 0.209754, 0.00728471
1.69966, 32, 1.93905, 0.0257342, 0.25875, 0.0130474
1.69966, 33, 1.92666, 0.000508599, 0.242844, 0.00899285
1.69966, 34, 1.89451, 0.00397679, 0.285679, 0.0101444
1.71965, 0, 1.93108, -0.0048449, 0.228724, 0.00786531
1.71965, 1, 1.91993, -0.0400685, 0.22107, 0.00896905
1.71965, 2, 1.93254, 0.0429075, 0.151335, 0.00774419
1.71965, 3, 1.91648, 0.0303076, 0.165409, 0.0104223
1.71965, 4, 1.91497, -0.0291668, 0.240946, 0.00933755
1.71965, 5, 1.90509, -0.00596434, 0.165389, 0.00659167
1.71965, 6, 1.92646, 0.00840896, 0.221236, 0.00466433
1.71965, 7, 1.95379, -0.0196334, 0.236068, 0.0113082
1.71965, 8, 1.94781, -0.0387877, 0.233538, 0.00795289
1.71965, 9, 1.92481, -0.0267838, 0.188009, 0.00634374
1.71965, 10, 1.9508, 0.000570091, 0.167277, 0.00974965
1.71965, 11, 1.91322, -0.0195622, 0.159907, 0.00658288
1.71965, 12, 1.94504, -0.00359007, 0.192844, 0.00930605
1.71965, 13, 1.90577, -0.024398, 0.193674, 0.00598862
1.71965, 14, 1.94826, 0.048554, 0.206546, 0.00834554
1.71965, 15, 1.94905, 0.0484677, 0.240204, 0.00953605
1.71965, 16, 1.90546, 0.00616259, 0.20746, 0.0120808
1.71965, 17, 1.92583, 0.011841, 0.175867, 0.00542187
1.71965, 18, 1.90323, 0.0332432, 0.23241, 0.00809871
1.71965, 19, 1.90362, 0.00220194, 0.178607, 0.00787017
1.71965, 20, 1.93541, 0.0189043, 0.240322, 0.00807896
1.71965, 21, 1.94984, -0.0441261, 0.169185, 0.0077325
1.71965, 22, 1.91302, -0.0345828, 0.160885, 0.0067641
1.71965, 23, 1.92539, -0.017237, 0.202592, 0.0107956
1.71965, 24, 1.91303, 0.0221028, 0.199095, 0.00660279
1.71965, 25, 1.90633, 0.00442051, 0.236097, 0.00964207
1.71965, 26, 1.93168, 0.0443532, 0.217336, 0.0097226
1.71965, 27, 1.95462, 0.0258319, 0.17338, 0.00598326
1.71965, 28, 1.93828, -0.0233089, 0.221672, 0.00856261
1.71965, 29, 1.90769, -0.044935, 0.175245, 0.00737584
1.71965, 30, 1.91799, 0.0468899, 0.189141, 0.0092179
1.71965, 31, 1.93305, 0.0340983, 0.190279, 0.00728471
1.71965, 32, 1.95978, 0.0257973, 0.239739, 0.0130474
1.71965, 33, 1.94666, 0.0026209, 0.225522, 0.00899285
1.71965, 34, 1.91505, 0.00397679, 0.282086, 0.0101444
1.73965, 0, 1.95127, -0.0048449, 0.205796, 0.00786531
1.73965, 1, 1.93849, -0.0400685, 0.198142, 0.00896905
1.73965, 2, 1.95094, 0.0458748, 0.129665, 0.00774419
1.73965, 3, 1.92602, 0.029838, 0.166523, 0.0104223
1.73965, 4, 1.9348, -0.0291668, 0.218018, 0.00933755
1.73965, 5, 1.91438, -0.00785675, 0.16307, 0.00659167
1.73965, 6, 1.94751, 0.00840896, 0.198308, 0.00466433
1.73965, 7, 1.97447, -0.0206957, 0.214737, 0.0113082
1.73965, 8, 1.9672, -0.0387877, 0.21061, 0.00795289
1.73965, 9, 1.94274, -0.0267838, 0.165081, 0.00634374
1.73965, 10, 1.95998, 0.00257929, 0.165195, 0.00974965
1.73965, 11, 1.92804, -0.0139906, 0.159634, 0.00658288
1.73965, 12, 1.96396, -0.00737435, 0.191367, 0.00930605
1.73965, 13, 1.92517, -0.024398, 0.170746, 0.00598862
1.73965, 14, 1.96772, 0.048554, 0.183618, 0.00834554
1.73965, 15, 1.96922, 0.0484677, 0.217276, 0.00953605
1.73965, 16, 1.92454, 0.00484265, 0.185745, 0.0120808
1.73965, 17, 1.94327, 0.011841, 0.15818, 0.00542187
1.73965, 18, 1.92158, 0.0332432, 0.209482, 0.00809871
1.73965, 19, 1.91986, 0.00964753, 0.165635, 0.00787017
1.73965, 20, 1.95526, 0.0186382, 0.217417, 0.00807896
1.73965, 21, 1.96962, -0.0441261, 0.146257, 0.0077325
1.73965, 22, 1.92248, -0.0372934, 0.160802, 0.0067641
1.73965, 23, 1.94569, -0.017237, 0.179664, 0.0107956
1.73965, 24, 1.93526, 0.0233549, 0.182179, 0.00660279
1.73965, 25, 1.92481, 0.00442051, 0.213169, 0.00964207
1.73965, 26, 1.95163, 0.0443532, 0.194408, 0.0097226
1.73965, 27, 1.97231, 0.0258319, 0.159753, 0.00598326
1.73965, 28, 1.95892, -0.0233089, 0.198744, 0.00856261
1.73965, 29, 1.92327, -0.0513623, 0.163232, 0.00737584
1.73965, 30, 1.93927, 0.0497646, 0.169107, 0.0092179
1.73965, 31, 1.95332, 0.0347369, 0.166882, 0.00728471
1.73965, 32, 1.98052, 0.0258605, 0.216806, 0.0130474
1.73965, 33, 1.96676, 0.00498538, 0.205036, 0.00899285
1.73965, 34, 1.9356, 0.00397679, 0.27457, 0.0101444
1.75965, 0, 1.96997, -0.00491709, 0.181596, 0.00786531
1.75965, 1, 1.95706, -0.0400685, 0.171291, 0.00896905
1.75965, 2, 1.96935, 0.0488421, 0.104073, 0.00774419
1.75965, 3, 1.93345, 0.0314932, 0.165177, 0.0104223
1.75965, 4, 1.95463, -0.0291668, 0.191168, 0.00933755
1.75965, 5, 1.91984, -0.00754537, 0.167411, 0.00659167
1.75965, 6, 1.96287, 0.012229, 0.19183, 0.00466433
1.75965, 7, 1.99516, -0.0217581, 0.189483, 0.0113082
1.75965, 8, 1.98942, -0.0469105, 0.188305, 0.00795289
1.75965, 9, 1.95176, -0.0311956, 0.159759, 0.00634374
1.75965, 10, 1.96838, 0.00914795, 0.168909, 0.00974965
1.75965, 11, 1.94101, -0.0124357, 0.158719, 0.00658288
1.75965, 12, 1.9838, -0.00780179, 0.168351, 0.00930605
1.75965, 13, 1.93942, -0.0251908, 0.161391, 0.00598862
1.75965, 14, 1.98718, 0.048554, 0.156767, 0.00834554
1.75965, 15, 1.9894, 0.0484677, 0.190425, 0.00953605
1.75965, 16, 1.94102, 5.25129e-05, 0.173252, 0.0120808
1.75965, 17, 1.95292, 0.011841, 0.160596, 0.00542187
1.75965, 18, 1.93994, 0.0332432, 0.182631, 0.00809871
1.75965, 19, 1.92911, 0.0134005, 0.160414, 0.00787017
1.75965, 20, 1.97248, 0.0235761, 0.194517, 0.00807896
1.75965, 21, 1.98941, -0.0441261, 0.119406, 0.0077325
1.75965, 22, 1.92999, -0.042499, 0.161917, 0.0067641
1.75965, 23, 1.96412, -0.0168276, 0.16827, 0.0107956
1.75965, 24, 1.96877, 0.0308182, 0.176681, 0.00660279
1.75965, 25, 1.94458, 0.00725287, 0.199946, 0.00964207
1.75965, 26, 1.97186, 0.0464025, 0.172416, 0.0097226
1.75965, 27, 1.98286, 0.0258319, 0.163419, 0.00598326
1.75965, 28, 1.97436, -0.0289822, 0.180464, 0.00856261
1.75965, 29, 1.93816, -0.0595567, 0.150297, 0.00737584
1.75965, 30, 1.96212, 0.0575364, 0.150074, 0.0092179
1.75965, 31, 1.96489, 0.0322709, 0.160934, 0.00728471
1.75965, 32, 2.00194, 0.0273701, 0.190556, 0.0130474
1.75965, 33, 1.98895, 0.00513571, 0.193022, 0.00899285
1.75965, 34, 1.95614, 0.00397679, 0.263133, 0.0101444
1.77964, 0, 1.98953, 0.00779449, 0.182993, 0.00786531
1.77964, 1, 1.97753, -0.045458, 0.150851, 0.00896905
1.77964, 2, 1.98775, 0.0518093, 0.0745577, 0.00774419
1.77964, 3, 1.94002, 0.0322763, 0.166309, 0.0104223
1.77964, 4, 1.96799, -0.0397839, 0.184005, 0.00933755
1.77964, 5, 1.9253, -0.00723399, 0.16783, 0.00659167
1.77964, 6, 1.96077, 0.0032633, 0.190223, 0.00466433
1.77964, 7, 2.01492, -0.0227833, 0.164036, 0.0113082
1.77964, 8, 2.01331, -0.0598396, 0.164763, 0.00795289
1.77964, 9, 1.95779, -0.0315054, 0.159055, 0.00634374
1.77964, 10, 1.98149, 0.017946, 0.162947, 0.00974965
1.77964, 11, 1.94852, -0.0148372, 0.15858, 0.00658288
1.77964, 12, 1.99849, -0.0100741, 0.163525, 0.00930605
1.77964, 13, 1.94407, -0.0322382, 0.170296, 0.00598862
1.77964, 14, 2.00664, 0.048554, 0.125994, 0.00834554
1.77964, 15, 2.01147, 0.0490735, 0.161078, 0.00953605
1.77964, 16, 1.95285, -0.00112326, 0.170462, 0.0120808
1.77964, 17, 1.96258, 0.011841, 0.15909, 0.00542187
1.77964, 18, 1.96568, 0.0390559, 0.185918, 0.00809871
1.77964, 19, 1.93316, 0.0120336, 0.160305, 0.00787017
1.77964, 20, 1.99057, 0.0347818, 0.17778, 0.00807896
1.77964, 21, 2.0092, -0.0441261, 0.0886334, 0.0077325
1.77964, 22, 1.93751, -0.0477046, 0.15911, 0.0067641
1.77964, 23, 1.97351, -0.0159861, 0.166273, 0.0107956
1.77964, 24, 1.99909, 0.0399646, 0.16656, 0.00660279
1.77964, 25, 1.96777, 0.0175172, 0.218107, 0.00964207
1.77964, 26, 1.99098, 0.0530498, 0.15541, 0.0097226
1.77964, 27, 1.99568, 0.0234987, 0.158135, 0.00598326
1.77964, 28, 1.99501, -0.0341216, 0.162933, 0.00856261
1.77964, 29, 1.95306, -0.0677512, 0.13344, 0.00737584
1.77964, 30, 1.98497, 0.0653081, 0.127119, 0.0092179
1.77964, 31, 1.96842, 0.0350718, 0.169576, 0.00728471
1.77964, 32, 2.0227, 0.0300728, 0.166263, 0.0130474
1.77964, 33, 2.01058, -0.00103353, 0.173787, 0.00899285
1.77964, 34, 1.97668, 0.00397679, 0.247772, 0.0101444
1.77964, 35, 1.97114, 0.0446795, 0.240651, 0.00687013
1.79964, 0, 2.00378, 0.0246559, 0.193588, 0.00786531
1.79964, 1, 1.99826, -0.0511631, 0.127036, 0.00896905
1.79964, 2, 2.00615, 0.0547766, 0.0411205, 0.00774419
1.79964, 3, 1.94691, 0.0335882, 0.168653, 0.0104223
1.79964, 4, 1.9761, -0.0590545, 0.192232, 0.00933755
1.79964, 5, 1.93076, -0.00692261, 0.164327, 0.00659167
1.79964, 6, 1.95868, -0.00570244, 0.184694, 0.00466433
1.79964, 7, 2.02602, -0.0264264, 0.180326, 0.0113082
1.79964, 8, 2.03721, -0.0727687, 0.137299, 0.00795289
1.79964, 9, 1.96324, -0.0326878, 0.158344, 0.00634374
1.79964, 10, 1.99128, 0.0205594, 0.163645, 0.00974965
1.79964, 11, 1.95373, -0.0186066, 0.158583, 0.00658288
1.79964, 12, 2.00348, -0.012531, 0.162274, 0.00930605
1.79964, 13, 1.94745, -0.0383662, 0.176207, 0.00598862
1.79964, 14, 2.0261, 0.048554, 0.0912991, 0.00834554
1.79964, 15, 2.0358, 0.052105, 0.130667, 0.00953605
1.79964, 16, 1.96306, -0.000323197, 0.164762, 0.0120808
1.79964, 17, 1.97256, 0.0126148, 0.157449, 0.00542187
1.79964, 18, 1.99163, 0.0450379, 0.186212, 0.00809871
1.79964, 19, 1.93667, 0.0105338, 0.159882, 0.00787017
1.79964, 20, 2.0088, 0.0452877, 0.160133, 0.00807896
1.79964, 21, 2.02898, -0.0441261, 0.0539381, 0.0077325
1.79964, 22, 1.94502, -0.0529102, 0.152381, 0.0067641
1.79964, 23, 1.98413, -0.0142971, 0.169454, 0.0107956
1.79964, 24, 2.02701, 0.0495964, 0.152625, 0.00660279
1.79964, 25, 1.99097, 0.0277815, 0.232347, 0.00964207
1.79964, 26, 2.00709, 0.0596138, 0.131705, 0.0097226
1.79964, 27, 2.01359, 0.0280223, 0.157983, 0.00598326
1.79964, 28, 2.00753, -0.0388826, 0.167167, 0.00856261
1.79964, 29, 1.96796, -0.0759457, 0.11266, 0.00737584
1.79964, 30, 2.00782, 0.0730799, 0.100242, 0.0092179
1.79964, 31, 1.96975, 0.0450122, 0.173917, 0.00728471
1.79964, 32, 2.03137, 0.0306364, 0.185804, 0.0130474
1.79964, 33, 2.0318, -0.000865968, 0.163814, 0.00899285
1.79964, 34, 1.99723, 0.00397679, 0.22849, 0.0101444
1.79964, 35, 1.98973, 0.0446795, 0.236523, 0.00687013
1.79964, 36, 1.98797, 0.0216687, 0.252309, 0.00664986
1.81963, 0, 2.01803, 0.0415174, 0.200261, 0.00786531
1.81963, 1, 2.01899, -0.0568682, 0.0992989, 0.00896905
1.81963, 2, 2.0194, 0.0605525, 0.0286024, 0.00774419
1.81963, 3, 1.95379, 0.0349002, 0.167075, 0.0104223
1.81963, 4, 1.98421, -0.0783251, 0.196536, 0.00933755
1.81963, 5, 1.93621, -0.00679687, 0.159027, 0.00659167
1.81963, 6, 1.95659, -0.0146682, 0.175241, 0.00466433
1.81963, 7, 2.03728, -0.0302158, 0.192629, 0.0113082
1.81963, 8, 2.0611, -0.0856978, 0.105912, 0.00795289
1.81963, 9, 1.96784, -0.033876, 0.158343, 0.00634374
1.81963, 10, 2.0004, 0.0226443, 0.162577, 0.00974965
1.81963, 11, 1.95824, -0.0218322, 0.158583, 0.00658288
1.81963, 12, 2.01475, -0.0137149, 0.161871, 0.00930605
1.81963, 13, 1.95083, -0.0444943, 0.178196, 0.00598862
1.81963, 14, 2.04556, 0.048554, 0.0526813, 0.00834554
1.81963, 15, 2.06013, 0.0551364, 0.0963332, 0.00953605
1.81963, 16, 1.96831, 0.00298136, 0.166349, 0.0120808
1.81963, 17, 1.98368, 0.0168254, 0.157422, 0.00542187
1.81963, 18, 2.01758, 0.0510199, 0.182583, 0.00809871
1.81963, 19, 1.93967, 0.0092878, 0.15987, 0.00787017
1.81963, 20, 2.02703, 0.0557936, 0.138564, 0.00807896
1.81963, 21, 2.04587, -0.0460806, 0.0288881, 0.0077325
1.81963, 22, 1.95253, -0.0581158, 0.141729, 0.0067641
1.81963, 23, 1.99149, -0.0143546, 0.169697, 0.0107956
1.81963, 24, 2.05493, 0.0592282, 0.134768, 0.00660279
1.81963, 25, 2.01365, 0.0325801, 0.24007, 0.00964207
1.81963, 26, 2.0232, 0.0661778, 0.104077, 0.0097226
1.81963, 27, 2.03038, 0.0321486, 0.157983, 0.00598326
1.81963, 28, 2.01862, -0.0435192, 0.171476, 0.00856261
1.81963, 29, 1.98285, -0.0841402, 0.0879584, 0.00737584
1.81963, 30, 2.03067, 0.0808516, 0.0694417, 0.0092179
1.81963, 31, 1.97109, 0.0549526, 0.174336, 0.00728471
1.81963, 32, 2.04005, 0.0312, 0.201421, 0.0130474
1.81963, 33, 2.04573, 0.00140355, 0.171485, 0.00899285
1.81963, 34, 2.01777, 0.00397679, 0.205285, 0.0101444
1.81963, 35, 2.00999, 0.0603046, 0.234335, 0.00687013
1.81963, 36, 2.00579, 0.0211005, 0.250408, 0.00664986
1.81963, 37, 2.02416, -0.00134964, 0.266835, 0.0124366
1.83963, 0, 2.03228, 0.0583789, 0.203012, 0.00786531
1.83963, 1, 2.03972, -0.0625732, 0.0676393, 0.00896905
1.83963, 2, 2.02693, 0.0693865, 0.0395203, 0.00774419
1.83963, 3, 1.96042, 0.0362342, 0.162575, 0.0104223
1.83963, 4, 1.99233, -0.0975956, 0.196918, 0.00933755
1.83963, 5, 1.94155, -0.00751383, 0.159476, 0.00659167
1.83963, 6, 1.95358, -0.0208345, 0.167879, 0.00466433
1.83963, 7, 2.04854, -0.0340053, 0.20101, 0.0113082
1.83963, 8, 2.085, -0.098627, 0.0706028, 0.00795289
1.83963, 9, 1.97203, -0.0349579, 0.158343, 0.00634374
1.83963, 10, 2.00854, 0.0245723, 0.162329, 0.00974965
1.83963, 11, 1.96195, -0.0252213, 0.15891, 0.00658288
1.83963, 12, 2.0254, -0.0147832, 0.161448, 0.00930605
1.83963, 13, 1.95421, -0.0506223, 0.176262, 0.00598862
1.83963, 14, 2.06101, 0.0514657, 0.0305889, 0.00834554
1.83963, 15, 2.08446, 0.0581679, 0.0580774, 0.00953605
1.83963, 16, 1.9731, 0.00651875, 0.165512, 0.0120808
1.83963, 17, 1.99361, 0.0203215, 0.157422, 0.00542187
1.83963, 18, 2.04353, 0.0570019, 0.175033, 0.00809871
1.83963, 19, 1.94227, 0.00820611, 0.15987, 0.00787017
1.83963, 20, 2.04526, 0.0662994, 0.113072, 0.00807896
1.83963, 21, 2.05359, -0.0540664, 0.042182, 0.0077325
1.83963, 22, 1.96004, -0.0633214, 0.127155, 0.0067641
1.83963, 23, 1.99827, -0.0143744, 0.16622, 0.0107956
1.83963, 24, 2.08286, 0.0688599, 0.112989, 0.00660279
1.83963, 25, 2.03653, 0.0373652, 0.242362, 0.00964207
1.83963, 26, 2.03931, 0.0727418, 0.0725274, 0.0097226
1.83963, 27, 2.0459, 0.0358081, 0.157928, 0.00598326
1.83963, 28, 2.02971, -0.0481559, 0.171862, 0.00856261
1.83963, 29, 1.99775, -0.0923347, 0.059334, 0.00737584
1.83963, 30, 2.05351, 0.0886234, 0.0347194, 0.0092179
1.83963, 31, 1.97243, 0.0648929, 0.170833, 0.00728471
1.83963, 32, 2.04872, 0.0317637, 0.213117, 0.0130474
1.83963, 33, 2.05965, 0.00367307, 0.175232, 0.00899285
1.83963, 34, 2.03831, 0.00397679, 0.178157, 0.0101444
1.83963, 35, 2.0304, 0.0773985, 0.22877, 0.00687013
1.83963, 36, 2.02284, 0.0189541, 0.248585, 0.00664986
1.83963, 37, 2.04549, -0.00134964, 0.263838, 0.0124366
1.85963, 0, 2.04653, 0.0752403, 0.20184, 0.00786531
1.85963, 1, 2.05322, -0.0768247, 0.0481734, 0.00896905
1.85963, 2, 2.03446, 0.0782206, 0.0465158, 0.00774419
1.85963, 3, 1.96432, 0.0377743, 0.16439, 0.0104223
1.85963, 4, 2.00044, -0.116866, 0.193377, 0.00933755
1.85963, 5, 1.9463, -0.00802274, 0.158595, 0.00659167
1.85963, 6, 1.94917, -0.0227117, 0.165822, 0.00466433
1.85963, 7, 2.05981, -0.0377947, 0.205468, 0.0113082
1.85963, 8, 2.1089, -0.111556, 0.0313713, 0.00795289
1.85963, 9, 1.97591, -0.0359971, 0.158265, 0.00634374
1.85963, 10, 2.01637, 0.0264289, 0.161841, 0.00974965
1.85963, 11, 1.96476, -0.028969, 0.158583, 0.00658288
1.85963, 12, 2.03453, -0.015691, 0.161305, 0.00930605
1.85963, 13, 1.95759, -0.0567503, 0.170406, 0.00598862
1.85963, 14, 2.06809, 0.0603279, 0.0467813, 0.00834554
1.85963, 15, 2.1067, 0.0623972, 0.0256349, 0.00953605
1.85963, 16, 1.97763, 0.00934658, 0.165082, 0.0120808
1.85963, 17, 2.00193, 0.0231855, 0.157422, 0.00542187
1.85963, 18, 2.06948, 0.0629839, 0.163559, 0.00809871
1.85963, 19, 1.94449, 0.0072871, 0.15987, 0.00787017
1.85963, 20, 2.06349, 0.0768053, 0.0836576, 0.00807896
1.85963, 21, 2.0726, -0.0487151, 0.0264034, 0.0077325
1.85963, 22, 1.96755, -0.068527, 0.108658, 0.0067641
1.85963, 23, 2.00361, -0.0132914, 0.164377, 0.0107956
1.85963, 24, 2.11078, 0.0784917, 0.087287, 0.00660279
1.85963, 25, 2.05948, 0.0423744, 0.241103, 0.00964207
1.85963, 26, 2.05541, 0.0793058, 0.0370549, 0.0097226
1.85963, 27, 2.06072, 0.0394055, 0.156079, 0.00598326
1.85963, 28, 2.0408, -0.0527925, 0.168326, 0.00856261
1.85963, 29, 2.01264, -0.100529, 0.0267871, 0.00737584
1.85963, 37, 2.06682, -0.00134964, 0.256918, 0.0124366
1.85963, 31, 1.97377, 0.0748333, 0.163407, 0.00728471
1.85963, 32, 2.05737, 0.0322369, 0.22074, 0.0130474
1.85963, 33, 2.07358, 0.00594259, 0.175058, 0.00899285
1.85963, 34, 2.05306, 0.00397679, 0.169545, 0.0101444
1.85963, 35, 2.05082, 0.0944924, 0.219282, 0.00687013
1.85963, 36, 2.03988, 0.0168076, 0.242839, 0.00664986
1.87962, 0, 2.06079, 0.0921018, 0.196746, 0.00786531
1.87962, 1, 2.06306, -0.0954088, 0.0329512, 0.00896905
1.87962, 2, 2.04199, 0.0870547, 0.0495888, 0.00774419
1.87962, 3, 1.96839, 0.0359108, 0.161483, 0.0104223
1.87962, 4, 2.00855, -0.136137, 0.185914, 0.00933755
1.87962, 5, 1.95037, -0.00842004, 0.158591, 0.00659167
1.87962, 6, 1.94476, -0.0245889, 0.159842, 0.00466433
1.87962, 7, 2.07107, -0.0415841, 0.206004, 0.0113082
1.87962, 36, 2.05693, 0.0146612, 0.23317, 0.00664986
1.87962, 9, 1.97964, -0.0373246, 0.157902, 0.00634374
1.87962, 10, 2.0238, 0.028184, 0.161749, 0.00974965
1.87962, 11, 1.9673, -0.0323154, 0.158583, 0.00658288
1.87962, 12, 2.04244, -0.0164744, 0.161305, 0.00930605
1.87962, 13, 1.96097, -0.0628784, 0.160627, 0.00598862
1.87962, 14, 2.07517, 0.06919, 0.0590513, 0.00834554
1.87962, 15, 2.1167, 0.0733483, 0.044822, 0.00953605
1.87962, 16, 1.98194, 0.0116455, 0.164036, 0.0120808
1.87962, 17, 2.00833, 0.0255269, 0.157422, 0.00542187
1.87962, 18, 2.09543, 0.0689659, 0.148164, 0.00809871
1.87962, 19, 1.94631, 0.00653076, 0.15987, 0.00787017
1.87962, 20, 2.08172, 0.0873112, 0.0503209, 0.00807896
1.87962, 21, 2.08258, -0.0525428, 0.0357474, 0.0077325
1.87962, 22, 1.97506, -0.0737326, 0.0862394, 0.0067641
1.87962, 23, 2.00718, -0.0108775, 0.165418, 0.0107956
1.87962, 24, 2.1387, 0.0881235, 0.0576628, 0.00660279
1.87962, 25, 2.08383, 0.0513307, 0.242502, 0.00964207
1.87962, 34, 2.06064, 0.00397679, 0.184497, 0.0101444
1.87962, 27, 2.07547, 0.0430522, 0.150516, 0.00598326
1.87962, 28, 2.05189, -0.0574291, 0.160867, 0.00856261
1.87962, 35, 2.07124, 0.111586, 0.205872, 0.00687013
1.87962, 37, 2.08815, -0.00134964, 0.246075, 0.0124366
1.87962, 31, 1.9751, 0.0847736, 0.152059, 0.00728471
1.87962, 32, 2.06545, 0.0311171, 0.221785, 0.0130474
1.87962, 33, 2.0875, 0.00821211, 0.170961, 0.00899285
1.89962, 0, 2.07504, 0.108963, 0.187729, 0.00786531
1.89962, 1, 2.0729, -0.113993, 0.0138067, 0.00896905
1.89962, 2, 2.04952, 0.0958887, 0.0487395, 0.00774419
1.89962, 3, 1.97215, 0.0315118, 0.162138, 0.0104223
1.89962, 4, 2.01666, -0.155407, 0.174529, 0.00933755
1.89962, 5, 1.95402, -0.00877306, 0.158548, 0.00659167
1.89962, 6, 1.94199, -0.0246848, 0.156558, 0.00466433
1.89962, 7, 2.08233, -0.0453735, 0.202617, 0.0113082
1.89962, 36, 2.07139, 0.00743549, 0.225465, 0.00664986
1.89962, 9, 1.98331, -0.0392617, 0.156699, 0.00634374
1.89962, 10, 2.0308, 0.0298379, 0.161749, 0.00974965
1.89962, 11, 1.96958, -0.0353242, 0.158575, 0.00658288
1.89962, 12, 2.04988, -0.0172111, 0.161305, 0.00930605
1.89962, 13, 1.96435, -0.0690064, 0.146926, 0.00598862
1.89962, 14, 2.08225, 0.0780522, 0.0673988, 0.00834554
1.89962, 15, 2.1267, 0.0842993, 0.0600866, 0.00953605
1.89962, 16, 1.99103, -0.000215589, 0.167036, 0.0120808
1.89962, 17, 2.01432, 0.0277224, 0.157422, 0.00542187
1.89962, 18, 2.12138, 0.0749479, 0.128846, 0.00809871
1.89962, 19, 1.94833, 0.00635336, 0.157548, 0.00787017
1.89962, 20, 2.09996, 0.0978171, 0.0130618, 0.00807896
1.89962, 21, 2.0914, -0.0575964, 0.0444212, 0.0077325
1.89962, 22, 1.98257, -0.0789382, 0.0598979, 0.0067641
1.89962, 23, 2.01399, -0.0104559, 0.163228, 0.0107956
1.89962, 24, 2.16663, 0.0977552, 0.0241161, 0.00660279
1.89962, 25, 2.10818, 0.060287, 0.239978, 0.00964207
1.89962, 34, 2.06822, 0.00397679, 0.195527, 0.0101444
1.89962, 27, 2.09022, 0.0466988, 0.14103, 0.00598326
1.89962, 28, 2.06297, -0.0620658, 0.149486, 0.00856261
1.89962, 35, 2.09166, 0.12868, 0.188539, 0.00687013
1.89962, 37, 2.10948, -0.00134964, 0.23131, 0.0124366
1.89962, 31, 1.97644, 0.094714, 0.136788, 0.00728471
1.89962, 32, 2.07387, 0.0306697, 0.218128, 0.0130474
1.89962, 33, 2.10143, 0.0104816, 0.162941, 0.00899285
1.91961, 0, 2.08929, 0.125825, 0.17479, 0.00786531
1.91961, 32, 2.08243, 0.0304999, 0.210227, 0.0130474
1.91961, 2, 2.05705, 0.104723, 0.0439677, 0.00774419
1.91961, 3, 1.97457, 0.0313507, 0.158764, 0.0104223
1.91961, 4, 2.02477, -0.174678, 0.159221, 0.00933755
1.91961, 5, 1.9553, -0.00876995, 0.155671, 0.00659167
1.91961, 6, 1.9427, -0.0247011, 0.154183, 0.00466433
1.91961, 7, 2.09359, -0.0491629, 0.195308, 0.0113082
1.91961, 36, 2.08479, -0.00188679, 0.216266, 0.00664986
1.91961, 9, 1.98703, -0.0416321, 0.152895, 0.00634374
1.91961, 10, 2.03739, 0.0313941, 0.161749, 0.00974965
1.91961, 11, 1.97171, -0.0382027, 0.157751, 0.00658288
1.91961, 12, 2.05689, -0.017906, 0.161305, 0.00930605
1.91961, 13, 1.96773, -0.0751344, 0.129303, 0.00598862
1.91961, 14, 2.08933, 0.0869144, 0.0718239, 0.00834554
1.91961, 15, 2.13669, 0.0952504, 0.0714287, 0.00953605
1.91961, 16, 1.99586, -0.00409329, 0.163262, 0.0120808
1.91961, 17, 2.01992, 0.029772, 0.157422, 0.00542187
1.91961, 18, 2.14733, 0.08093, 0.105605, 0.00809871
1.91961, 19, 1.94908, 0.00635428, 0.154901, 0.00787017
1.91961, 33, 2.11546, 0.0116555, 0.164216, 0.00899285
1.91961, 21, 2.10021, -0.0626501, 0.0491726, 0.0077325
1.91961, 22, 1.99008, -0.0841438, 0.029634, 0.0067641
1.91961, 23, 2.03046, -0.0164298, 0.166584, 0.0107956
1.91961, 31, 1.97778, 0.104654, 0.117595, 0.00728471
1.91961, 25, 2.13254, 0.0692432, 0.233532, 0.00964207
1.91961, 34, 2.07581, 0.00397679, 0.202634, 0.0101444
1.91961, 27, 2.10497, 0.0503455, 0.127622, 0.00598326
1.91961, 28, 2.07406, -0.0667024, 0.134182, 0.00856261
1.91961, 35, 2.11207, 0.145774, 0.167284, 0.00687013
1.91961, 37, 2.13081, -0.00134964, 0.212623, 0.0124366
1.93961, 0, 2.10354, 0.142686, 0.157928, 0.00786531
1.93961, 32, 2.09099, 0.0303302, 0.198404, 0.0130474
1.93961, 2, 2.06457, 0.113557, 0.0352735, 0.00774419
1.93961, 3, 1.97588, 0.0312228, 0.155968, 0.0104223
1.93961, 4, 2.03289, -0.193948, 0.13999, 0.00933755
1.93961, 5, 1.95562, -0.00877106, 0.153619, 0.00659167
1.93961, 6, 1.94227, -0.024701, 0.152657, 0.00466433
1.93961, 7, 2.10486, -0.0529523, 0.184076, 0.0113082
1.93961, 36, 2.10214, -0.0114944, 0.207725, 0.00664986
1.93961, 9, 1.99076, -0.0440163, 0.145194, 0.00634374
1.93961, 10, 2.04356, 0.0328528, 0.161749, 0.00974965
1.93961, 11, 1.97752, -0.0517263, 0.151152, 0.00658288
1.93961, 12, 2.06519, -0.0179404, 0.161818, 0.00930605
1.93961, 13, 1.9711, -0.0812625, 0.107757, 0.00598862
1.93961, 14, 2.09641, 0.0957766, 0.0723266, 0.00834554
1.93961, 15, 2.14669, 0.106201, 0.0788485, 0.00953605
1.93961, 16, 1.99865, -0.00407525, 0.159832, 0.0120808
1.93961, 17, 2.02512, 0.0316756, 0.157422, 0.00542187
1.93961, 18, 2.17328, 0.086912, 0.078442, 0.00809871
1.93961, 19, 1.9485, 0.00635403, 0.153063, 0.00787017
1.93961, 33, 2.1295, 0.0125491, 0.164941, 0.00899285
1.93961, 21, 2.10903, -0.0677037, 0.0500016, 0.0077325
1.93961, 37, 2.15214, -0.00134964, 0.190013, 0.0124366
1.93961, 23, 2.04524, -0.0229035, 0.167268, 0.0107956
1.93961, 31, 1.97912, 0.114595, 0.0944797, 0.00728471
1.93961, 25, 2.15689, 0.0781995, 0.223163, 0.00964207
1.93961, 34, 2.08227, 0.00405716, 0.204529, 0.0101444
1.93961, 27, 2.11972, 0.0539922, 0.110291, 0.00598326
1.93961, 28, 2.08515, -0.071339, 0.114956, 0.00856261
1.93961, 35, 2.13249, 0.162868, 0.142107, 0.00687013
1.95961, 0, 2.11779, 0.159548, 0.137144, 0.00786531
1.95961, 32, 2.09956, 0.0301604, 0.182659, 0.0130474
1.95961, 2, 2.0721, 0.122391, 0.0226568, 0.00774419
1.95961, 3, 1.9754, 0.0311747, 0.153844, 0.0104223
1.95961, 4, 2.041, -0.213219, 0.116838, 0.00933755
1.95961, 5, 1.95474, -0.00877082, 0.15239, 0.00659167
1.95961, 38, 2.15756, 0.000868028, 0.205616, 0.00856649
1.95961, 7, 2.11612, -0.0567417, 0.168922, 0.0113082
1.95961, 36, 2.11999, -0.021139, 0.195848, 0.00664986
1.95961, 9, 1.99448, -0.0464005, 0.133572, 0.00634374
1.95961, 10, 2.04933, 0.034214, 0.161749, 0.00974965
1.95961, 11, 1.98441, -0.0687638, 0.14048, 0.00658288
1.95961, 12, 2.07845, -0.0160671, 0.162113, 0.00930605
1.95961, 13, 1.97448, -0.0873905, 0.0822884, 0.00598862
1.95961, 14, 2.10349, 0.104639, 0.0689068, 0.00834554
1.95961, 15, 2.15669, 0.117153, 0.0823458, 0.00953605
1.95961, 16, 1.99966, -0.00407687, 0.156911, 0.0120808
1.95961, 17, 2.02992, 0.0334332, 0.157422, 0.00542187
1.95961, 18, 2.19923, 0.092894, 0.0473566, 0.00809871
1.95961, 19, 1.94715, 0.00635401, 0.152147, 0.00787017
1.95961, 33, 2.14354, 0.0134426, 0.161743, 0.00899285
1.95961, 21, 2.11785, -0.0727574, 0.0469081, 0.0077325
1.95961, 37, 2.17337, -0.00134964, 0.163917, 0.0124366
1.95961, 23, 2.05476, -0.0309375, 0.167958, 0.0107956
1.95961, 31, 1.98045, 0.124535, 0.0674418, 0.00728471
1.95961, 25, 2.18125, 0.0871558, 0.208872, 0.00964207
1.95961, 34, 2.0886, 0.00414795, 0.202336, 0.0101444
1.95961, 27, 2.13447, 0.0576389, 0.0890379, 0.00598326
1.95961, 28, 2.09624, -0.0759756, 0.0918077, 0.00856261
1.95961, 35, 2.15291, 0.179962, 0.113007, 0.00687013
1.9796, 0, 2.13204, 0.176409, 0.112438, 0.00786531
1.9796, 32, 2.1081, 0.0300102, 0.165366, 0.0130474
1.9796, 2, 2.07963, 0.131225, 0.00611775, 0.00774419
1.9796, 3, 1.97408, 0.0315239, 0.152524, 0.0104223
1.9796, 4, 2.04911, -0.23249, 0.0897624, 0.00933755
1.9796, 28, 2.10733, -0.0806123, 0.0647368, 0.00856261
1.9796, 38, 2.17539, 0.000868028, 0.203086, 0.00856649
1.9796, 7, 2.12738, -0.0605312, 0.149845, 0.0113082
1.9796, 36, 2.13784, -0.0307836, 0.180048, 0.00664986
1.9796, 9, 1.9982, -0.0487847, 0.118026, 0.00634374
1.9796, 10, 2.05414, 0.0332508, 0.162171, 0.00974965
1.9796, 11, 1.99131, -0.0858014, 0.125886, 0.00658288
1.9796, 12, 2.09059, -0.0143602, 0.161582, 0.00930605
1.9796, 13, 1.97786, -0.0935186, 0.0528976, 0.00598862
1.9796, 14, 2.11057, 0.113501, 0.0615646, 0.00834554
1.9796, 15, 2.16669, 0.128104, 0.0819207, 0.00953605
1.9796, 16, 1.99932, -0.00407242, 0.154615, 0.0120808
1.9796, 17, 2.03432, 0.0350449, 0.157422, 0.00542187
1.9796, 18, 2.22518, 0.098876, 0.0123488, 0.00809871
1.9796, 35, 2.17332, 0.197056, 0.0799846, 0.00687013
1.9796, 33, 2.15589, 0.0147007, 0.162161, 0.00899285
1.9796, 21, 2.12667, -0.077811, 0.0398922, 0.0077325
1.9796, 37, 2.18137, -0.00134964, 0.181353, 0.0124366
1.9796, 23, 2.06428, -0.0389715, 0.164725, 0.0107956
1.9796, 31, 1.98179, 0.134475, 0.0364814, 0.00728471
1.9796, 25, 2.2056, 0.096112, 0.190658, 0.00964207
1.9796, 34, 2.09492, 0.00423872, 0.196226, 0.0101444
1.9796, 27, 2.14922, 0.0612855, 0.0638623, 0.00598326
1.9996, 0, 2.14629, 0.193271, 0.0838088, 0.00786531
1.9996, 32, 2.11555, 0.0301338, 0.178196, 0.0130474
1.9996, 27, 2.16397, 0.0649322, 0.0347644, 0.00598326
1.9996, 3, 1.97228, 0.0315219, 0.15201, 0.0104223
1.9996, 4, 2.05722, -0.25176, 0.0587648, 0.00933755
1.9996, 28, 2.11842, -0.0852489, 0.0337436, 0.00856261
1.9996, 38, 2.19232, 0.00301783, 0.225876, 0.00856649
1.9996, 7, 2.13864, -0.0643206, 0.126846, 0.0113082
1.9996, 36, 2.15569, -0.0404281, 0.160326, 0.00664986
1.9996, 9, 2.00192, -0.051169, 0.0985587, 0.00634374
1.9996, 10, 2.05669, 0.0320473, 0.161463, 0.00974965
1.9996, 11, 1.9982, -0.102839, 0.10737, 0.00658288
1.9996, 12, 2.10122, -0.0128755, 0.161307, 0.00930605
1.9996, 13, 1.98124, -0.0996466, 0.0195844, 0.00598862
1.9996, 14, 2.11765, 0.122363, 0.0503, 0.00834554
1.9996, 15, 2.17669, 0.139055, 0.0775732, 0.00953605
1.9996, 16, 1.99803, -0.00407373, 0.153017, 0.0120808
1.9996, 17, 2.03798, 0.0357643, 0.157375, 0.00542187
1.9996, 34, 2.09848, 0.00432505, 0.185859, 0.0101444
1.9996, 35, 2.19374, 0.21415, 0.0430398, 0.00687013
1.9996, 33, 2.16791, 0.0159474, 0.161259, 0.00899285
1.9996, 21, 2.13549, -0.0828646, 0.0289539, 0.0077325
1.9996, 37, 2.1896, -0.00205224, 0.185485, 0.0124366
1.9996, 23, 2.0738, -0.0470055, 0.15757, 0.0107956
1.9996, 31, 1.98313, 0.144416, 0.00159868, 0.00728471
1.9996, 25, 2.22995, 0.105068, 0.168522, 0.00964207
2.01959, 0, 2.16055, 0.210132, 0.0512575, 0.00786531
2.01959, 32, 2.12297, 0.029701, 0.186786, 0.0130474
2.01959, 27, 2.17582, 0.0704043, 0.02082, 0.00598326
2.01959, 25, 2.25431, 0.114025, 0.142464, 0.00964207
2.01959, 4, 2.06533, -0.271031, 0.0238448, 0.00933755
2.01959, 23, 2.08332, -0.0550395, 0.146492, 0.0107956
2.01959, 38, 2.20739, 0.00506042, 0.241447, 0.00856649
2.01959, 7, 2.1499, -0.06811, 0.0999251, 0.0113082
2.01959, 36, 2.17355, -0.0500727, 0.136681, 0.00664986
2.01959, 9, 2.00565, -0.0535532, 0.0751686, 0.00634374
2.01959, 10, 2.05851, 0.0318924, 0.158678, 0.00974965
2.01959, 11, 2.00509, -0.119876, 0.0849311, 0.00658288
2.01959, 12, 2.11041, -0.0115965, 0.161305, 0.00930605
2.01959, 39, 2.22227, -0.0212571, 0.213402, 0.00707441
2.01959, 14, 2.12473, 0.131225, 0.035113, 0.00834554
2.01959, 15, 2.18669, 0.150006, 0.0693032, 0.00953605
2.01959, 16, 1.99616, -0.00407291, 0.152169, 0.0120808
2.01959, 17, 2.03903, 0.0358119, 0.155541, 0.00542187
2.01959, 34, 2.09989, 0.00444542, 0.175756, 0.0101444
2.01959, 35, 2.21416, 0.231243, 0.00217268, 0.00687013
2.01959, 33, 2.17961, 0.0170103, 0.161038, 0.00899285
2.01959, 21, 2.14431, -0.0879183, 0.0140932, 0.0077325
2.01959, 37, 2.19785, -0.00283145, 0.184652, 0.0124366
2.03847, 0, 2.174, 0.226049, 0.0169303, 0.00786531
2.03847, 32, 2.13254, 0.0259677, 0.180892, 0.0130474
2.03847, 27, 2.18389, 0.0774817, 0.0242803, 0.00598326
2.03847, 25, 2.27729, 0.122479, 0.114266, 0.00964207
2.03847, 40, 2.21805, -0.00278068, 0.213241, 0.010537
2.03847, 23, 2.09231, -0.0626236, 0.132436, 0.0107956
2.03847, 38, 2.2133, 0.00651915, 0.231286, 0.00856649
2.03847, 7, 2.16053, -0.0716872, 0.0709124, 0.0113082
2.03847, 36, 2.1904, -0.0591771, 0.110762, 0.00664986
2.03847, 9, 2.00916, -0.0558039, 0.0494895, 0.00634374
2.03847, 10, 2.05983, 0.0317942, 0.156492, 0.00974965
2.03847, 11, 2.0116, -0.13596, 0.0601501, 0.00658288
2.03847, 12, 2.11852, -0.0104674, 0.161305, 0.00930605
2.03847, 39, 2.21744, -0.0212571, 0.210957, 0.00707441
2.03847, 14, 2.13141, 0.139591, 0.0171775, 0.00834554
2.03847, 15, 2.19612, 0.160344, 0.0578974, 0.00953605
2.03847, 33, 2.19017, 0.0180035, 0.160992, 0.00899285
2.03847, 17, 2.03873, 0.0374688, 0.152722, 0.00542187
2.03847, 34, 2.09941, 0.00458822, 0.166911, 0.0101444
2.03847, 37, 2.20565, -0.00356702, 0.180265, 0.0124366
