0.819048, 0, 1.03929, -0.0048449, 0.283528, 0.00866401
0.819048, 1, 1.03553, -0.0400685, 0.275874, 0.00848903
0.819048, 2, 1.04517, 0.0426644, 0.206038, 0.00854844
0.819048, 3, 1.02565, 0.0303076, 0.220213, 0.0112522
0.819048, 4, 1.02484, -0.0291668, 0.29575, 0.00887362
0.819048, 5, 1.02301, -0.0099055, 0.211636, 0.00735082
0.819048, 6, 1.0308, 0.00840896, 0.27604, 0.0052252
0.819048, 7, 1.06125, -0.0175913, 0.287803, 0.0108577
0.819048, 8, 1.05969, -0.0387877, 0.288342, 0.00874757
0.819048, 9, 1.04332, -0.0267838, 0.242813, 0.00575349
0.819048, 10, 1.06222, 0.000570091, 0.203955, 0.0105698
0.819048, 11, 1.04002, 0.0216722, 0.245176, 0.00734338
0.819048, 12, 1.05519, -0.0459406, 0.224368, 0.00884357
0.819048, 13, 1.06402, 0.0384761, 0.29732, 0.00670428
0.819048, 14, 1.05754, 0.0101847, 0.279018, 0.00785765
0.819048, 15, 1.0384, -0.0464897, 0.254929, 0.00906306
0.819048, 16, 1.02219, -0.0424435, 0.242121, 0.0116123
0.819048, 17, 1.03892, 0.011841, 0.230671, 0.00605816
0.819048, 18, 1.01979, 0.0332432, 0.287214, 0.00760764
0.819048, 19, 1.01906, 0.00220194, 0.233411, 0.00866864
0.819048, 20, 1.04509, 0.0200997, 0.295025, 0.00758763
0.819048, 21, 1.04277, -0.0229817, 0.214183, 0.00853729
0.819048, 22, 1.04254, -0.0161961, 0.231529, 0.00749685
0.819048, 23, 1.01689, -0.0268011, 0.274595, 0.0103287
0.819048, 24, 1.03491, 0.00439311, 0.252747, 0.00736024
0.819048, 25, 1.03882, -0.0476493, 0.294458, 0.00916424
0.819048, 26, 1.05618, 0.00406446, 0.233023, 0.0105389
0.819048, 27, 1.0429, -0.0107003, 0.249175, 0.0067
0.839025, 0, 1.05962, -0.0048449, 0.278463, 0.00866401
0.839025, 1, 1.05423, -0.0400685, 0.270808, 0.00848903
0.839025, 2, 1.06454, 0.0426644, 0.200972, 0.00854844
0.839025, 3, 1.04577, 0.0303076, 0.215147, 0.0112522
0.839025, 4, 1.0448, -0.0291668, 0.290685, 0.00887362
0.839025, 5, 1.04206, -0.0099055, 0.206571, 0.00735082
0.839025, 6, 1.052, 0.00840896, 0.270974, 0.0052252
0.839025, 7, 1.08151, -0.0175913, 0.282737, 0.0108577
0.839025, 8, 1.07922, -0.0387877, 0.283277, 0.00874757
0.839025, 9, 1.06138, -0.0267838, 0.237747, 0.00575349
0.839025, 10, 1.08327, 0.000570091, 0.19889, 0.0105698
0.839025, 11, 1.0598, 0.0216722, 0.240111, 0.00734338
0.839025, 12, 1.075, -0.0459406, 0.219303, 0.00884357
0.839025, 13, 1.08433, 0.0384761, 0.292255, 0.00670428
0.839025, 14, 1.07705, 0.0101847, 0.273953, 0.00785765
0.839025, 15, 1.05875, -0.0464897, 0.249863, 0.00906306
0.839025, 16, 1.04247, -0.0424435, 0.237056, 0.0116123
0.839025, 17, 1.05817, 0.011841, 0.225606, 0.00605816
0.839025, 18, 1.03828, 0.0332432, 0.282148, 0.00760764
0.839025, 19, 1.03779, 0.00220194, 0.228345, 0.00866864
0.839025, 20, 1.06666, 0.0200997, 0.28996, 0.00758763
0.839025, 21, 1.06092, -0.0229817, 0.209118, 0.00853729
0.839025, 22, 1.0627, -0.0161961, 0.226464, 0.00749685
0.839025, 23, 1.03681, -0.0268011, 0.26953, 0.0103287
0.839025, 24, 1.05571, 0.00439311, 0.247682, 0.00736024
0.839025, 25, 1.05888, -0.0476493, 0.289392, 0.00916424
0.839025, 26, 1.07797, 0.00406446, 0.227958, 0.0105389
0.839025, 27, 1.06325, -0.0107003, 0.245859, 0.0067
0.839025, 28, 1.0445, -0.0257353, 0.220425, 0.00937329
0.859001, 0, 1.07996, -0.0048449, 0.269482, 0.00866401
0.859001, 1, 1.07293, -0.0400685, 0.261828, 0.00848903
0.859001, 2, 1.08391, 0.0426644, 0.191992, 0.00854844
0.859001, 3, 1.0659, 0.0303076, 0.206167, 0.0112522
0.859001, 4, 1.06477, -0.0291668, 0.281704, 0.00887362
0.859001, 5, 1.06111, -0.0099055, 0.19759, 0.00735082
0.859001, 6, 1.07319, 0.00840896, 0.261994, 0.0052252
0.859001, 7, 1.10177, -0.0175913, 0.273757, 0.0108577
0.859001, 8, 1.09874, -0.0387877, 0.274296, 0.00874757
0.859001, 9, 1.07943, -0.0267838, 0.228767, 0.00575349
0.859001, 10, 1.10432, 0.000570091, 0.189909, 0.0105698
0.859001, 11, 1.07957, 0.0216722, 0.23113, 0.00734338
0.859001, 12, 1.0948, -0.0459406, 0.210322, 0.00884357
0.859001, 13, 1.10465, 0.0384761, 0.283274, 0.00670428
0.859001, 14, 1.09656, 0.0101847, 0.264972, 0.00785765
0.859001, 15, 1.07911, -0.0464897, 0.240883, 0.00906306
0.859001, 16, 1.06272, -0.042518, 0.228174, 0.0116123
0.859001, 17, 1.07743, 0.011841, 0.216625, 0.00605816
0.859001, 18, 1.05676, 0.0332432, 0.273168, 0.00760764
0.859001, 19, 1.05653, 0.00220194, 0.219365, 0.00866864
0.859001, 20, 1.08822, 0.0200997, 0.280979, 0.00758763
0.859001, 21, 1.07906, -0.0229817, 0.200138, 0.00853729
0.859001, 22, 1.08286, -0.0161961, 0.217483, 0.00749685
0.859001, 23, 1.05672, -0.0268011, 0.260549, 0.0103287
0.859001, 24, 1.07651, 0.00439311, 0.238701, 0.00736024
0.859001, 25, 1.07893, -0.0476493, 0.280412, 0.00916424
0.859001, 26, 1.09975, 0.00406446, 0.218977, 0.0105389
0.859001, 27, 1.08361, -0.0107003, 0.238628, 0.0067
0.859001, 28, 1.06353, -0.0255937, 0.215626, 0.00937329
0.878978, 0, 1.1003, -0.0048449, 0.256587, 0.00866401
0.878978, 1, 1.09163, -0.0400685, 0.248933, 0.00848903
0.878978, 2, 1.10329, 0.0426644, 0.179096, 0.00854844
0.878978, 3, 1.08602, 0.0303076, 0.193272, 0.0112522
0.878978, 4, 1.08474, -0.0291668, 0.268809, 0.00887362
0.878978, 5, 1.08016, -0.0099055, 0.184695, 0.00735082
0.878978, 6, 1.09438, 0.00840896, 0.249099, 0.0052252
0.878978, 7, 1.12203, -0.0175913, 0.260862, 0.0108577
0.878978, 8, 1.11826, -0.0387877, 0.261401, 0.00874757
0.878978, 9, 1.09749, -0.0267838, 0.215872, 0.00575349
0.878978, 10, 1.12537, 0.000570091, 0.177014, 0.0105698
0.878978, 11, 1.09935, 0.0216722, 0.218235, 0.00734338
0.878978, 12, 1.11461, -0.0459406, 0.197427, 0.00884357
0.878978, 13, 1.12497, 0.0384761, 0.270379, 0.00670428
0.878978, 14, 1.11606, 0.0101847, 0.252077, 0.00785765
0.878978, 15, 1.09976, -0.0466736, 0.228285, 0.00906306
0.878978, 16, 1.08261, -0.0435467, 0.216613, 0.0116123
0.878978, 17, 1.09669, 0.011841, 0.20373, 0.00605816
0.878978, 18, 1.07525, 0.0332432, 0.260273, 0.00760764
0.878978, 19, 1.07526, 0.00220194, 0.206469, 0.00866864
0.878978, 20, 1.10979, 0.0200997, 0.268084, 0.00758763
0.878978, 21, 1.09721, -0.0229817, 0.187242, 0.00853729
0.878978, 22, 1.10303, -0.0161961, 0.204588, 0.00749685
0.878978, 23, 1.07664, -0.0268011, 0.247654, 0.0103287
0.878978, 24, 1.09731, 0.00439311, 0.225806, 0.00736024
0.878978, 25, 1.09899, -0.0476493, 0.267517, 0.00916424
0.878978, 26, 1.12153, 0.00406446, 0.206082, 0.0105389
0.878978, 27, 1.10396, -0.0107003, 0.227482, 0.0067
0.878978, 28, 1.08299, -0.0234716, 0.204292, 0.00937329
0.878978, 29, 1.09198, -0.0316438, 0.295483, 0.00685871
0.878978, 30, 1.07679, 0.0214507, 0.223156, 0.0100418
0.898955, 0, 1.12063, -0.0048449, 0.239777, 0.00866401
0.898955, 1, 1.11033, -0.0400685, 0.232123, 0.00848903
0.898955, 2, 1.12266, 0.0426644, 0.162286, 0.00854844
0.898955, 3, 1.10615, 0.0303076, 0.176461, 0.0112522
0.898955, 4, 1.10471, -0.0291668, 0.251999, 0.00887362
0.898955, 5, 1.09921, -0.0099055, 0.167885, 0.00735082
0.898955, 6, 1.11558, 0.00840896, 0.232289, 0.0052252
0.898955, 7, 1.14229, -0.0175913, 0.244051, 0.0108577
0.898955, 8, 1.13778, -0.0387877, 0.244591, 0.00874757
0.898955, 9, 1.11554, -0.0267838, 0.199061, 0.00575349
0.898955, 10, 1.14572, 0.000570091, 0.163481, 0.0105698
0.898955, 11, 1.11913, 0.0216722, 0.201425, 0.00734338
0.898955, 12, 1.13442, -0.0459406, 0.180617, 0.00884357
0.898955, 13, 1.14529, 0.0384761, 0.253569, 0.00670428
0.898955, 14, 1.13557, 0.0101847, 0.235267, 0.00785765
0.898955, 15, 1.1208, -0.0470955, 0.212158, 0.00906306
0.898955, 16, 1.10232, -0.0444622, 0.200955, 0.0116123
0.898955, 17, 1.11594, 0.011841, 0.18692, 0.00605816
0.898955, 18, 1.09374, 0.0332432, 0.243463, 0.00760764
0.898955, 19, 1.094, 0.00220194, 0.189659, 0.00866864
0.898955, 20, 1.13135, 0.0200997, 0.251274, 0.00758763
0.898955, 21, 1.11535, -0.0229817, 0.170432, 0.00853729
0.898955, 22, 1.12319, -0.0161961, 0.187778, 0.00749685
0.898955, 23, 1.09655, -0.0268011, 0.230844, 0.0103287
0.898955, 24, 1.1181, 0.00439311, 0.208996, 0.00736024
0.898955, 25, 1.11904, -0.0476493, 0.250707, 0.00916424
0.898955, 26, 1.14331, 0.00406446, 0.189272, 0.0105389
0.898955, 27, 1.12431, -0.0107003, 0.212421, 0.0067
0.898955, 28, 1.10245, -0.0213494, 0.189042, 0.00937329
0.898955, 29, 1.1116, -0.0316438, 0.290207, 0.00685871
0.898955, 30, 1.09657, 0.0214507, 0.220687, 0.0100418
0.918932, 0, 1.14097, -0.0048449, 0.219052, 0.00866401
0.918932, 1, 1.12958, -0.040374, 0.211427, 0.00848903
0.918932, 2, 1.14064, 0.0499789, 0.146332, 0.00854844
0.918932, 3, 1.12377, 0.0303076, 0.167447, 0.0112522
0.918932, 4, 1.12468, -0.0291668, 0.231274, 0.00887362
0.918932, 5, 1.11496, -0.0124108, 0.161303, 0.00735082
0.918932, 6, 1.13677, 0.00840896, 0.211564, 0.0052252
0.918932, 7, 1.16255, -0.0175913, 0.223326, 0.0108577
0.918932, 8, 1.15731, -0.0387877, 0.223866, 0.00874757
0.918932, 9, 1.1336, -0.0267838, 0.178336, 0.00575349
0.918932, 10, 1.15631, -0.000299614, 0.169711, 0.0105698
0.918932, 11, 1.1389, 0.0216722, 0.1807, 0.00734338
0.918932, 12, 1.15423, -0.0459406, 0.159892, 0.00884357
0.918932, 13, 1.16561, 0.0384761, 0.232844, 0.00670428
0.918932, 14, 1.15508, 0.0101847, 0.214542, 0.00785765
0.918932, 15, 1.14184, -0.0475174, 0.192116, 0.00906306
0.918932, 16, 1.12202, -0.0453777, 0.181382, 0.0116123
0.918932, 17, 1.1352, 0.011841, 0.166195, 0.00605816
0.918932, 18, 1.1118, 0.0349667, 0.225998, 0.00760764
0.918932, 19, 1.1124, 0.00372954, 0.171116, 0.00866864
0.918932, 20, 1.15292, 0.0200997, 0.230549, 0.00758763
0.918932, 21, 1.13184, -0.0241808, 0.160546, 0.00853729
0.918932, 22, 1.14489, -0.0151927, 0.169635, 0.00749685
0.918932, 23, 1.11616, -0.0266314, 0.210102, 0.0103287
0.918932, 24, 1.1389, 0.00439311, 0.188271, 0.00736024
0.918932, 25, 1.13909, -0.0476493, 0.229981, 0.00916424
0.918932, 26, 1.16542, 0.00708789, 0.193286, 0.0105389
0.918932, 27, 1.14467, -0.0107003, 0.193445, 0.0067
0.918932, 28, 1.11889, -0.0186016, 0.176728, 0.00937329
0.918932, 29, 1.13121, -0.0316438, 0.281016, 0.00685871
0.918932, 30, 1.11654, 0.0207012, 0.212885, 0.0100418
0.938909, 0, 1.16031, -0.00588897, 0.194514, 0.00866401
0.938909, 1, 1.14872, -0.042073, 0.188906, 0.00848903
0.938909, 2, 1.15787, 0.061229, 0.12903, 0.00854844
0.938909, 3, 1.13594, 0.0303076, 0.179979, 0.0112522
0.938909, 4, 1.14476, -0.029235, 0.206845, 0.00887362
0.938909, 5, 1.12554, -0.0209376, 0.159848, 0.00735082
0.938909, 6, 1.15797, 0.00840896, 0.186924, 0.0052252
0.938909, 7, 1.18281, -0.0175913, 0.198686, 0.0108577
0.938909, 8, 1.17683, -0.0387877, 0.199226, 0.00874757
0.938909, 9, 1.15456, -0.0313751, 0.17596, 0.00575349
0.938909, 10, 1.17583, 0.00532387, 0.171547, 0.0105698
0.938909, 11, 1.16004, 0.0241459, 0.159204, 0.00734338
0.938909, 12, 1.17404, -0.0459406, 0.135252, 0.00884357
0.938909, 13, 1.18592, 0.0384761, 0.208204, 0.00670428
0.938909, 14, 1.17018, 0.0084963, 0.198864, 0.00785765
0.938909, 15, 1.16289, -0.0479393, 0.168159, 0.00906306
0.938909, 16, 1.14149, -0.0474311, 0.158412, 0.0116123
0.938909, 17, 1.14712, 0.00743591, 0.158223, 0.00605816
0.938909, 18, 1.12872, 0.0413554, 0.213439, 0.00760764
0.938909, 19, 1.12874, 0.0126941, 0.16117, 0.00866864
0.938909, 20, 1.17036, 0.0284252, 0.220121, 0.00758763
0.938909, 21, 1.14346, -0.0247553, 0.162009, 0.00853729
0.938909, 22, 1.16169, -0.0246855, 0.16692, 0.00749685
0.938909, 23, 1.1355, -0.0282538, 0.190185, 0.0103287
0.938909, 24, 1.14449, 0.00696142, 0.17929, 0.00736024
0.938909, 25, 1.15915, -0.0476493, 0.205342, 0.00916424
0.938909, 26, 1.19152, 0.00897659, 0.189971, 0.0105389
0.938909, 27, 1.16527, -0.00948899, 0.172236, 0.0067
0.938909, 28, 1.12827, -0.0120914, 0.173694, 0.00937329
0.938909, 29, 1.15083, -0.0316438, 0.267911, 0.00685871
0.938909, 30, 1.137, 0.0179233, 0.197332, 0.0100418
0.938909, 31, 1.15126, 0.0437885, 0.221597, 0.00806177
0.958885, 0, 1.17457, -0.0102291, 0.170318, 0.00866401
0.958885, 1, 1.15876, -0.0505237, 0.170059, 0.00848903
0.958885, 2, 1.1751, 0.0724792, 0.107814, 0.00854844
0.958885, 3, 1.1477, 0.0369999, 0.174005, 0.0112522
0.958885, 4, 1.17202, -0.0337655, 0.192165, 0.00887362
0.958885, 5, 1.12992, -0.0240647, 0.160018, 0.00735082
0.958885, 6, 1.17916, 0.00840896, 0.158369, 0.0052252
0.958885, 7, 1.20307, -0.0175913, 0.170132, 0.0108577
0.958885, 8, 1.19635, -0.0387877, 0.170671, 0.00874757
0.958885, 9, 1.16994, -0.0364696, 0.160015, 0.00575349
0.958885, 10, 1.19884, 0.0109368, 0.16442, 0.0105698
0.958885, 11, 1.17661, 0.0299161, 0.167901, 0.00734338
0.958885, 12, 1.19384, -0.0459406, 0.106697, 0.00884357
0.958885, 13, 1.20624, 0.0384761, 0.179649, 0.00670428
0.958885, 14, 1.18761, 0.00862695, 0.183767, 0.00785765
0.958885, 15, 1.18393, -0.0483612, 0.140287, 0.00906306
0.958885, 16, 1.16039, -0.0521898, 0.132758, 0.0116123
0.958885, 17, 1.15388, -0.00162788, 0.158506, 0.00605816
0.958885, 18, 1.14565, 0.0477441, 0.196966, 0.00760764
0.958885, 19, 1.13731, 0.0205636, 0.162667, 0.00866864
0.958885, 20, 1.1866, 0.041038, 0.214175, 0.00758763
0.958885, 21, 1.15872, -0.017995, 0.161645, 0.00853729
0.958885, 22, 1.18369, -0.0243076, 0.165632, 0.00749685
0.958885, 23, 1.14953, -0.0326916, 0.171423, 0.0103287
0.958885, 24, 1.14581, 0.0105642, 0.17826, 0.00736024
0.958885, 25, 1.1821, -0.0499526, 0.182275, 0.00916424
0.958885, 26, 1.21885, 0.010291, 0.1799, 0.0105389
0.958885, 27, 1.18559, -0.00512125, 0.160141, 0.0067
0.958885, 28, 1.13804, 0.000889491, 0.164749, 0.00937329
0.958885, 29, 1.17045, -0.0316438, 0.25089, 0.00685871
0.958885, 30, 1.15936, 0.00714738, 0.199724, 0.0100418
0.958885, 31, 1.17023, 0.0444728, 0.216462, 0.00806177
0.958885, 32, 1.20082, 0.0465816, 0.27182, 0.013915
0.978862, 0, 1.18952, -0.00543952, 0.170057, 0.00866401
0.978862, 1, 1.1665, -0.0590346, 0.145808, 0.00848903
0.978862, 2, 1.19233, 0.0837294, 0.0826823, 0.00854844
0.978862, 3, 1.16097, 0.0449913, 0.163344, 0.0112522
0.978862, 4, 1.19817, -0.0391322, 0.176686, 0.00887362
0.978862, 5, 1.13436, -0.0264873, 0.159464, 0.00735082
0.978862, 6, 1.19173, 0.00840896, 0.165069, 0.0052252
0.978862, 7, 1.21507, -0.0175913, 0.17764, 0.0108577
0.978862, 8, 1.21717, -0.0442725, 0.158631, 0.00874757
0.978862, 9, 1.18372, -0.0423816, 0.161279, 0.00575349
0.978862, 10, 1.2191, 0.0147867, 0.169612, 0.0105698
0.978862, 11, 1.19315, 0.0356842, 0.172787, 0.00734338
0.978862, 12, 1.21365, -0.0459406, 0.0742271, 0.00884357
0.978862, 13, 1.22446, 0.0437204, 0.158786, 0.00670428
0.978862, 14, 1.20139, 0.0103937, 0.178745, 0.00785765
0.978862, 15, 1.20497, -0.0487831, 0.1085, 0.00906306
0.978862, 16, 1.1793, -0.0569484, 0.10319, 0.0116123
0.978862, 17, 1.1576, 0.00157187, 0.158114, 0.00605816
0.978862, 18, 1.16325, 0.0565733, 0.183249, 0.00760764
0.978862, 19, 1.14043, 0.0268777, 0.163496, 0.00866864
0.978862, 20, 1.20925, 0.0496448, 0.202747, 0.00758763
0.978862, 21, 1.16823, -0.0166811, 0.162647, 0.00853729
0.978862, 22, 1.20652, -0.0299715, 0.162282, 0.00749685
0.978862, 23, 1.16042, -0.0423821, 0.160834, 0.0103287
0.978862, 24, 1.15285, 0.0154788, 0.181795, 0.00736024
0.978862, 25, 1.20012, -0.0622124, 0.167881, 0.00916424
0.978862, 26, 1.24618, 0.0116054, 0.165914, 0.0105389
0.978862, 27, 1.20609, -0.0025386, 0.167452, 0.0067
0.978862, 28, 1.14479, 0.00859065, 0.166613, 0.00937329
0.978862, 29, 1.19007, -0.0316438, 0.229954, 0.00685871
0.978862, 30, 1.18179, -0.00387426, 0.198866, 0.0100418
0.978862, 31, 1.18386, 0.0484972, 0.208718, 0.00806177
0.978862, 32, 1.21867, 0.0465816, 0.267059, 0.013915
0.998839, 0, 1.20554, -0.00179132, 0.168817, 0.00866401
0.998839, 1, 1.17424, -0.0675456, 0.117642, 0.00848903
0.998839, 2, 1.20956, 0.0949796, 0.053636, 0.00854844
0.998839, 3, 1.17395, 0.0519333, 0.145894, 0.0112522
0.998839, 4, 1.22069, -0.0472446, 0.167535, 0.00887362
0.998839, 5, 1.13882, -0.0279466, 0.15935, 0.00735082
0.998839, 6, 1.20564, 0.0178602, 0.164954, 0.0052252
0.998839, 7, 1.22448, -0.0176537, 0.195153, 0.0108577
0.998839, 8, 1.24275, -0.0583804, 0.154517, 0.00874757
0.998839, 9, 1.19687, -0.0489202, 0.162036, 0.00575349
0.998839, 10, 1.2386, 0.0183158, 0.17473, 0.0105698
0.998839, 11, 1.2097, 0.0414524, 0.173759, 0.00734338
0.998839, 12, 1.23346, -0.0459406, 0.0378425, 0.00884357
0.998839, 13, 1.23784, 0.061044, 0.16075, 0.00670428
0.998839, 14, 1.21475, 0.0170405, 0.176399, 0.00785765
0.998839, 15, 1.22601, -0.049205, 0.0727981, 0.00906306
0.998839, 16, 1.1982, -0.061707, 0.0697059, 0.0116123
0.998839, 17, 1.16321, 0.00688606, 0.158058, 0.00605816
0.998839, 18, 1.1818, 0.068798, 0.174915, 0.00760764
0.998839, 19, 1.1437, 0.0338587, 0.163837, 0.00866864
0.998839, 20, 1.23191, 0.0582515, 0.187405, 0.00758763
0.998839, 21, 1.17665, -0.0172378, 0.163229, 0.00853729
0.998839, 22, 1.22462, -0.0270787, 0.165595, 0.00749685
0.998839, 23, 1.16904, -0.0564555, 0.157693, 0.0103287
0.998839, 24, 1.16059, 0.0211727, 0.183675, 0.00736024
0.998839, 25, 1.21162, -0.0842598, 0.160886, 0.00916424
0.998839, 26, 1.26871, 0.012893, 0.170084, 0.0105389
0.998839, 27, 1.22794, -0.00747968, 0.159731, 0.0067
0.998839, 28, 1.1499, 0.0147412, 0.170163, 0.00937329
0.998839, 29, 1.20968, -0.0316438, 0.205104, 0.00685871
0.998839, 30, 1.20384, -0.014817, 0.194199, 0.0100418
0.998839, 31, 1.19748, 0.0525216, 0.197059, 0.00806177
0.998839, 32, 1.23652, 0.0465816, 0.258382, 0.013915
1.01882, 0, 1.22151, 0.00153439, 0.16382, 0.00866401
1.01882, 1, 1.18197, -0.0760565, 0.0855614, 0.00848903
1.01882, 2, 1.22679, 0.10623, 0.0206748, 0.00854844
1.01882, 3, 1.18693, 0.0588753, 0.12453, 0.0112522
1.01882, 4, 1.2432, -0.055357, 0.154469, 0.00887362
1.01882, 5, 1.14316, -0.0285829, 0.15935, 0.00735082
1.01882, 6, 1.21982, 0.0287815, 0.160204, 0.0052252
1.01882, 7, 1.24565, -0.0201237, 0.205551, 0.0108577
1.01882, 8, 1.26833, -0.0724882, 0.146488, 0.00874757
1.01882, 9, 1.21002, -0.0554588, 0.158877, 0.00575349
1.01882, 10, 1.2581, 0.0218449, 0.175933, 0.0105698
1.01882, 11, 1.22624, 0.0472206, 0.170815, 0.00734338
1.01882, 12, 1.24654, -0.051552, 0.0289012, 0.00884357
1.01882, 13, 1.25122, 0.0783676, 0.1588, 0.00670428
1.01882, 14, 1.22811, 0.0236873, 0.170137, 0.00785765
1.01882, 15, 1.24474, -0.052055, 0.054777, 0.00906306
1.01882, 16, 1.21711, -0.0664656, 0.0323074, 0.0116123
1.01882, 17, 1.16908, 0.0123312, 0.158058, 0.00605816
1.01882, 18, 1.20035, 0.0810226, 0.162667, 0.00760764
1.01882, 19, 1.14697, 0.0408398, 0.160262, 0.00866864
1.01882, 20, 1.25457, 0.0668582, 0.168147, 0.00758763
1.01882, 21, 1.18497, -0.0178851, 0.160773, 0.00853729
1.01882, 22, 1.24165, -0.0242695, 0.169709, 0.00749685
1.01882, 23, 1.17765, -0.0705289, 0.150638, 0.0103287
1.01882, 24, 1.16899, 0.0275997, 0.183765, 0.00736024
1.01882, 25, 1.22313, -0.106307, 0.149977, 0.00916424
1.01882, 26, 1.2898, 0.0141703, 0.176924, 0.0105389
1.01882, 27, 1.24699, -0.0112236, 0.161562, 0.0067
1.01882, 28, 1.15469, 0.0205368, 0.168769, 0.00937329
1.01882, 29, 1.2293, -0.0316438, 0.176339, 0.00685871
1.01882, 30, 1.21101, -0.0227162, 0.189663, 0.0100418
1.01882, 31, 1.2111, 0.056546, 0.181485, 0.00806177
1.01882, 32, 1.25437, 0.0465816, 0.245791, 0.013915
1.03879, 0, 1.23576, 0.00439959, 0.162949, 0.00866401
1.03879, 1, 1.18971, -0.0845674, 0.0495658, 0.00848903
1.03879, 32, 1.27222, 0.0465816, 0.229285, 0.013915
1.03879, 3, 1.19991, 0.0658174, 0.099251, 0.0112522
1.03879, 4, 1.26572, -0.0634694, 0.137488, 0.00887362
1.03879, 5, 1.14732, -0.0290142, 0.15935, 0.00735082
1.03879, 6, 1.2319, 0.0392402, 0.157655, 0.0052252
1.03879, 7, 1.26682, -0.0225938, 0.212033, 0.0108577
1.03879, 8, 1.29391, -0.086596, 0.134543, 0.00874757
1.03879, 9, 1.22317, -0.0619974, 0.151804, 0.00575349
1.03879, 10, 1.2776, 0.025374, 0.173222, 0.0105698
1.03879, 11, 1.24279, 0.0529888, 0.163956, 0.00734338
1.03879, 12, 1.2528, -0.0616699, 0.0493334, 0.00884357
1.03879, 13, 1.26459, 0.0956913, 0.152935, 0.00670428
1.03879, 14, 1.24222, 0.0297875, 0.161163, 0.00785765
1.03879, 15, 1.25961, -0.0589679, 0.0689852, 0.00906306
1.03879, 16, 1.22817, -0.0786816, 0.0405907, 0.0116123
1.03879, 17, 1.17484, 0.0176783, 0.158058, 0.00605816
1.03879, 18, 1.21891, 0.0932472, 0.146503, 0.00760764
1.03879, 19, 1.15023, 0.0478208, 0.152773, 0.00866864
1.03879, 20, 1.27723, 0.0754649, 0.144975, 0.00758763
1.03879, 21, 1.19253, -0.0192459, 0.161394, 0.00853729
1.03879, 22, 1.26008, -0.0226629, 0.17085, 0.00749685
1.03879, 23, 1.18627, -0.0846023, 0.139668, 0.0103287
1.03879, 24, 1.17738, 0.0340267, 0.17994, 0.00736024
1.03879, 25, 1.23464, -0.128355, 0.135152, 0.00916424
1.03879, 26, 1.3109, 0.0154476, 0.179848, 0.0105389
1.03879, 27, 1.26612, -0.0116617, 0.158819, 0.0067
1.03879, 28, 1.15947, 0.0263325, 0.16346, 0.00937329
1.03879, 29, 1.24281, -0.0327123, 0.16503, 0.00685871
1.03879, 30, 1.21819, -0.0306155, 0.181213, 0.0100418
1.03879, 31, 1.22472, 0.0605704, 0.161996, 0.00806177
1.05877, 0, 1.24875, 0.00692656, 0.164064, 0.00866401
1.05877, 1, 1.19745, -0.0930783, 0.0096554, 0.00848903
1.05877, 32, 1.29006, 0.0465816, 0.208864, 0.013915
1.05877, 3, 1.21289, 0.0727594, 0.070057, 0.0112522
1.05877, 4, 1.28824, -0.0715818, 0.116592, 0.00887362
1.05877, 5, 1.15133, -0.0294307, 0.15935, 0.00735082
1.05877, 6, 1.24166, 0.0496775, 0.156026, 0.0052252
1.05877, 7, 1.28799, -0.0250639, 0.214601, 0.0108577
1.05877, 8, 1.31949, -0.100704, 0.118684, 0.00874757
1.05877, 9, 1.23633, -0.0685361, 0.140815, 0.00575349
1.05877, 10, 1.2971, 0.028903, 0.166596, 0.0105698
1.05877, 11, 1.25933, 0.0587569, 0.153183, 0.00734338
1.05877, 12, 1.25907, -0.0717879, 0.0658506, 0.00884357
1.05877, 13, 1.27797, 0.113015, 0.143155, 0.00670428
1.05877, 14, 1.25422, 0.0347491, 0.16342, 0.00785765
1.05877, 15, 1.27448, -0.0658808, 0.0792786, 0.00906306
1.05877, 16, 1.23665, -0.0933196, 0.0612036, 0.0116123
1.05877, 17, 1.18049, 0.0229275, 0.158058, 0.00605816
1.05877, 18, 1.23746, 0.105472, 0.126424, 0.00760764
1.05877, 19, 1.1535, 0.0548019, 0.141369, 0.00866864
1.05877, 20, 1.29988, 0.0840716, 0.117888, 0.00758763
1.05877, 21, 1.20017, -0.0203009, 0.160918, 0.00853729
1.05877, 22, 1.27864, -0.0224125, 0.169112, 0.00749685
1.05877, 23, 1.19489, -0.0986757, 0.124783, 0.0103287
1.05877, 24, 1.18578, 0.0404537, 0.1722, 0.00736024
1.05877, 25, 1.24614, -0.150402, 0.116413, 0.00916424
1.05877, 26, 1.332, 0.0167248, 0.178857, 0.0105389
1.05877, 27, 1.28342, -0.00991126, 0.159962, 0.0067
1.05877, 28, 1.16553, 0.0324176, 0.164175, 0.00937329
1.05877, 29, 1.25062, -0.0336527, 0.177476, 0.00685871
1.05877, 30, 1.22537, -0.0385147, 0.168848, 0.0100418
1.05877, 31, 1.23835, 0.0645948, 0.138593, 0.00806177
1.07875, 0, 1.26175, 0.00945353, 0.161265, 0.00866401
1.07875, 31, 1.25197, 0.0686192, 0.111274, 0.00806177
1.07875, 32, 1.30791, 0.0465816, 0.184528, 0.013915
1.07875, 3, 1.22587, 0.0797014, 0.0369481, 0.0112522
1.07875, 4, 1.31075, -0.0796942, 0.0917817, 0.00887362
1.07875, 5, 1.1552, -0.0298322, 0.15935, 0.00735082
1.07875, 6, 1.25141, 0.0601148, 0.150483, 0.0052252
1.07875, 7, 1.30916, -0.0275339, 0.213254, 0.0108577
1.07875, 8, 1.34508, -0.114812, 0.0989106, 0.00874757
1.07875, 9, 1.24948, -0.0750747, 0.125912, 0.00575349
1.07875, 10, 1.31461, 0.0318135, 0.165755, 0.0105698
1.07875, 11, 1.27588, 0.0645251, 0.138495, 0.00734338
1.07875, 12, 1.26533, -0.0819059, 0.078453, 0.00884357
1.07875, 13, 1.29135, 0.130338, 0.12946, 0.00670428
1.07875, 14, 1.2657, 0.0396212, 0.164127, 0.00785765
1.07875, 15, 1.28935, -0.0727938, 0.085657, 0.00906306
1.07875, 16, 1.24512, -0.107957, 0.0779016, 0.0116123
1.07875, 17, 1.18841, 0.0271563, 0.158434, 0.00605816
1.07875, 18, 1.25601, 0.117696, 0.102431, 0.00760764
1.07875, 19, 1.15676, 0.061783, 0.126051, 0.00866864
1.07875, 20, 1.32254, 0.0926784, 0.0868863, 0.00758763
1.07875, 21, 1.20768, -0.0213069, 0.160553, 0.00853729
1.07875, 22, 1.2972, -0.0221621, 0.163458, 0.00749685
1.07875, 23, 1.20351, -0.112749, 0.105983, 0.0103287
1.07875, 24, 1.19417, 0.0468806, 0.160546, 0.00736024
1.07875, 25, 1.25765, -0.172449, 0.0937582, 0.00916424
1.07875, 26, 1.35309, 0.0180021, 0.173952, 0.0105389
1.07875, 27, 1.30032, -0.00816944, 0.158994, 0.0067
1.07875, 28, 1.17193, 0.0295231, 0.161568, 0.00937329
1.07875, 29, 1.25842, -0.034593, 0.186007, 0.00685871
1.07875, 30, 1.23254, -0.0464139, 0.152567, 0.0100418
1.07875, 33, 1.3141, 0.0154154, 0.261906, 0.00851243
1.09872, 0, 1.27314, 0.0116225, 0.161969, 0.00866401
1.09872, 31, 1.26559, 0.0726436, 0.080041, 0.00806177
1.09872, 32, 1.32392, 0.0533269, 0.169396, 0.013915
1.09872, 34, 1.33289, -0.00757033, 0.217465, 0.00967673
1.09872, 4, 1.33327, -0.0878066, 0.0630562, 0.00887362
1.09872, 5, 1.15796, -0.0299696, 0.157349, 0.00735082
1.09872, 6, 1.26117, 0.0705522, 0.141025, 0.0052252
1.09872, 7, 1.33033, -0.030004, 0.207991, 0.0108577
1.09872, 8, 1.37066, -0.12892, 0.0752218, 0.00874757
1.09872, 9, 1.26263, -0.0816133, 0.107094, 0.00575349
1.09872, 10, 1.32998, 0.025198, 0.175895, 0.0105698
1.09872, 11, 1.29242, 0.0702933, 0.119891, 0.00734338
1.09872, 12, 1.2716, -0.0920238, 0.0871405, 0.00884357
1.09872, 13, 1.30472, 0.147662, 0.111851, 0.00670428
1.09872, 14, 1.27719, 0.0444933, 0.160919, 0.00785765
1.09872, 15, 1.30422, -0.0797067, 0.0881205, 0.00906306
1.09872, 16, 1.2536, -0.122595, 0.0906847, 0.0116123
1.09872, 17, 1.20282, 0.0287935, 0.158147, 0.00605816
1.09872, 18, 1.27457, 0.129921, 0.0745226, 0.00760764
1.09872, 19, 1.16003, 0.068764, 0.106817, 0.00866864
1.09872, 20, 1.3452, 0.101285, 0.0519695, 0.00758763
1.09872, 21, 1.21504, -0.0222849, 0.160537, 0.00853729
1.09872, 22, 1.31403, -0.0218855, 0.16167, 0.00749685
1.09872, 23, 1.21212, -0.126823, 0.0832683, 0.0103287
1.09872, 24, 1.20257, 0.0533076, 0.144976, 0.00736024
1.09872, 25, 1.26916, -0.194497, 0.0671889, 0.00916424
1.09872, 26, 1.37419, 0.0192794, 0.165132, 0.0105389
1.09872, 27, 1.31619, -0.00645477, 0.158709, 0.0067
1.09872, 28, 1.17671, 0.0258722, 0.160849, 0.00937329
1.09872, 29, 1.26623, -0.0355334, 0.190624, 0.00685871
1.09872, 30, 1.23972, -0.0543131, 0.132372, 0.0100418
1.09872, 33, 1.33498, 0.0154154, 0.257102, 0.00851243
1.1187, 0, 1.28407, 0.0136885, 0.160928, 0.00866401
1.1187, 31, 1.27921, 0.076668, 0.0448928, 0.00806177
1.1187, 32, 1.33983, 0.0603862, 0.150963, 0.013915
1.1187, 34, 1.35399, -0.00757033, 0.214112, 0.00967673
1.1187, 4, 1.35579, -0.095919, 0.0304157, 0.00887362
1.1187, 5, 1.15864, -0.0299632, 0.154712, 0.00735082
1.1187, 6, 1.27092, 0.0809895, 0.127651, 0.0052252
1.1187, 7, 1.3515, -0.032474, 0.198814, 0.0108577
1.1187, 8, 1.39624, -0.143027, 0.0476181, 0.00874757
1.1187, 9, 1.2734, -0.0830795, 0.0888706, 0.00575349
1.1187, 10, 1.34439, 0.0194217, 0.189732, 0.0105698
1.1187, 11, 1.30897, 0.0760615, 0.0973732, 0.00734338
1.1187, 12, 1.27852, -0.103539, 0.0906713, 0.00884357
1.1187, 13, 1.3181, 0.164986, 0.0903261, 0.00670428
1.1187, 14, 1.28867, 0.0493654, 0.153796, 0.00785765
1.1187, 15, 1.31909, -0.0866196, 0.0866692, 0.00906306
1.1187, 16, 1.26208, -0.137233, 0.099553, 0.0116123
1.1187, 17, 1.21631, 0.0306171, 0.158058, 0.00605816
1.1187, 18, 1.29312, 0.142146, 0.0426994, 0.00760764
1.1187, 19, 1.1633, 0.0757451, 0.0836683, 0.00866864
1.1187, 20, 1.36785, 0.109892, 0.0131378, 0.00758763
1.1187, 21, 1.22224, -0.0232573, 0.160537, 0.00853729
1.1187, 22, 1.32929, -0.021585, 0.16307, 0.00749685
1.1187, 23, 1.22074, -0.140896, 0.0566386, 0.0103287
1.1187, 24, 1.21096, 0.0597346, 0.125491, 0.00736024
1.1187, 25, 1.28067, -0.216544, 0.0367047, 0.00916424
1.1187, 26, 1.39205, 0.0203888, 0.167435, 0.0105389
1.1187, 27, 1.33114, -0.00477475, 0.1587, 0.0067
1.1187, 28, 1.18027, 0.025852, 0.1578, 0.00937329
1.1187, 29, 1.27404, -0.0364738, 0.191325, 0.00685871
1.1187, 30, 1.2469, -0.0622124, 0.108262, 0.0100418
1.1187, 33, 1.35585, 0.0154154, 0.248384, 0.00851243
1.13868, 0, 1.29396, 0.0155338, 0.160779, 0.00866401
1.13868, 31, 1.29284, 0.0806924, 0.00582971, 0.00806177
1.13868, 32, 1.35575, 0.0674455, 0.128615, 0.013915
1.13868, 34, 1.37509, -0.00757033, 0.206843, 0.00967673
1.13868, 35, 1.37699, -0.0279677, 0.224821, 0.00632506
1.13868, 5, 1.15799, -0.0299646, 0.152902, 0.00735082
1.13868, 6, 1.28068, 0.0914268, 0.110363, 0.0052252
1.13868, 7, 1.37267, -0.0349441, 0.185722, 0.0108577
1.13868, 8, 1.42182, -0.157135, 0.0160995, 0.00874757
1.13868, 9, 1.28149, -0.078879, 0.0717678, 0.00575349
1.13868, 10, 1.3588, 0.0136453, 0.199653, 0.0105698
1.13868, 11, 1.32551, 0.0818297, 0.0709402, 0.00734338
1.13868, 12, 1.28618, -0.116614, 0.0889006, 0.00884357
1.13868, 13, 1.33148, 0.182309, 0.0648867, 0.00670428
1.13868, 14, 1.30016, 0.0542376, 0.142758, 0.00785765
1.13868, 15, 1.33396, -0.0935325, 0.0813029, 0.00906306
1.13868, 16, 1.27056, -0.151871, 0.104506, 0.0116123
1.13868, 17, 1.22894, 0.0325779, 0.158058, 0.00605816
1.13868, 18, 1.31167, 0.15437, 0.00696131, 0.00760764
1.13868, 19, 1.16656, 0.0827261, 0.0566049, 0.00866864
1.13868, 33, 1.37673, 0.0154154, 0.235751, 0.00851243
1.13868, 21, 1.2293, -0.0242104, 0.160537, 0.00853729
1.13868, 22, 1.34454, -0.0212846, 0.160555, 0.00749685
1.13868, 23, 1.22936, -0.154969, 0.026094, 0.0103287
1.13868, 24, 1.21936, 0.0661616, 0.102092, 0.00736024
1.13868, 25, 1.29217, -0.238592, 0.00230561, 0.00916424
1.13868, 26, 1.4088, 0.0214407, 0.170956, 0.0105389
1.13868, 27, 1.34525, -0.00313532, 0.1587, 0.0067
1.13868, 28, 1.18064, 0.0258526, 0.155021, 0.00937329
1.13868, 29, 1.28185, -0.0374142, 0.188112, 0.00685871
1.13868, 30, 1.25407, -0.0701116, 0.0802374, 0.0100418
1.15865, 0, 1.30334, 0.0172747, 0.160681, 0.00866401
1.15865, 29, 1.28966, -0.0383546, 0.180983, 0.00685871
1.15865, 32, 1.37166, 0.0745048, 0.102352, 0.013915
1.15865, 34, 1.39619, -0.00757033, 0.19566, 0.00967673
1.15865, 35, 1.39431, -0.0279677, 0.221523, 0.00632506
1.15865, 5, 1.15656, -0.0299646, 0.152077, 0.00735082
1.15865, 6, 1.29044, 0.101864, 0.0891604, 0.0052252
1.15865, 7, 1.39383, -0.0374142, 0.168716, 0.0108577
1.15865, 36, 1.36524, -0.00734044, 0.220094, 0.0074001
1.15865, 9, 1.28958, -0.0746785, 0.0507501, 0.00575349
1.15865, 10, 1.37321, 0.00786892, 0.205659, 0.0105698
1.15865, 11, 1.34206, 0.0875978, 0.0405923, 0.00734338
1.15865, 12, 1.29384, -0.129689, 0.083215, 0.00884357
1.15865, 13, 1.34485, 0.199633, 0.0355323, 0.00670428
1.15865, 14, 1.31164, 0.0591097, 0.127806, 0.00785765
1.15865, 15, 1.34883, -0.100445, 0.0720218, 0.00906306
1.15865, 16, 1.27903, -0.166509, 0.105545, 0.0116123
1.15865, 17, 1.24075, 0.034636, 0.158058, 0.00605816
1.15865, 28, 1.17987, 0.0258523, 0.153098, 0.00937329
1.15865, 19, 1.16983, 0.0897072, 0.0256265, 0.00866864
1.15865, 33, 1.3976, 0.0154154, 0.219202, 0.00851243
1.15865, 21, 1.23621, -0.0251443, 0.160537, 0.00853729
1.15865, 22, 1.35838, -0.020979, 0.160554, 0.00749685
1.15865, 27, 1.35861, -0.00154496, 0.1587, 0.0067
1.15865, 24, 1.22776, 0.0725886, 0.0747776, 0.00736024
1.15865, 30, 1.26125, -0.0780108, 0.0482977, 0.0100418
1.15865, 26, 1.42555, 0.0224926, 0.170562, 0.0105389
1.17863, 0, 1.31261, 0.018997, 0.160663, 0.00866401
1.17863, 29, 1.29747, -0.039295, 0.16994, 0.00685871
1.17863, 32, 1.38758, 0.0815641, 0.0721743, 0.013915
1.17863, 34, 1.41729, -0.00757033, 0.180561, 0.00967673
1.17863, 35, 1.41163, -0.0279677, 0.214311, 0.00632506
1.17863, 26, 1.4423, 0.0235445, 0.166254, 0.0105389
1.17863, 6, 1.30019, 0.112301, 0.0640426, 0.0052252
1.17863, 7, 1.41155, -0.0437234, 0.168318, 0.0108577
1.17863, 36, 1.38573, -0.0140989, 0.220558, 0.0074001
1.17863, 9, 1.29767, -0.070478, 0.0258175, 0.00575349
1.17863, 10, 1.38766, 0.0044119, 0.205872, 0.0105698
1.17863, 11, 1.3586, 0.093366, 0.00632949, 0.00734338
1.17863, 12, 1.30149, -0.142764, 0.0736145, 0.00884357
1.17863, 13, 1.35823, 0.216957, 0.00226301, 0.00670428
1.17863, 14, 1.32312, 0.0639818, 0.108938, 0.00785765
1.17863, 15, 1.3637, -0.107358, 0.0588257, 0.00906306
1.17863, 16, 1.28751, -0.181147, 0.102668, 0.0116123
1.17863, 17, 1.25155, 0.0360582, 0.158114, 0.00605816
1.17863, 28, 1.17816, 0.0258544, 0.152124, 0.00937329
1.17863, 37, 1.39117, -0.0491611, 0.208238, 0.0120159
1.17863, 33, 1.41848, 0.0154154, 0.198739, 0.00851243
1.17863, 21, 1.24041, -0.0254875, 0.158403, 0.00853729
1.17863, 22, 1.37162, -0.020674, 0.159776, 0.00749685
1.17863, 27, 1.37173, 2.19985e-05, 0.1587, 0.0067
1.17863, 24, 1.23615, 0.0790155, 0.0435484, 0.00736024
1.17863, 30, 1.26843, -0.08591, 0.012443, 0.0100418
1.19861, 0, 1.32174, 0.0206939, 0.160663, 0.00866401
1.19861, 29, 1.3053, -0.0409988, 0.155988, 0.00685871
1.19861, 32, 1.4035, 0.0886235, 0.0380817, 0.013915
1.19861, 34, 1.43838, -0.00757033, 0.161558, 0.00967673
1.19861, 35, 1.42894, -0.0279677, 0.203183, 0.00632506
1.19861, 26, 1.45827, 0.0245493, 0.164665, 0.0105389
1.19861, 6, 1.30995, 0.122739, 0.0350099, 0.0052252
1.19861, 7, 1.42742, -0.0520929, 0.174968, 0.0108577
1.19861, 36, 1.40614, -0.0261863, 0.221424, 0.0074001
1.19861, 9, 1.30602, -0.071224, 0.0230316, 0.00575349
1.19861, 10, 1.40213, 0.00278361, 0.200689, 0.0105698
1.19861, 24, 1.24455, 0.0854425, 0.00840431, 0.00736024
1.19861, 12, 1.30915, -0.155839, 0.0600991, 0.00884357
1.19861, 22, 1.38445, -0.0203748, 0.159546, 0.00749685
1.19861, 14, 1.33461, 0.0688539, 0.0861559, 0.00785765
1.19861, 15, 1.37857, -0.114271, 0.0417148, 0.00906306
1.19861, 16, 1.29599, -0.195785, 0.095877, 0.0116123
1.19861, 17, 1.26054, 0.0353474, 0.158047, 0.00605816
1.19861, 27, 1.38472, 0.00157189, 0.1587, 0.0067
1.19861, 37, 1.40958, -0.0491611, 0.20284, 0.0120159
1.19861, 33, 1.43935, 0.0154154, 0.174361, 0.00851243
1.19861, 21, 1.24146, -0.0254751, 0.155699, 0.00853729
1.21858, 0, 1.33073, 0.0223646, 0.160663, 0.00866401
1.21858, 29, 1.3134, -0.0511269, 0.149279, 0.00685871
1.21858, 32, 1.41941, 0.0956828, 7.42008e-05, 0.013915
1.21858, 34, 1.45203, -0.00757033, 0.17324, 0.00967673
1.21858, 35, 1.44626, -0.0279677, 0.188141, 0.00632506
1.21858, 26, 1.47332, 0.0254992, 0.166782, 0.0105389
1.21858, 6, 1.31971, 0.133176, 0.00206228, 0.0052252
1.21858, 7, 1.44329, -0.0604623, 0.177703, 0.0108577
1.21858, 36, 1.42656, -0.0382737, 0.218374, 0.0074001
1.21858, 9, 1.31449, -0.0743129, 0.0286827, 0.00575349
1.21858, 10, 1.4166, 0.00115533, 0.191592, 0.0105698
1.21858, 21, 1.24117, -0.0254771, 0.153626, 0.00853729
1.21858, 12, 1.31681, -0.168914, 0.0426688, 0.00884357
1.21858, 22, 1.39718, -0.0200787, 0.159496, 0.00749685
1.21858, 14, 1.34609, 0.073726, 0.0594586, 0.00785765
1.21858, 15, 1.39344, -0.121184, 0.020689, 0.00906306
1.21858, 16, 1.30447, -0.210423, 0.0851708, 0.0116123
1.21858, 17, 1.26499, 0.0350374, 0.156459, 0.00605816
1.21858, 27, 1.39756, 0.00310471, 0.1587, 0.0067
1.21858, 37, 1.428, -0.0491611, 0.193528, 0.0120159
1.21858, 33, 1.45551, 0.0154154, 0.168078, 0.00851243
1.23856, 0, 1.33958, 0.024009, 0.160663, 0.00866401
1.23856, 29, 1.32151, -0.061255, 0.138656, 0.00685871
1.23856, 33, 1.46651, 0.0154154, 0.181969, 0.00851243
1.23856, 34, 1.46557, -0.00757033, 0.181502, 0.00967673
1.23856, 35, 1.46358, -0.0279677, 0.169184, 0.00632506
1.23856, 26, 1.48837, 0.0264492, 0.164985, 0.0105389
1.23856, 37, 1.44642, -0.0491611, 0.180301, 0.0120159
1.23856, 7, 1.45917, -0.0688318, 0.176524, 0.0108577
1.23856, 36, 1.44697, -0.050361, 0.211409, 0.0074001
1.23856, 9, 1.32295, -0.0774018, 0.0304189, 0.00575349
1.23856, 10, 1.43107, -0.000472961, 0.178579, 0.0105698
1.23856, 21, 1.23992, -0.025478, 0.152372, 0.00853729
1.23856, 12, 1.32447, -0.18199, 0.0213236, 0.00884357
1.23856, 22, 1.40978, -0.019786, 0.159496, 0.00749685
1.23856, 14, 1.35758, 0.0785982, 0.0288465, 0.00785765
1.23856, 27, 1.41026, 0.00462046, 0.1587, 0.0067
1.23856, 16, 1.31294, -0.225061, 0.0705497, 0.0116123
1.23856, 17, 1.26534, 0.0349201, 0.154221, 0.00605816
1.23856, 38, 1.44571, -0.0122409, 0.278402, 0.00937722
1.25854, 0, 1.34829, 0.0256271, 0.160663, 0.00866401
1.25854, 29, 1.32961, -0.0713831, 0.124117, 0.00685871
1.25854, 33, 1.47751, 0.0154154, 0.191944, 0.00851243
1.25854, 34, 1.47912, -0.00757033, 0.185849, 0.00967673
1.25854, 35, 1.47729, -0.0279677, 0.162945, 0.00632506
1.25854, 26, 1.50362, 0.0274102, 0.16393, 0.0105389
1.25854, 37, 1.46484, -0.0491611, 0.163158, 0.0120159
1.25854, 7, 1.47504, -0.0772013, 0.171429, 0.0108577
1.25854, 36, 1.46739, -0.0624484, 0.20053, 0.0074001
1.25854, 9, 1.33142, -0.0804906, 0.0282402, 0.00575349
1.25854, 10, 1.44544, -0.00211629, 0.162462, 0.0105698
1.25854, 38, 1.46427, -0.0122409, 0.276353, 0.00937722
1.25854, 16, 1.32142, -0.239699, 0.0520137, 0.0116123
1.25854, 22, 1.42222, -0.0194966, 0.159496, 0.00749685
1.25854, 17, 1.26599, 0.0347669, 0.1528, 0.00605816
1.25854, 27, 1.42281, 0.00611915, 0.1587, 0.0067
1.27851, 0, 1.35686, 0.0272188, 0.160663, 0.00866401
1.27851, 29, 1.33771, -0.0815112, 0.105663, 0.00685871
1.27851, 33, 1.4885, 0.0154154, 0.198005, 0.00851243
1.27851, 34, 1.49266, -0.00757033, 0.186282, 0.00967673
1.27851, 35, 1.48732, -0.0279677, 0.169732, 0.00632506
1.27851, 26, 1.51909, 0.0283833, 0.164374, 0.0105389
1.27851, 37, 1.48325, -0.0491611, 0.142101, 0.0120159
1.27851, 7, 1.49091, -0.0855708, 0.16242, 0.0108577
1.27851, 36, 1.4878, -0.0745357, 0.185736, 0.0074001
1.27851, 9, 1.33989, -0.0835795, 0.0221466, 0.00575349
1.27851, 10, 1.45563, -0.00423058, 0.173832, 0.0105698
1.27851, 38, 1.48284, -0.0122409, 0.27039, 0.00937722
1.27851, 16, 1.3299, -0.254337, 0.0295627, 0.0116123
1.27851, 22, 1.43453, -0.0192106, 0.159496, 0.00749685
1.27851, 17, 1.26475, 0.034758, 0.152055, 0.00605816
1.27851, 27, 1.43522, 0.00760076, 0.1587, 0.0067
1.27851, 39, 1.48002, -0.0388011, 0.213275, 0.00787273
1.29849, 0, 1.36528, 0.0287843, 0.160663, 0.00866401
1.29849, 29, 1.34582, -0.0916393, 0.0832949, 0.00685871
1.29849, 33, 1.4995, 0.0154154, 0.200151, 0.00851243
1.29849, 34, 1.5062, -0.00757033, 0.182799, 0.00967673
1.29849, 35, 1.49735, -0.0279677, 0.172605, 0.00632506
1.29849, 26, 1.53431, 0.0293409, 0.163194, 0.0105389
1.29849, 37, 1.50167, -0.0491611, 0.117129, 0.0120159
1.29849, 7, 1.50678, -0.0939403, 0.149496, 0.0108577
1.29849, 36, 1.50822, -0.0866231, 0.167026, 0.0074001
1.29849, 9, 1.34836, -0.0866684, 0.012138, 0.00575349
1.29849, 10, 1.46581, -0.00634479, 0.181285, 0.0105698
1.29849, 38, 1.5014, -0.0122409, 0.260511, 0.00937722
1.29849, 16, 1.33838, -0.268975, 0.00319695, 0.0116123
1.29849, 22, 1.44669, -0.018928, 0.159496, 0.00749685
1.29849, 39, 1.49691, -0.0388011, 0.210572, 0.00787273
1.29849, 27, 1.44749, 0.0090653, 0.1587, 0.0067
1.29849, 40, 1.47747, -0.0103622, 0.201437, 0.0100962
1.31847, 0, 1.37332, 0.0299434, 0.160026, 0.00866401
1.31847, 29, 1.35392, -0.101767, 0.0570115, 0.00685871
1.31847, 33, 1.5105, 0.0154154, 0.198382, 0.00851243
1.31847, 34, 1.51974, -0.00757033, 0.175401, 0.00967673
1.31847, 35, 1.50738, -0.0279677, 0.171563, 0.00632506
1.31847, 26, 1.54896, 0.0302647, 0.16296, 0.0105389
1.31847, 37, 1.52009, -0.0491611, 0.0882421, 0.0120159
1.31847, 7, 1.52174, -0.102842, 0.130337, 0.0108577
1.31847, 36, 1.5315, -0.0970301, 0.151729, 0.0074001
1.31847, 27, 1.45961, 0.0105128, 0.1587, 0.0067
1.31847, 10, 1.476, -0.008459, 0.184823, 0.0105698
1.31847, 38, 1.51997, -0.0122409, 0.246718, 0.00937722
1.31847, 40, 1.49491, -0.0103622, 0.199065, 0.0100962
1.31847, 22, 1.4587, -0.0186487, 0.159496, 0.00749685
1.31847, 39, 1.51381, -0.0388011, 0.203953, 0.00787273
1.33844, 0, 1.37535, 0.0299457, 0.157264, 0.00866401
1.33844, 29, 1.36202, -0.111896, 0.0268133, 0.00685871
1.33844, 33, 1.5215, 0.0154154, 0.192698, 0.00851243
1.33844, 34, 1.53328, -0.00757033, 0.164089, 0.00967673
1.33844, 35, 1.51741, -0.0279677, 0.166606, 0.00632506
1.33844, 26, 1.56378, 0.0311976, 0.162878, 0.0105389
1.33844, 37, 1.5385, -0.0491611, 0.0554403, 0.0120159
1.33844, 7, 1.53655, -0.111833, 0.10687, 0.0108577
1.33844, 36, 1.55526, -0.107152, 0.13376, 0.0074001
1.33844, 27, 1.4716, 0.0119432, 0.1587, 0.0067
1.33844, 10, 1.48618, -0.0105732, 0.184446, 0.0105698
1.33844, 38, 1.53853, -0.0122409, 0.22901, 0.00937722
1.33844, 40, 1.51235, -0.0103622, 0.192779, 0.0100962
1.33844, 22, 1.47057, -0.0183727, 0.159496, 0.00749685
1.33844, 39, 1.5307, -0.0388011, 0.19342, 0.00787273
1.35842, 0, 1.37571, 0.0299459, 0.15489, 0.00866401
1.35842, 41, 1.55567, 0.0404575, 0.256177, 0.00746242
1.35842, 33, 1.5325, 0.0154154, 0.1831, 0.00851243
1.35842, 34, 1.54636, -0.00757033, 0.167835, 0.00967673
1.35842, 35, 1.52748, -0.0279677, 0.158455, 0.00632506
1.35842, 26, 1.57833, 0.0321145, 0.162518, 0.0105389
1.35842, 37, 1.55438, -0.0515518, 0.0334042, 0.0120159
1.35842, 7, 1.55136, -0.120825, 0.0794883, 0.0108577
1.35842, 36, 1.57903, -0.117274, 0.111875, 0.0074001
1.35842, 27, 1.48344, 0.0133565, 0.1587, 0.0067
1.35842, 10, 1.49636, -0.0126874, 0.180155, 0.0105698
1.35842, 38, 1.5571, -0.0122409, 0.207386, 0.00937722
1.35842, 40, 1.5298, -0.0103622, 0.182578, 0.0100962
1.35842, 22, 1.4823, -0.0181001, 0.159496, 0.00749685
1.35842, 39, 1.54759, -0.0388011, 0.178972, 0.00787273
1.3784, 0, 1.375, 0.0299457, 0.153162, 0.00866401
1.3784, 41, 1.57464, 0.0404575, 0.251014, 0.00746242
1.3784, 33, 1.54349, 0.0154154, 0.169586, 0.00851243
1.3784, 34, 1.56685, -0.00616093, 0.162609, 0.00967673
1.3784, 35, 1.53839, -0.0279677, 0.160972, 0.00632506
1.3784, 26, 1.59279, 0.0330251, 0.162553, 0.0105389
1.3784, 37, 1.56175, -0.0619068, 0.0565016, 0.0120159
1.3784, 7, 1.56617, -0.129817, 0.0481915, 0.0108577
1.3784, 36, 1.60279, -0.127396, 0.0860761, 0.0074001
1.3784, 27, 1.49513, 0.0147528, 0.1587, 0.0067
1.3784, 10, 1.50655, -0.0148015, 0.171948, 0.0105698
1.3784, 38, 1.57566, -0.0122409, 0.181848, 0.00937722
1.3784, 40, 1.5406, -0.0116031, 0.177021, 0.0100962
1.3784, 22, 1.49388, -0.0178312, 0.159496, 0.00749685
1.3784, 39, 1.56449, -0.0388011, 0.160609, 0.00787273
1.3784, 42, 1.55542, 0.0357334, 0.223075, 0.00919296
1.39837, 0, 1.37359, 0.0299457, 0.152206, 0.00866401
1.39837, 41, 1.59362, 0.0404575, 0.241935, 0.00746242
1.39837, 33, 1.55552, 0.0154154, 0.164683, 0.00851243
1.39837, 34, 1.57747, -0.00466848, 0.169284, 0.00967673
1.39837, 35, 1.54929, -0.0279677, 0.159573, 0.00632506
1.39837, 26, 1.60709, 0.0339255, 0.162538, 0.0105389
1.39837, 37, 1.56913, -0.0722617, 0.0756841, 0.0120159
1.39837, 7, 1.58098, -0.138809, 0.0129798, 0.0108577
1.39837, 36, 1.62656, -0.137518, 0.0563619, 0.0074001
1.39837, 27, 1.50669, 0.0161319, 0.1587, 0.0067
1.39837, 10, 1.52134, -0.0156801, 0.162394, 0.0105698
1.39837, 38, 1.60339, -0.017825, 0.174168, 0.00937722
1.39837, 40, 1.54979, -0.0131459, 0.169629, 0.0100962
1.39837, 22, 1.49347, -0.0201827, 0.159827, 0.00749685
1.39837, 39, 1.57655, -0.0490779, 0.162128, 0.00787273
1.39837, 42, 1.57161, 0.0357334, 0.217612, 0.00919296
1.39837, 43, 1.58021, 0.0379529, 0.279531, 0.0121179
1.41835, 42, 1.58781, 0.0357334, 0.208234, 0.00919296
1.41835, 41, 1.61259, 0.0404575, 0.228942, 0.00746242
1.41835, 33, 1.56886, 0.0154154, 0.172084, 0.00851243
1.41835, 34, 1.58584, -0.00342937, 0.175798, 0.00967673
1.41835, 35, 1.5593, -0.0334803, 0.159037, 0.00632506
1.41835, 26, 1.62123, 0.0348166, 0.162538, 0.0105389
1.41835, 37, 1.5765, -0.0826166, 0.0909517, 0.0120159
1.41835, 43, 1.59672, 0.0379529, 0.276916, 0.0121179
1.41835, 36, 1.65033, -0.14764, 0.0227329, 0.0074001
1.41835, 27, 1.5181, 0.0174941, 0.1587, 0.0067
1.41835, 10, 1.53347, -0.0173119, 0.168529, 0.0105698
1.41835, 38, 1.63307, -0.0245967, 0.167203, 0.00937722
1.41835, 40, 1.55838, -0.0129411, 0.163029, 0.0100962
1.41835, 22, 1.49277, -0.0226043, 0.159545, 0.00749685
1.41835, 39, 1.5881, -0.0604609, 0.162295, 0.00787273
1.43833, 42, 1.604, 0.0357334, 0.194942, 0.00919296
1.43833, 41, 1.63156, 0.0404575, 0.212033, 0.00746242
1.43833, 33, 1.5822, 0.0154154, 0.17557, 0.00851243
1.43833, 34, 1.59421, -0.00219026, 0.178397, 0.00967673
1.43833, 35, 1.56886, -0.0418923, 0.157008, 0.00632506
1.43833, 26, 1.63522, 0.0357177, 0.162513, 0.0105389
1.43833, 37, 1.58387, -0.0929715, 0.102304, 0.0120159
1.43833, 43, 1.61323, 0.0379529, 0.270386, 0.0121179
1.43833, 39, 1.59964, -0.0718438, 0.158547, 0.00787273
1.43833, 27, 1.52936, 0.0188391, 0.1587, 0.0067
1.43833, 10, 1.54522, -0.0190985, 0.171032, 0.0105698
1.43833, 38, 1.66112, -0.0314818, 0.163837, 0.00937722
1.43833, 40, 1.56443, -0.011668, 0.167044, 0.0100962
1.43833, 22, 1.49212, -0.0248533, 0.159496, 0.00749685
1.4583, 42, 1.62019, 0.0357334, 0.177734, 0.00919296
1.4583, 41, 1.65053, 0.0404575, 0.19121, 0.00746242
1.4583, 33, 1.59539, 0.0155961, 0.175109, 0.00851243
1.4583, 34, 1.60268, -0.00107416, 0.177102, 0.00967673
1.4583, 35, 1.57842, -0.0503042, 0.151064, 0.00632506
1.4583, 26, 1.64897, 0.036796, 0.162384, 0.0105389
1.4583, 37, 1.59124, -0.103326, 0.109742, 0.0120159
1.4583, 43, 1.62974, 0.0379529, 0.259942, 0.0121179
1.4583, 39, 1.61118, -0.0832267, 0.150884, 0.00787273
1.4583, 27, 1.54049, 0.0201671, 0.1587, 0.0067
1.4583, 10, 1.55312, -0.0224758, 0.171749, 0.0105698
1.4583, 38, 1.68674, -0.0385335, 0.167741, 0.00937722
1.4583, 40, 1.57491, -0.00856953, 0.164701, 0.0100962
1.4583, 22, 1.49152, -0.0269655, 0.159496, 0.00749685
1.47828, 42, 1.63496, 0.0361321, 0.163351, 0.00919296
1.47828, 41, 1.67433, 0.0433556, 0.182172, 0.00746242
1.47828, 33, 1.60636, 0.0185638, 0.170228, 0.00851243
1.47828, 34, 1.61266, -0.00185528, 0.172237, 0.00967673
1.47828, 35, 1.58799, -0.0587162, 0.141206, 0.00632506
1.47828, 26, 1.66061, 0.0390414, 0.164647, 0.0105389
1.47828, 37, 1.59861, -0.113681, 0.113265, 0.0120159
1.47828, 43, 1.64625, 0.0379529, 0.245583, 0.0121179
1.47828, 39, 1.62273, -0.0946097, 0.139306, 0.00787273
1.47828, 27, 1.55147, 0.021478, 0.1587, 0.0067
1.47828, 10, 1.56101, -0.0258531, 0.168551, 0.0105698
1.47828, 38, 1.71236, -0.0455852, 0.16773, 0.00937722
1.47828, 40, 1.58431, -0.00579522, 0.163616, 0.0100962
1.47828, 22, 1.49295, -0.0272956, 0.157212, 0.00749685
1.47828, 44, 1.67163, 0.0264503, 0.250654, 0.00626258
1.49826, 42, 1.64329, 0.0383203, 0.175278, 0.00919296
1.49826, 41, 1.70326, 0.0493334, 0.185859, 0.00746242
1.49826, 33, 1.61733, 0.0215316, 0.161432, 0.00851243
1.49826, 34, 1.62264, -0.0026364, 0.163457, 0.00967673
1.49826, 35, 1.59755, -0.0671281, 0.127432, 0.00632506
1.49826, 26, 1.67022, 0.0423827, 0.167539, 0.0105389
1.49826, 37, 1.60598, -0.124036, 0.112873, 0.0120159
1.49826, 43, 1.66276, 0.0379529, 0.227309, 0.0121179
1.49826, 39, 1.63427, -0.105993, 0.123813, 0.00787273
1.49826, 27, 1.56231, 0.0227718, 0.1587, 0.0067
1.49826, 10, 1.56901, -0.0291313, 0.162988, 0.0105698
1.49826, 38, 1.73798, -0.0526368, 0.163805, 0.00937722
1.49826, 40, 1.59257, -0.00336732, 0.164135, 0.0100962
1.49826, 22, 1.4935, -0.0272918, 0.154979, 0.00749685
1.49826, 44, 1.68898, 0.0264503, 0.247862, 0.00626258
1.49826, 45, 1.65674, -0.0378241, 0.229384, 0.00943128
1.51824, 42, 1.65162, 0.0405085, 0.18329, 0.00919296
1.51824, 41, 1.73218, 0.0553112, 0.185631, 0.00746242
1.51824, 33, 1.62668, 0.0231734, 0.165037, 0.00851243
1.51824, 34, 1.63115, -0.000747958, 0.166437, 0.00967673
1.51824, 35, 1.60711, -0.07554, 0.109744, 0.00632506
1.51824, 26, 1.67984, 0.0457241, 0.166516, 0.0105389
1.51824, 37, 1.61335, -0.134391, 0.108566, 0.0120159
1.51824, 43, 1.67928, 0.0379529, 0.20512, 0.0121179
1.51824, 39, 1.64581, -0.117376, 0.104406, 0.00787273
1.51824, 27, 1.573, 0.0240486, 0.1587, 0.0067
1.51824, 10, 1.57788, -0.0315474, 0.166753, 0.0105698
1.51824, 38, 1.7636, -0.0596885, 0.155964, 0.00937722
1.51824, 40, 1.60043, -0.0010557, 0.162656, 0.0100962
1.51824, 22, 1.49311, -0.0272918, 0.153294, 0.00749685
1.51824, 44, 1.70633, 0.0264503, 0.241155, 0.00626258
1.51824, 45, 1.67188, -0.0378241, 0.224814, 0.00943128
1.53821, 42, 1.65995, 0.0426967, 0.187387, 0.00919296
1.53821, 41, 1.76111, 0.061289, 0.181489, 0.00746242
1.53821, 33, 1.63583, 0.0246677, 0.16654, 0.00851243
1.53821, 34, 1.63932, 0.00172623, 0.168967, 0.00967673
1.53821, 35, 1.61668, -0.083952, 0.0881405, 0.00632506
1.53821, 26, 1.68926, 0.0492379, 0.160853, 0.0105389
1.53821, 37, 1.62072, -0.144746, 0.100345, 0.0120159
1.53821, 43, 1.69591, 0.0378395, 0.179493, 0.0121179
1.53821, 39, 1.65736, -0.128758, 0.0810831, 0.00787273
1.53821, 27, 1.58356, 0.0253083, 0.1587, 0.0067
1.53821, 10, 1.58676, -0.0339636, 0.166604, 0.0105698
1.53821, 38, 1.78922, -0.0667402, 0.144209, 0.00937722
1.53821, 40, 1.60716, 0.000925568, 0.162691, 0.0100962
1.53821, 22, 1.492, -0.0272924, 0.152286, 0.00749685
1.53821, 44, 1.72368, 0.0264503, 0.230533, 0.00626258
1.53821, 45, 1.68702, -0.0378241, 0.216329, 0.00943128
1.53821, 46, 1.71885, -0.0151112, 0.212566, 0.0083833
1.55819, 42, 1.66828, 0.0448849, 0.187569, 0.00919296
1.55819, 41, 1.79004, 0.0672668, 0.173431, 0.00746242
1.55819, 33, 1.64499, 0.026162, 0.164129, 0.00851243
1.55819, 34, 1.64749, 0.00420041, 0.167583, 0.00967673
1.55819, 35, 1.62624, -0.0923639, 0.0626222, 0.00632506
1.55819, 26, 1.69474, 0.0564757, 0.135762, 0.0105389
1.55819, 37, 1.62809, -0.155101, 0.0882079, 0.0120159
1.55819, 43, 1.71396, 0.0352726, 0.165945, 0.0121179
1.55819, 39, 1.6689, -0.140141, 0.0538457, 0.00787273
1.55819, 27, 1.59397, 0.0265509, 0.1587, 0.0067
1.55819, 10, 1.59563, -0.0363798, 0.16254, 0.0105698
1.55819, 38, 1.81484, -0.0737919, 0.128539, 0.00937722
1.55819, 40, 1.61363, 0.00283057, 0.162514, 0.0100962
1.55819, 47, 1.73643, -0.0100711, 0.239109, 0.00983458
1.55819, 44, 1.74103, 0.0264503, 0.215996, 0.00626258
1.55819, 45, 1.70215, -0.0378241, 0.20393, 0.00943128
1.55819, 46, 1.73486, -0.0151112, 0.207467, 0.0083833
1.57817, 42, 1.67661, 0.0470731, 0.183836, 0.00919296
1.57817, 41, 1.81897, 0.0732447, 0.161459, 0.00746242
1.57817, 33, 1.65425, 0.027895, 0.161671, 0.00851243
1.57817, 34, 1.65566, 0.00667459, 0.162284, 0.00967673
1.57817, 35, 1.6358, -0.100776, 0.0331891, 0.00632506
1.57817, 26, 1.70022, 0.0637136, 0.106757, 0.0105389
1.57817, 37, 1.63546, -0.165456, 0.0721563, 0.0120159
1.57817, 43, 1.72572, 0.0327323, 0.179294, 0.0121179
1.57817, 39, 1.68045, -0.151524, 0.0226934, 0.00787273
1.57817, 27, 1.60423, 0.0277765, 0.1587, 0.0067
1.57817, 10, 1.60359, -0.0400713, 0.163619, 0.0105698
1.57817, 38, 1.84046, -0.0808436, 0.108954, 0.00937722
1.57817, 40, 1.62001, 0.0047064, 0.162136, 0.0100962
1.57817, 47, 1.75408, -0.0100711, 0.235223, 0.00983458
1.57817, 44, 1.75838, 0.0264503, 0.197544, 0.00626258
1.57817, 45, 1.71729, -0.0378241, 0.187615, 0.00943128
1.57817, 46, 1.75088, -0.0151112, 0.198454, 0.0083833
1.59814, 42, 1.68494, 0.0492613, 0.176188, 0.00919296
1.59814, 41, 1.84789, 0.0792225, 0.145571, 0.00746242
1.59814, 33, 1.66369, 0.0300856, 0.162762, 0.00851243
1.59814, 34, 1.66403, 0.0072325, 0.164584, 0.00967673
1.59814, 46, 1.76689, -0.0151112, 0.185526, 0.0083833
1.59814, 26, 1.7057, 0.0709514, 0.0738366, 0.0105389
1.59814, 37, 1.64283, -0.175811, 0.0521899, 0.0120159
1.59814, 43, 1.73747, 0.030192, 0.188727, 0.0121179
1.59814, 48, 1.77228, -0.0188927, 0.266902, 0.0065066
1.59814, 27, 1.61436, 0.028985, 0.1587, 0.0067
1.59814, 10, 1.61226, -0.0447078, 0.158963, 0.0105698
1.59814, 38, 1.86608, -0.0878952, 0.0854535, 0.00937722
1.59814, 40, 1.62621, 0.00653193, 0.162111, 0.0100962
1.59814, 47, 1.77172, -0.0100711, 0.227421, 0.00983458
1.59814, 44, 1.77573, 0.0264503, 0.175177, 0.00626258
1.59814, 45, 1.73243, -0.0378241, 0.167386, 0.00943128
1.61812, 42, 1.69327, 0.0514495, 0.164626, 0.00919296
1.61812, 41, 1.87682, 0.0852003, 0.125769, 0.00746242
1.61812, 33, 1.67306, 0.0322193, 0.160725, 0.00851243
1.61812, 34, 1.67242, 0.00757376, 0.164277, 0.00967673
1.61812, 46, 1.7829, -0.0151112, 0.168683, 0.0083833
1.61812, 26, 1.71118, 0.0781893, 0.0370014, 0.0105389
1.61812, 37, 1.6502, -0.186166, 0.0283086, 0.0120159
1.61812, 43, 1.74922, 0.0276517, 0.194245, 0.0121179
1.61812, 48, 1.78916, -0.0188927, 0.26346, 0.0065066
1.61812, 27, 1.62434, 0.0301764, 0.1587, 0.0067
1.61812, 10, 1.62053, -0.0511273, 0.153674, 0.0105698
1.61812, 38, 1.89171, -0.0949469, 0.0580386, 0.00937722
1.61812, 40, 1.63228, 0.00831781, 0.162095, 0.0100962
1.61812, 47, 1.78936, -0.0100711, 0.215704, 0.00983458
1.61812, 44, 1.79034, 0.0264503, 0.161851, 0.00626258
1.61812, 45, 1.74255, -0.0436229, 0.168533, 0.00943128
1.61812, 49, 1.75217, 0.0395743, 0.230272, 0.00753182
1.6381, 42, 1.7016, 0.0536377, 0.149148, 0.00919296
1.6381, 41, 1.90575, 0.0911781, 0.102052, 0.00746242
1.6381, 33, 1.68181, 0.0338928, 0.161101, 0.00851243
1.6381, 34, 1.68061, 0.0082546, 0.162368, 0.00967673
1.6381, 46, 1.79495, -0.0151112, 0.166425, 0.0083833
1.6381, 51, 1.77772, -0.0326628, 0.253941, 0.00806238
1.6381, 37, 1.65757, -0.196521, 0.000512331, 0.0120159
1.6381, 43, 1.76098, 0.0251114, 0.195849, 0.0121179
1.6381, 48, 1.80605, -0.0188927, 0.256102, 0.0065066
1.6381, 27, 1.63417, 0.0313507, 0.1587, 0.0067
1.6381, 10, 1.62881, -0.0575467, 0.144471, 0.0105698
1.6381, 38, 1.91733, -0.101999, 0.0267088, 0.00937722
1.6381, 40, 1.64192, 0.00857856, 0.160883, 0.0100962
1.6381, 47, 1.80701, -0.0100711, 0.200073, 0.00983458
1.6381, 44, 1.79941, 0.0264503, 0.170721, 0.00626258
1.6381, 45, 1.75053, -0.0519079, 0.176603, 0.00943128
1.6381, 49, 1.76681, 0.0395743, 0.225314, 0.00753182
1.6381, 50, 1.80676, -0.0433445, 0.223372, 0.0067452
1.65807, 42, 1.70993, 0.0558259, 0.129756, 0.00919296
1.65807, 41, 1.93467, 0.0971559, 0.07442, 0.00746242
1.65807, 33, 1.69063, 0.035738, 0.160702, 0.00851243
1.65807, 34, 1.68824, 0.00985457, 0.16284, 0.00967673
1.65807, 46, 1.80389, -0.0151112, 0.17467, 0.0083833
1.65807, 51, 1.79489, -0.0326628, 0.251458, 0.00806238
1.65807, 50, 1.82287, -0.0433445, 0.218218, 0.0067452
1.65807, 43, 1.77273, 0.0225712, 0.193538, 0.0121179
1.65807, 48, 1.82293, -0.0188927, 0.24483, 0.0065066
1.65807, 27, 1.64103, 0.0320586, 0.15769, 0.0067
1.65807, 10, 1.63708, -0.0639662, 0.131352, 0.0105698
1.65807, 49, 1.78146, 0.0395743, 0.216441, 0.00753182
1.65807, 40, 1.64456, 0.00857965, 0.158304, 0.0100962
1.65807, 47, 1.82465, -0.0100711, 0.180526, 0.00983458
1.65807, 44, 1.80847, 0.0264503, 0.175676, 0.00626258
1.65807, 45, 1.7585, -0.0601929, 0.180758, 0.00943128
1.67805, 42, 1.71826, 0.058014, 0.106448, 0.00919296
1.67805, 41, 1.9636, 0.103134, 0.0428731, 0.00746242
1.67805, 33, 1.69937, 0.037771, 0.160093, 0.00851243
1.67805, 34, 1.6959, 0.0110207, 0.162298, 0.00967673
1.67805, 46, 1.81284, -0.0151112, 0.179, 0.0083833
1.67805, 51, 1.81206, -0.0326628, 0.245059, 0.00806238
1.67805, 50, 1.83897, -0.0433445, 0.209149, 0.0067452
1.67805, 43, 1.78448, 0.0200309, 0.187311, 0.0121179
1.67805, 48, 1.83982, -0.0188927, 0.229643, 0.0065066
1.67805, 27, 1.64204, 0.0320626, 0.155482, 0.0067
1.67805, 10, 1.64536, -0.0703856, 0.114319, 0.0105698
1.67805, 49, 1.79611, 0.0395743, 0.203653, 0.00753182
1.67805, 40, 1.64518, 0.00858148, 0.155932, 0.0100962
1.67805, 47, 1.84079, -0.0100711, 0.164113, 0.00983458
1.67805, 44, 1.81754, 0.0264503, 0.176717, 0.00626258
1.67805, 45, 1.76648, -0.0684779, 0.180998, 0.00943128
1.67805, 52, 1.8208, -0.0347228, 0.29284, 0.00908422
1.69803, 42, 1.7266, 0.0602022, 0.0792262, 0.00919296
1.69803, 41, 1.99253, 0.109112, 0.00741134, 0.00746242
1.69803, 33, 1.70798, 0.0404107, 0.158571, 0.00851243
1.69803, 34, 1.70349, 0.011916, 0.161931, 0.00967673
1.69803, 46, 1.82178, -0.0151112, 0.179415, 0.0083833
1.69803, 51, 1.82924, -0.0326628, 0.234746, 0.00806238
1.69803, 50, 1.85508, -0.0433445, 0.196164, 0.0067452
1.69803, 43, 1.79624, 0.0174906, 0.17717, 0.0121179
1.69803, 48, 1.8567, -0.0188927, 0.210541, 0.0065066
1.69803, 27, 1.64198, 0.0320627, 0.153767, 0.0067
1.69803, 10, 1.65364, -0.0768051, 0.0933711, 0.0105698
1.69803, 49, 1.81075, 0.0395743, 0.186951, 0.00753182
1.69803, 40, 1.6448, 0.00858118, 0.154056, 0.0100962
1.69803, 47, 1.84959, -0.0100711, 0.178222, 0.00983458
1.69803, 44, 1.82661, 0.0264503, 0.173843, 0.00626258
1.69803, 45, 1.77445, -0.0767629, 0.177324, 0.00943128
1.69803, 52, 1.83634, -0.0347228, 0.287086, 0.00908422
1.69803, 53, 1.83637, -0.0404574, 0.271488, 0.00603354
1.718, 42, 1.73493, 0.0623904, 0.0480892, 0.00919296
1.718, 54, 1.85667, -0.00932815, 0.247349, 0.00842906
1.718, 33, 1.71586, 0.045542, 0.154814, 0.00851243
1.718, 34, 1.71086, 0.012987, 0.16169, 0.00967673
1.718, 46, 1.83073, -0.0151112, 0.175915, 0.0083833
1.718, 51, 1.84641, -0.0326628, 0.220517, 0.00806238
1.718, 50, 1.87118, -0.0433445, 0.179265, 0.0067452
1.718, 43, 1.80806, 0.0149784, 0.164038, 0.0121179
1.718, 48, 1.87359, -0.0188927, 0.187524, 0.0065066
1.718, 27, 1.64126, 0.0320627, 0.152615, 0.0067
1.718, 10, 1.66191, -0.0832245, 0.0685081, 0.0105698
1.718, 49, 1.8254, 0.0395743, 0.166333, 0.00753182
1.718, 40, 1.64369, 0.00858095, 0.152769, 0.0100962
1.718, 47, 1.85839, -0.0100711, 0.188416, 0.00983458
1.718, 44, 1.83568, 0.0264503, 0.167054, 0.00626258
1.718, 45, 1.78243, -0.0850479, 0.169734, 0.00943128
1.718, 52, 1.85185, -0.0342344, 0.279275, 0.00908422
1.718, 53, 1.85168, -0.0421244, 0.262005, 0.00603354
1.73798, 42, 1.74353, 0.0665514, 0.0259172, 0.00919296
1.73798, 54, 1.87209, -0.00932815, 0.242199, 0.00842906
1.73798, 33, 1.72124, 0.0503489, 0.150605, 0.00851243
1.73798, 34, 1.71776, 0.0135333, 0.160822, 0.00967673
1.73798, 46, 1.83967, -0.0151112, 0.1685, 0.0083833
1.73798, 51, 1.86358, -0.0326628, 0.202374, 0.00806238
1.73798, 50, 1.88729, -0.0433445, 0.158451, 0.0067452
1.73798, 43, 1.82135, 0.0133566, 0.17402, 0.0121179
1.73798, 48, 1.89047, -0.0188927, 0.160592, 0.0065066
1.73798, 27, 1.64012, 0.0320628, 0.152062, 0.0067
1.73798, 10, 1.67019, -0.089644, 0.0397301, 0.0105698
1.73798, 49, 1.8372, 0.0488322, 0.15798, 0.00753182
1.73798, 40, 1.64214, 0.00858108, 0.152111, 0.0100962
1.73798, 47, 1.86718, -0.0100711, 0.194695, 0.00983458
1.73798, 44, 1.84503, 0.0264503, 0.158925, 0.00626258
1.73798, 45, 1.79041, -0.0933329, 0.158229, 0.00943128
1.73798, 52, 1.86735, -0.0335734, 0.268204, 0.00908422
1.73798, 53, 1.86702, -0.0443805, 0.246367, 0.00603354
1.73798, 55, 1.844, -0.00965326, 0.250409, 0.00693756
1.75796, 42, 1.75301, 0.0773946, 0.0438124, 0.00919296
1.75796, 54, 1.8875, -0.00932815, 0.233135, 0.00842906
1.75796, 33, 1.72451, 0.0544155, 0.146183, 0.00851243
1.75796, 34, 1.71966, 0.0135325, 0.158429, 0.00967673
1.75796, 46, 1.84892, -0.0151112, 0.161856, 0.0083833
1.75796, 51, 1.88076, -0.0326628, 0.180316, 0.00806238
1.75796, 50, 1.9034, -0.0433445, 0.133723, 0.0067452
1.75796, 43, 1.83464, 0.0117347, 0.180087, 0.0121179
1.75796, 48, 1.89964, -0.0188927, 0.169497, 0.0065066
1.75796, 55, 1.85719, -0.00965326, 0.246555, 0.00693756
1.75796, 10, 1.67846, -0.0960635, 0.00703732, 0.0105698
1.75796, 49, 1.84733, 0.0635486, 0.155254, 0.00753182
1.75796, 53, 1.88236, -0.0466366, 0.226814, 0.00603354
1.75796, 47, 1.87598, -0.0100711, 0.197059, 0.00983458
1.75796, 44, 1.85603, 0.0264503, 0.161862, 0.00626258
1.75796, 45, 1.79838, -0.101618, 0.14281, 0.00943128
1.75796, 52, 1.88285, -0.0329124, 0.253219, 0.00908422
1.75796, 56, 1.86668, 0.00896311, 0.208068, 0.00912624
1.77793, 42, 1.76249, 0.0882379, 0.0577926, 0.00919296
1.77793, 54, 1.90292, -0.00932815, 0.220155, 0.00842906
1.77793, 33, 1.72616, 0.0577941, 0.142004, 0.00851243
1.77793, 34, 1.72032, 0.0135379, 0.156255, 0.00967673
1.77793, 46, 1.85909, -0.0151112, 0.166471, 0.0083833
1.77793, 51, 1.89623, -0.0326628, 0.162787, 0.00806238
1.77793, 50, 1.9195, -0.0433445, 0.105079, 0.0067452
1.77793, 43, 1.84793, 0.0101128, 0.182239, 0.0121179
1.77793, 48, 1.90812, -0.0188927, 0.17798, 0.0065066
1.77793, 55, 1.87037, -0.00965326, 0.238786, 0.00693756
1.77793, 56, 1.88223, 0.00896311, 0.203203, 0.00912624
1.77793, 49, 1.85745, 0.078265, 0.148614, 0.00753182
1.77793, 53, 1.8977, -0.0488927, 0.203347, 0.00603354
1.77793, 47, 1.88477, -0.0100711, 0.195508, 0.00983458
1.77793, 44, 1.86703, 0.0264503, 0.160884, 0.00626258
1.77793, 45, 1.80636, -0.109903, 0.123476, 0.00943128
1.77793, 52, 1.89835, -0.0322513, 0.234319, 0.00908422
1.77793, 57, 1.88356, -0.0419792, 0.266644, 0.0105573
1.79791, 42, 1.77196, 0.0990811, 0.067858, 0.00919296
1.79791, 54, 1.91833, -0.00932815, 0.203261, 0.00842906
1.79791, 33, 1.72641, 0.0607572, 0.139054, 0.00851243
1.79791, 34, 1.72014, 0.0135372, 0.154461, 0.00967673
1.79791, 46, 1.86927, -0.0151112, 0.167172, 0.0083833
1.79791, 51, 1.90457, -0.0326628, 0.176537, 0.00806238
1.79791, 50, 1.93561, -0.0433445, 0.0725201, 0.0067452
1.79791, 43, 1.86123, 0.00849094, 0.180476, 0.0121179
1.79791, 48, 1.91661, -0.0188927, 0.182549, 0.0065066
1.79791, 55, 1.88356, -0.00965326, 0.227102, 0.00693756
1.79791, 56, 1.89777, 0.00896311, 0.194424, 0.00912624
1.79791, 49, 1.86757, 0.0929814, 0.138058, 0.00753182
1.79791, 53, 1.91305, -0.0511488, 0.175964, 0.00603354
1.79791, 47, 1.89357, -0.0100711, 0.190043, 0.00983458
1.79791, 44, 1.87749, 0.0264503, 0.158863, 0.00626258
1.79791, 45, 1.81433, -0.118188, 0.100227, 0.00943128
1.79791, 52, 1.91385, -0.0315903, 0.211504, 0.00908422
1.79791, 57, 1.89768, -0.0419792, 0.264478, 0.0105573
1.81789, 42, 1.78144, 0.109924, 0.0740085, 0.00919296
1.81789, 54, 1.93489, -0.00766085, 0.185597, 0.00842906
1.81789, 33, 1.72569, 0.0622202, 0.136991, 0.00851243
1.81789, 34, 1.71929, 0.0135396, 0.153129, 0.00967673
1.81789, 46, 1.87944, -0.0151112, 0.163957, 0.0083833
1.81789, 51, 1.91011, -0.0329464, 0.183263, 0.00806238
1.81789, 50, 1.95172, -0.0433445, 0.0360466, 0.0067452
1.81789, 43, 1.87452, 0.00686907, 0.174798, 0.0121179
1.81789, 48, 1.92261, -0.0225175, 0.176365, 0.0065066
1.81789, 55, 1.89674, -0.00965326, 0.211503, 0.00693756
1.81789, 56, 1.91332, 0.00896311, 0.18173, 0.00912624
1.81789, 49, 1.87769, 0.107698, 0.123588, 0.00753182
1.81789, 53, 1.92839, -0.0534049, 0.144667, 0.00603354
1.81789, 47, 1.90237, -0.0100711, 0.180662, 0.00983458
1.81789, 44, 1.88703, 0.0264503, 0.158339, 0.00626258
1.81789, 45, 1.82231, -0.126473, 0.0730626, 0.00943128
1.81789, 52, 1.93131, -0.030731, 0.186947, 0.00908422
1.81789, 57, 1.91179, -0.0419792, 0.258398, 0.0105573
1.83786, 42, 1.79092, 0.120768, 0.0762441, 0.00919296
1.83786, 54, 1.95259, -0.00431834, 0.167178, 0.00842906
1.83786, 33, 1.72457, 0.061958, 0.13486, 0.00851243
1.83786, 34, 1.71799, 0.0135394, 0.152309, 0.00967673
1.83786, 46, 1.88893, -0.0151112, 0.161824, 0.0083833
1.83786, 51, 1.90845, -0.033957, 0.178119, 0.00806238
1.83786, 50, 1.96193, -0.0498052, 0.0357755, 0.0067452
1.83786, 43, 1.88781, 0.0052472, 0.165206, 0.0121179
1.83786, 48, 1.92613, -0.0297844, 0.159395, 0.0065066
1.83786, 55, 1.90993, -0.00965326, 0.191989, 0.00693756
1.83786, 56, 1.92886, 0.00896311, 0.165121, 0.00912624
1.83786, 49, 1.88781, 0.122414, 0.105203, 0.00753182
1.83786, 53, 1.94373, -0.0556609, 0.109455, 0.00603354
1.83786, 47, 1.91116, -0.0100711, 0.167367, 0.00983458
1.83786, 44, 1.89676, 0.0264503, 0.158262, 0.00626258
1.83786, 45, 1.83028, -0.134758, 0.0419837, 0.00943128
1.83786, 52, 1.9538, -0.0293635, 0.164036, 0.00908422
1.83786, 57, 1.9259, -0.0419792, 0.248402, 0.0105573
1.83786, 58, 1.90753, -0.0329071, 0.296526, 0.0112597
1.85784, 42, 1.80039, 0.131611, 0.0745648, 0.00919296
1.85784, 54, 1.96534, -0.000878732, 0.168035, 0.00842906
1.85784, 33, 1.72329, 0.0599694, 0.132943, 0.00851243
1.85784, 58, 1.91966, -0.0329071, 0.292855, 0.0112597
1.85784, 46, 1.89767, -0.0197038, 0.160773, 0.0083833
1.85784, 51, 1.90679, -0.0349677, 0.169061, 0.00806238
1.85784, 50, 1.96959, -0.0590452, 0.0488951, 0.0067452
1.85784, 43, 1.89878, 0.0046444, 0.169828, 0.0121179
1.85784, 48, 1.93299, -0.0322503, 0.1653, 0.0065066
1.85784, 55, 1.92509, -0.0092707, 0.190293, 0.00693756
1.85784, 56, 1.93909, 0.00896311, 0.1694, 0.00912624
1.85784, 49, 1.89793, 0.137131, 0.0829025, 0.00753182
1.85784, 53, 1.95907, -0.057917, 0.0703274, 0.00603354
1.85784, 47, 1.92046, -0.0101641, 0.162573, 0.00983458
1.85784, 44, 1.90628, 0.0264503, 0.158262, 0.00626258
1.85784, 45, 1.83826, -0.143043, 0.00698982, 0.00943128
1.85784, 52, 1.96953, -0.0278933, 0.173337, 0.00908422
1.85784, 57, 1.94002, -0.0419792, 0.234492, 0.0105573
1.87782, 42, 1.80987, 0.142454, 0.0689706, 0.00919296
1.87782, 54, 1.97559, 0.00260407, 0.176746, 0.00842906
1.87782, 33, 1.72193, 0.0570154, 0.130477, 0.00851243
1.87782, 58, 1.93179, -0.0329071, 0.285268, 0.0112597
1.87782, 46, 1.90255, -0.0187429, 0.160464, 0.0083833
1.87782, 51, 1.90986, -0.0415938, 0.158176, 0.00806238
1.87782, 50, 1.98958, -0.0705693, 0.0373973, 0.0067452
1.87782, 43, 1.90941, 0.00407593, 0.173068, 0.0121179
1.87782, 48, 1.94004, -0.0344279, 0.168869, 0.0065066
1.87782, 55, 1.94268, -0.00842431, 0.211055, 0.00693756
1.87782, 56, 1.94775, 0.00896311, 0.17711, 0.00912624
1.87782, 49, 1.90805, 0.151847, 0.0566875, 0.00753182
1.87782, 53, 1.95719, -0.0569818, 0.0562113, 0.00603354
1.87782, 47, 1.92772, -0.0102441, 0.164953, 0.00983458
1.87782, 44, 1.91566, 0.0264503, 0.158262, 0.00626258
1.87782, 57, 1.95413, -0.0419792, 0.216667, 0.0105573
1.87782, 52, 1.98419, -0.0264088, 0.184377, 0.00908422
1.89779, 42, 1.81934, 0.153297, 0.0594615, 0.00919296
1.89779, 54, 1.98583, 0.00608688, 0.181543, 0.00842906
1.89779, 33, 1.72057, 0.0540453, 0.124176, 0.00851243
1.89779, 58, 1.94391, -0.0329071, 0.273767, 0.0112597
1.89779, 46, 1.90619, -0.0161762, 0.160383, 0.0083833
1.89779, 51, 1.91498, -0.0506451, 0.144278, 0.00806238
1.89779, 50, 2.0137, -0.0828607, 0.0150415, 0.0067452
1.89779, 43, 1.92004, 0.00350747, 0.172394, 0.0121179
1.89779, 48, 1.94709, -0.0366055, 0.168524, 0.0065066
1.89779, 55, 1.96027, -0.00757793, 0.227903, 0.00693756
1.89779, 56, 1.9564, 0.00896311, 0.180904, 0.00912624
1.89779, 49, 1.91817, 0.166563, 0.0265576, 0.00753182
1.89779, 53, 1.94954, -0.0549744, 0.0478816, 0.00603354
1.89779, 47, 1.93498, -0.0103241, 0.163418, 0.00983458
1.89779, 44, 1.92489, 0.0264503, 0.158262, 0.00626258
1.89779, 57, 1.96824, -0.0419792, 0.194927, 0.0105573
1.89779, 52, 1.99886, -0.0249243, 0.191503, 0.00908422
1.89779, 59, 1.96644, -0.0352464, 0.25172, 0.0104396
1.91777, 42, 1.82882, 0.16414, 0.0460375, 0.00919296
1.91777, 54, 1.99608, 0.00956968, 0.182424, 0.00842906
1.91777, 33, 1.7192, 0.0510752, 0.11396, 0.00851243
1.91777, 58, 1.95604, -0.0329071, 0.25835, 0.0112597
1.91777, 46, 1.90999, -0.0140964, 0.160383, 0.0083833
1.91777, 51, 1.92009, -0.0596965, 0.126466, 0.00806238
1.91777, 59, 1.97994, -0.0352464, 0.248727, 0.0104396
1.91777, 43, 1.92922, 0.00471592, 0.169758, 0.0121179
1.91777, 48, 1.95414, -0.0387831, 0.164263, 0.0065066
1.91777, 55, 1.97787, -0.00673154, 0.240835, 0.00693756
1.91777, 56, 1.96505, 0.00896311, 0.180783, 0.00912624
1.91777, 52, 2.01352, -0.0234398, 0.194714, 0.00908422
1.91777, 53, 1.94188, -0.0529671, 0.0356369, 0.00603354
1.91777, 47, 1.94391, -0.0128687, 0.161853, 0.00983458
1.91777, 44, 1.93398, 0.0264503, 0.158262, 0.00626258
1.91777, 57, 1.98235, -0.0419792, 0.169272, 0.0105573
1.93775, 42, 1.8383, 0.174984, 0.0286987, 0.00919296
1.93775, 54, 2.00632, 0.0130525, 0.179391, 0.00842906
1.93775, 33, 1.71784, 0.0481051, 0.0998291, 0.00851243
1.93775, 58, 1.96817, -0.0329071, 0.239019, 0.0112597
1.93775, 46, 1.91366, -0.0120884, 0.160383, 0.0083833
1.93775, 51, 1.92521, -0.0687478, 0.104738, 0.00806238
1.93775, 59, 1.99344, -0.0352464, 0.241818, 0.0104396
1.93775, 43, 1.93762, 0.00684383, 0.164238, 0.0121179
1.93775, 48, 1.9612, -0.0409607, 0.156088, 0.0065066
1.93775, 55, 1.99546, -0.00588516, 0.249853, 0.00693756
1.93775, 56, 1.97371, 0.00896311, 0.176748, 0.00912624
1.93775, 52, 2.02818, -0.0219553, 0.194011, 0.00908422
1.93775, 53, 1.93375, -0.0512287, 0.0227957, 0.00603354
1.93775, 47, 1.9532, -0.016139, 0.161852, 0.00983458
1.93775, 44, 1.94292, 0.0264503, 0.158262, 0.00626258
1.93775, 57, 1.99357, -0.0549511, 0.159145, 0.0105573
1.95772, 42, 1.84777, 0.185827, 0.00744489, 0.00919296
1.95772, 54, 2.01657, 0.0165353, 0.172443, 0.00842906
1.95772, 33, 1.71648, 0.0451351, 0.0817834, 0.00851243
1.95772, 58, 1.98029, -0.0329071, 0.215773, 0.0112597
1.95772, 46, 1.91721, -0.0101495, 0.160383, 0.0083833
1.95772, 51, 1.93032, -0.0777991, 0.0790962, 0.00806238
1.95772, 59, 2.00694, -0.0352464, 0.230995, 0.0104396
1.95772, 43, 1.94661, 0.00891091, 0.167637, 0.0121179
1.95772, 48, 1.96825, -0.0431383, 0.143998, 0.0065066
1.95772, 55, 2.01305, -0.00503877, 0.254956, 0.00693756
1.95772, 56, 1.98236, 0.00896311, 0.168797, 0.00912624
1.95772, 52, 2.04285, -0.0204707, 0.189392, 0.00908422
1.95772, 53, 1.9225, -0.0512408, 0.027996, 0.00603354
1.95772, 47, 1.96185, -0.0188602, 0.161834, 0.00983458
1.95772, 44, 1.95172, 0.0264503, 0.158262, 0.00626258
1.95772, 57, 2.0032, -0.0750336, 0.155748, 0.0105573
1.95772, 60, 2.01948, 0.03921, 0.29609, 0.00525626
1.95772, 61, 1.98386, -0.00549364, 0.218852, 0.00688055
1.9777, 62, 2.03263, 0.0152794, 0.206575, 0.0119619
1.9777, 54, 2.02681, 0.0200181, 0.16158, 0.00842906
1.9777, 33, 1.71512, 0.042165, 0.0598229, 0.00851243
1.9777, 58, 1.99242, -0.0329071, 0.188612, 0.0112597
1.9777, 46, 1.92063, -0.00827966, 0.160383, 0.0083833
1.9777, 51, 1.93544, -0.0868505, 0.049539, 0.00806238
1.9777, 59, 2.02044, -0.0352464, 0.216257, 0.0104396
1.9777, 43, 1.95562, 0.0109732, 0.167741, 0.0121179
1.9777, 48, 1.9753, -0.0453159, 0.127993, 0.0065066
1.9777, 55, 2.03064, -0.00419239, 0.256144, 0.00693756
1.9777, 56, 1.99139, 0.00896311, 0.163202, 0.00912624
1.9777, 52, 2.05751, -0.0189862, 0.180858, 0.00908422
1.9777, 53, 1.91125, -0.0512529, 0.0292815, 0.00603354
1.9777, 47, 1.97011, -0.0213395, 0.161834, 0.00983458
1.9777, 44, 1.96038, 0.0264503, 0.158262, 0.00626258
1.9777, 57, 2.01283, -0.0951161, 0.148435, 0.0105573
1.9777, 60, 2.03345, 0.03921, 0.291249, 0.00525626
1.9777, 61, 1.99601, -0.00549364, 0.215278, 0.00688055
1.99768, 62, 2.04485, 0.0152794, 0.201921, 0.0119619
1.99768, 54, 2.03891, 0.0230996, 0.165921, 0.00842906
1.99768, 33, 1.71375, 0.0391949, 0.0339474, 0.00851243
1.99768, 58, 2.00342, -0.0329071, 0.165898, 0.0112597
1.99768, 46, 1.92393, -0.00647884, 0.160383, 0.0083833
1.99768, 51, 1.94056, -0.0959018, 0.016067, 0.00806238
1.99768, 59, 2.03394, -0.0352464, 0.197604, 0.0104396
1.99768, 43, 1.96454, 0.012303, 0.164639, 0.0121179
1.99768, 48, 1.98235, -0.0474935, 0.108073, 0.0065066
1.99768, 55, 2.04823, -0.003346, 0.253417, 0.00693756
1.99768, 56, 2.00127, 0.00896311, 0.168341, 0.00912624
1.99768, 52, 2.07217, -0.0175017, 0.16841, 0.00908422
1.99768, 53, 1.9, -0.051265, 0.026652, 0.00603354
1.99768, 47, 1.97823, -0.0237774, 0.161834, 0.00983458
1.99768, 44, 1.96891, 0.0304433, 0.158262, 0.00626258
1.99768, 57, 2.02246, -0.115199, 0.137207, 0.0105573
1.99768, 60, 2.04741, 0.03921, 0.282493, 0.00525626
1.99768, 61, 2.00816, -0.00549364, 0.20779, 0.00688055
2.01765, 62, 2.05706, 0.0152794, 0.193352, 0.0119619
2.01765, 54, 2.05122, 0.0261322, 0.168565, 0.00842906
2.01765, 33, 1.71312, 0.0432161, 0.0385985, 0.00851243
2.01765, 58, 2.00781, -0.0329071, 0.18713, 0.0112597
2.01765, 46, 1.9271, -0.00474706, 0.160383, 0.0083833
2.01765, 61, 2.02031, -0.00549364, 0.196386, 0.00688055
2.01765, 59, 2.04744, -0.0352464, 0.175036, 0.0104396
2.01765, 43, 1.97233, 0.0134853, 0.166108, 0.0121179
2.01765, 48, 1.9894, -0.0496711, 0.0842381, 0.0065066
2.01765, 55, 2.06582, -0.00249962, 0.246775, 0.00693756
2.01765, 56, 2.01116, 0.00896311, 0.169565, 0.00912624
2.01765, 52, 2.08819, -0.0161301, 0.165629, 0.00908422
2.01765, 53, 1.88888, -0.0514925, 0.0224547, 0.00603354
2.01765, 47, 1.98622, -0.0261739, 0.161834, 0.00983458
2.01765, 44, 1.97706, 0.0344689, 0.158262, 0.00626258
2.01765, 57, 2.0321, -0.135281, 0.122065, 0.0105573
2.01765, 60, 2.06137, 0.03921, 0.269822, 0.00525626
2.03763, 62, 2.06928, 0.0152724, 0.180881, 0.0119619
2.03763, 54, 2.06351, 0.0291847, 0.167258, 0.00842906
2.03763, 33, 1.71271, 0.0493797, 0.049989, 0.00851243
2.03763, 58, 2.01221, -0.0329071, 0.204448, 0.0112597
2.03763, 46, 1.93014, -0.00308432, 0.160383, 0.0083833
2.03763, 61, 2.03246, -0.00549364, 0.181068, 0.00688055
2.03763, 59, 2.05711, -0.0356046, 0.170333, 0.0104396
2.03763, 43, 1.97993, 0.0146648, 0.164932, 0.0121179
2.03763, 48, 1.99645, -0.0518487, 0.0564884, 0.0065066
2.03763, 55, 2.08341, -0.00165323, 0.236218, 0.00693756
2.03763, 56, 2.02104, 0.00896311, 0.166874, 0.00912624
2.03763, 52, 2.10551, -0.014871, 0.172263, 0.00908422
2.03763, 53, 1.87824, -0.0524827, 0.0226411, 0.00603354
2.03763, 47, 1.99407, -0.0285289, 0.161834, 0.00983458
2.03763, 44, 1.98489, 0.0380212, 0.157486, 0.00626258
2.03763, 57, 2.04173, -0.155364, 0.103008, 0.0105573
2.03763, 60, 2.07533, 0.03921, 0.253236, 0.00525626
2.05761, 62, 2.08254, 0.0139979, 0.166812, 0.0119619
2.05761, 54, 2.07227, 0.034416, 0.16277, 0.00842906
2.05761, 33, 1.7123, 0.0555433, 0.0574646, 0.00851243
2.05761, 58, 2.0166, -0.0329071, 0.21785, 0.0112597
2.05761, 46, 1.93306, -0.00149064, 0.160383, 0.0083833
2.05761, 61, 2.04461, -0.00549364, 0.161835, 0.00688055
2.05761, 59, 2.06268, -0.0363459, 0.185041, 0.0104396
2.05761, 43, 1.98785, 0.0157978, 0.165266, 0.0121179
2.05761, 48, 2.00351, -0.0540263, 0.0248238, 0.0065066
2.05761, 55, 2.101, -0.000806849, 0.221747, 0.00693756
2.05761, 56, 2.03077, 0.00896311, 0.16142, 0.00912624
2.05761, 52, 2.12282, -0.0136119, 0.174982, 0.00908422
2.05761, 53, 1.86766, -0.0540877, 0.0213781, 0.00603354
2.05761, 47, 2.00178, -0.0308426, 0.161834, 0.00983458
2.05761, 44, 1.99268, 0.0416388, 0.153609, 0.00626258
2.05761, 57, 2.05136, -0.175446, 0.0800355, 0.0105573
2.05761, 60, 2.0893, 0.03921, 0.232736, 0.00525626
2.05761, 63, 2.0634, 0.000750012, 0.272811, 0.00796206
2.07759, 62, 2.09082, 0.0127843, 0.172235, 0.0119619
2.07759, 54, 2.08011, 0.0371852, 0.166968, 0.00842906
2.07759, 33, 1.71189, 0.0617069, 0.0610254, 0.00851243
2.07759, 58, 2.03025, -0.0329071, 0.215941, 0.0112597
2.07759, 46, 1.93531, -0.00102204, 0.158926, 0.0083833
2.07759, 61, 2.05146, -0.00549364, 0.166735, 0.00688055
2.07759, 59, 2.06825, -0.0370873, 0.195834, 0.0104396
2.07759, 43, 1.99579, 0.0169125, 0.164308, 0.0121179
2.07759, 48, 2.00875, -0.0628858, 0.0320514, 0.0065066
2.07759, 55, 2.11859, 3.95361e-05, 0.20336, 0.00693756
2.07759, 56, 2.03887, 0.00896311, 0.164535, 0.00912624
2.07759, 52, 2.14014, -0.0123528, 0.173786, 0.00908422
2.07759, 53, 1.85724, -0.0564892, 0.0206282, 0.00603354
2.07759, 47, 2.00935, -0.0331149, 0.161834, 0.00983458
2.07759, 44, 2.00048, 0.0452577, 0.14582, 0.00626258
2.07759, 57, 2.06099, -0.195529, 0.0531484, 0.0105573
2.07759, 60, 2.10326, 0.03921, 0.20832, 0.00525626
2.07759, 63, 2.07609, 0.000750012, 0.26739, 0.00796206
2.07759, 64, 2.07815, -0.02259, 0.290598, 0.0108185
2.09756, 62, 2.09782, 0.0115917, 0.179718, 0.0119619
2.09756, 54, 2.08795, 0.0399544, 0.167251, 0.00842906
2.09756, 33, 1.71148, 0.0678704, 0.0606712, 0.00851243
2.09756, 58, 2.04879, -0.0329071, 0.204069, 0.0112597
2.09756, 46, 1.93618, -0.00101216, 0.156844, 0.0083833
2.09756, 61, 2.05739, -0.00549364, 0.172585, 0.00688055
2.09756, 59, 2.07382, -0.0378286, 0.202713, 0.0104396
2.09756, 43, 2.0031, 0.0180144, 0.164216, 0.0121179
2.09756, 48, 2.01377, -0.0724943, 0.0402159, 0.0065066
2.09756, 55, 2.13618, 0.000885921, 0.181059, 0.00693756
2.09756, 56, 2.04696, 0.00896311, 0.163735, 0.00912624
2.09756, 52, 2.15746, -0.0110937, 0.168676, 0.00908422
2.09756, 53, 1.84696, -0.059538, 0.0198596, 0.00603354
2.09756, 47, 2.01679, -0.0353462, 0.161828, 0.00983458
2.09756, 44, 2.00828, 0.0488765, 0.134117, 0.00626258
2.09756, 57, 2.07062, -0.215611, 0.0223463, 0.0105573
2.09756, 60, 2.11722, 0.03921, 0.17999, 0.00525626
2.09756, 63, 2.08879, 0.000750012, 0.258054, 0.00796206
2.09756, 64, 2.0919, -0.02259, 0.285654, 0.0108185
2.11754, 62, 2.10481, 0.0103991, 0.183286, 0.0119619
2.11754, 54, 2.09579, 0.0427236, 0.163619, 0.00842906
2.11754, 33, 1.71107, 0.074034, 0.0564021, 0.00851243
2.11754, 58, 2.06365, -0.0321189, 0.18833, 0.0112597
2.11754, 46, 1.93631, -0.0010151, 0.155059, 0.0083833
2.11754, 61, 2.06332, -0.00549364, 0.17452, 0.00688055
2.11754, 59, 2.08399, -0.0395589, 0.205617, 0.0104396
2.11754, 43, 2.01061, 0.0190866, 0.164085, 0.0121179
2.11754, 48, 2.0188, -0.0821027, 0.0444655, 0.0065066
2.11754, 55, 2.15264, 0.00169457, 0.160592, 0.00693756
2.11754, 56, 2.0552, 0.00896311, 0.161993, 0.00912624
2.11754, 52, 2.17445, -0.00983165, 0.161663, 0.00908422
2.11754, 53, 1.83681, -0.0632062, 0.0189348, 0.00603354
2.11754, 47, 2.02409, -0.0376688, 0.161465, 0.00983458
2.11754, 44, 2.01607, 0.0524954, 0.1185, 0.00626258
2.11754, 64, 2.10565, -0.02259, 0.276795, 0.0108185
2.11754, 60, 2.1306, 0.0430141, 0.151839, 0.00525626
2.11754, 63, 2.10149, 0.000750012, 0.244803, 0.00796206
2.13752, 62, 2.11181, 0.00920645, 0.18294, 0.0119619
2.13752, 54, 2.10362, 0.0454928, 0.156073, 0.00842906
2.13752, 33, 1.71066, 0.0801976, 0.0482181, 0.00851243
2.13752, 58, 2.07621, -0.0308343, 0.168704, 0.0112597
2.13752, 46, 1.93582, -0.00101435, 0.153648, 0.0083833
2.13752, 61, 2.06924, -0.00549364, 0.172541, 0.00688055
2.13752, 59, 2.09706, -0.0419119, 0.20457, 0.0104396
2.13752, 43, 2.01779, 0.0201406, 0.164211, 0.0121179
2.13752, 48, 2.02383, -0.0917112, 0.0448002, 0.0065066
2.13752, 55, 2.16194, 0.00226016, 0.172605, 0.00693756
2.13752, 56, 2.06375, 0.00896311, 0.16227, 0.00912624
2.13752, 52, 2.18886, -0.00855254, 0.166081, 0.00908422
2.13752, 53, 1.8268, -0.0674863, 0.0178558, 0.00603354
2.13752, 47, 2.03119, -0.040475, 0.160169, 0.00983458
2.13752, 44, 2.02387, 0.0561142, 0.0989667, 0.00626258
2.13752, 64, 2.1194, -0.02259, 0.264022, 0.0108185
2.13752, 60, 2.1418, 0.0607694, 0.134826, 0.00525626
2.13752, 63, 2.11418, 0.000750012, 0.227637, 0.00796206
2.13752, 65, 2.14628, 0.0151354, 0.266544, 0.00897887
2.15749, 62, 2.11881, 0.00801382, 0.178678, 0.0119619
2.15749, 54, 2.11146, 0.048262, 0.144611, 0.00842906
2.15749, 33, 1.71025, 0.0863612, 0.0361193, 0.00851243
2.15749, 58, 2.08271, -0.0299731, 0.173704, 0.0112597
2.15749, 46, 1.93488, -0.00101311, 0.15266, 0.0083833
2.15749, 61, 2.0754, -0.00587775, 0.166862, 0.00688055
2.15749, 59, 2.11013, -0.0442649, 0.199609, 0.0104396
2.15749, 43, 2.02489, 0.0211734, 0.164127, 0.0121179
2.15749, 48, 2.02886, -0.10132, 0.04122, 0.0065066
2.15749, 55, 2.17124, 0.00282575, 0.180703, 0.00693756
2.15749, 56, 2.07181, 0.00912772, 0.161633, 0.00912624
2.15749, 52, 2.20327, -0.00727342, 0.166584, 0.00908422
2.15749, 53, 1.8169, -0.0723621, 0.0165694, 0.00603354
2.15749, 47, 2.0381, -0.043836, 0.156493, 0.00983458
2.15749, 44, 2.03166, 0.059733, 0.075519, 0.00626258
2.15749, 64, 2.13315, -0.02259, 0.247333, 0.0108185
2.15749, 60, 2.153, 0.0785246, 0.113899, 0.00525626
2.15749, 63, 2.12688, 0.000750012, 0.206557, 0.00796206
2.15749, 65, 2.15975, 0.0151354, 0.260871, 0.00897887
2.15749, 66, 2.14768, 0.0349644, 0.22028, 0.00986224
2.17747, 62, 2.12551, 0.00698792, 0.170088, 0.0119619
2.17747, 54, 2.1193, 0.0510312, 0.129235, 0.00842906
2.17747, 33, 1.70984, 0.0925248, 0.0201055, 0.00851243
2.17747, 58, 2.08692, -0.0292765, 0.185512, 0.0112597
2.17747, 46, 1.93365, -0.00101408, 0.152123, 0.0083833
2.17747, 61, 2.08349, -0.00945794, 0.15906, 0.00688055
2.17747, 59, 2.1232, -0.0466179, 0.190732, 0.0104396
2.17747, 43, 2.03183, 0.0221849, 0.164116, 0.0121179
2.17747, 48, 2.03388, -0.110928, 0.0337249, 0.0065066
2.17747, 55, 2.18054, 0.00339133, 0.184886, 0.00693756
2.17747, 56, 2.0789, 0.0102243, 0.16125, 0.00912624
2.17747, 52, 2.21768, -0.00599431, 0.163172, 0.00908422
2.17747, 53, 1.80706, -0.0774435, 0.0126613, 0.00603354
2.17747, 47, 2.045, -0.0472514, 0.148993, 0.00983458
2.17747, 44, 2.03946, 0.0633519, 0.0481564, 0.00626258
2.17747, 64, 2.1469, -0.02259, 0.22673, 0.0108185
2.17747, 60, 2.1642, 0.0962799, 0.0890568, 0.00525626
2.17747, 63, 2.1406, 0.000184667, 0.182964, 0.00796206
2.17747, 65, 2.17322, 0.0151354, 0.251282, 0.00897887
2.17747, 66, 2.16112, 0.0349644, 0.216992, 0.00986224
2.19745, 62, 2.13203, 0.00664667, 0.168853, 0.0119619
2.19745, 54, 2.12714, 0.0538004, 0.109943, 0.00842906
2.19745, 33, 1.70943, 0.0986883, 0.000176885, 0.00851243
2.19745, 58, 2.09114, -0.0285799, 0.193406, 0.0112597
2.19745, 66, 2.17457, 0.0349644, 0.209789, 0.00986224
2.19745, 61, 2.09188, -0.0117081, 0.161871, 0.00688055
2.19745, 59, 2.13627, -0.0489709, 0.177941, 0.0104396
2.19745, 43, 2.03864, 0.0231755, 0.164116, 0.0121179
2.19745, 48, 2.03891, -0.120537, 0.0223149, 0.0065066
2.19745, 55, 2.18984, 0.00395692, 0.185154, 0.00693756
2.19745, 56, 2.08593, 0.0111001, 0.161135, 0.00912624
2.19745, 52, 2.21436, -0.00495856, 0.161409, 0.00908422
2.19745, 53, 1.79721, -0.0825249, 0.00483845, 0.00603354
2.19745, 47, 2.05189, -0.0506667, 0.137579, 0.00983458
2.19745, 44, 2.04722, 0.0671977, 0.018405, 0.00626258
2.19745, 64, 2.16065, -0.02259, 0.202211, 0.0108185
2.19745, 60, 2.17541, 0.114035, 0.0602998, 0.00525626
2.19745, 63, 2.16023, -0.00362359, 0.163472, 0.00796206
2.19745, 65, 2.18668, 0.0151354, 0.237779, 0.00897887
2.19745, 67, 2.15606, 0.00198014, 0.223897, 0.00886876
2.21742, 62, 2.13993, 0.00606214, 0.175986, 0.0119619
2.21742, 54, 2.13497, 0.0565695, 0.086737, 0.00842906
2.21742, 67, 2.16851, 0.00198014, 0.221128, 0.00886876
2.21742, 58, 2.09536, -0.0278833, 0.197385, 0.0112597
2.21742, 66, 2.18801, 0.0349644, 0.198671, 0.00986224
2.21742, 61, 2.10027, -0.0139184, 0.161194, 0.00688055
2.21742, 59, 2.14934, -0.0513239, 0.161235, 0.0104396
2.21742, 43, 2.04585, 0.0239575, 0.163835, 0.0121179
2.21742, 48, 2.04394, -0.130145, 0.00699001, 0.0065066
2.21742, 55, 2.19914, 0.00452251, 0.181508, 0.00693756
2.21742, 56, 2.09281, 0.0119542, 0.161125, 0.00912624
2.21742, 52, 2.20616, -0.00401752, 0.161114, 0.00908422
2.21742, 65, 2.20015, 0.0151354, 0.220361, 0.00897887
2.21742, 47, 2.05879, -0.0540821, 0.122249, 0.00983458
2.21742, 44, 2.05366, 0.0774409, 0.0292753, 0.00626258
2.21742, 64, 2.17448, -0.023263, 0.174413, 0.0108185
2.21742, 60, 2.18661, 0.13179, 0.0276278, 0.00525626
2.21742, 63, 2.17366, -0.00471249, 0.167131, 0.00796206
2.2374, 62, 2.14784, 0.00547761, 0.179205, 0.0119619
2.2374, 54, 2.14281, 0.0593387, 0.0596158, 0.00842906
2.2374, 67, 2.18095, 0.00198014, 0.214444, 0.00886876
2.2374, 58, 2.10288, -0.0273609, 0.19175, 0.0112597
2.2374, 66, 2.20146, 0.0349644, 0.183638, 0.00986224
2.2374, 61, 2.10839, -0.0163142, 0.159499, 0.00688055
2.2374, 59, 2.16241, -0.0536769, 0.140614, 0.0104396
2.2374, 43, 2.06105, 0.0239605, 0.164322, 0.0121179
2.2374, 68, 2.17829, 0.0185186, 0.258351, 0.00796226
2.2374, 55, 2.20844, 0.0050881, 0.173946, 0.00693756
2.2374, 56, 2.09954, 0.0127893, 0.161125, 0.00912624
2.2374, 52, 2.19886, -0.00312437, 0.161083, 0.00908422
2.2374, 65, 2.21362, 0.0151354, 0.199028, 0.00897887
2.2374, 47, 2.06569, -0.0574974, 0.103004, 0.00983458
2.2374, 44, 2.06011, 0.0876842, 0.0362307, 0.00626258
2.2374, 64, 2.18535, -0.0312804, 0.170232, 0.0108185
2.2374, 63, 2.18384, 0.0121566, 0.162377, 0.00796206
2.25738, 62, 2.15575, 0.00489308, 0.178508, 0.0119619
2.25738, 54, 2.15065, 0.0621079, 0.0285797, 0.00842906
2.25738, 67, 2.19339, 0.00198014, 0.203846, 0.00886876
2.25738, 58, 2.11195, -0.0269229, 0.179494, 0.0112597
2.25738, 66, 2.2149, 0.0349644, 0.16469, 0.00986224
2.25738, 61, 2.11608, -0.0189647, 0.158985, 0.00688055
2.25738, 59, 2.17548, -0.0560299, 0.116078, 0.0104396
2.25738, 43, 2.07643, 0.0239605, 0.164178, 0.0121179
2.25738, 68, 2.19167, 0.0185186, 0.253819, 0.00796226
2.25738, 55, 2.21774, 0.00565368, 0.16247, 0.00693756
2.25738, 56, 2.10614, 0.0136066, 0.161125, 0.00912624
2.25738, 52, 2.19241, -0.00229122, 0.161083, 0.00908422
2.25738, 65, 2.21759, 0.0151354, 0.175871, 0.00897887
2.25738, 47, 2.07259, -0.0609128, 0.0798447, 0.00983458
2.25738, 44, 2.06655, 0.0979274, 0.0392712, 0.00626258
2.25738, 64, 2.19208, -0.0388359, 0.184006, 0.0108185
2.25738, 63, 2.19438, 0.0261695, 0.166615, 0.00796206
2.25738, 69, 2.19293, -0.0414268, 0.208371, 0.0108846
2.27735, 62, 2.16365, 0.00430855, 0.173897, 0.0119619
2.27735, 54, 2.15794, 0.0721668, 0.0331362, 0.00842906
2.27735, 67, 2.20584, 0.00198014, 0.189332, 0.00886876
2.27735, 58, 2.11934, -0.0302493, 0.178636, 0.0112597
2.27735, 66, 2.21994, 0.0349532, 0.172094, 0.00986224
2.27735, 61, 2.12323, -0.0164964, 0.160133, 0.00688055
2.27735, 59, 2.18855, -0.0583829, 0.0876266, 0.0104396
2.27735, 43, 2.09095, 0.0239604, 0.164125, 0.0121179
2.27735, 68, 2.18471, 0.0185186, 0.248858, 0.00796226
2.27735, 55, 2.22113, -0.00053729, 0.160254, 0.00693756
2.27735, 56, 2.11259, 0.0144062, 0.161125, 0.00912624
2.27735, 52, 2.18654, -0.00151119, 0.161083, 0.00908422
2.27735, 65, 2.20861, 0.0200036, 0.161154, 0.00897887
2.27735, 47, 2.07948, -0.0643281, 0.0527703, 0.00983458
2.27735, 44, 2.07299, 0.108171, 0.0383969, 0.00626258
2.27735, 64, 2.19615, -0.0433412, 0.183766, 0.0108185
2.27735, 63, 2.20186, 0.0403327, 0.16735, 0.00796206
2.27735, 69, 2.20696, -0.0444218, 0.214233, 0.0108846
2.29733, 62, 2.16622, 0.00516737, 0.168589, 0.0119619
2.29733, 54, 2.16506, 0.0843418, 0.0453312, 0.00842906
2.29733, 67, 2.21827, 0.002019, 0.170978, 0.00886876
2.29733, 58, 2.12581, -0.0354933, 0.181784, 0.0112597
2.29733, 66, 2.21776, 0.03514, 0.179588, 0.00986224
2.29733, 61, 2.13024, -0.0118219, 0.159085, 0.00688055
2.29733, 59, 2.20162, -0.0607359, 0.0552608, 0.0104396
2.29733, 43, 2.1025, 0.0250024, 0.16447, 0.0121179
2.29733, 68, 2.17687, 0.0185186, 0.240137, 0.00796226
2.29733, 55, 2.21624, -0.00781657, 0.158877, 0.00693756
2.29733, 56, 2.12351, 0.0130984, 0.161611, 0.00912624
2.29733, 52, 2.19087, -0.00335539, 0.163214, 0.00908422
2.29733, 65, 2.19812, 0.0255199, 0.168838, 0.00897887
2.29733, 47, 2.08638, -0.0677435, 0.021781, 0.00983458
2.29733, 44, 2.07944, 0.118414, 0.0336076, 0.00626258
2.29733, 64, 2.19942, -0.0469521, 0.176648, 0.0108185
2.29733, 63, 2.19835, 0.0550384, 0.16564, 0.00796206
2.29733, 69, 2.21785, -0.0479582, 0.218563, 0.0108846
2.30179, 62, 2.16597, 0.0055803, 0.167366, 0.0119619
2.30179, 54, 2.16665, 0.0870619, 0.0475207, 0.00842906
2.30179, 67, 2.22089, 0.00315773, 0.168572, 0.00886876
2.30179, 58, 2.12725, -0.0366649, 0.181953, 0.0112597
2.30179, 66, 2.21728, 0.0351817, 0.180727, 0.00986224
2.30179, 61, 2.1317, -0.0109081, 0.15906, 0.00688055
2.30179, 59, 2.20454, -0.0612617, 0.0474947, 0.0104396
2.30179, 43, 2.10474, 0.0253841, 0.164237, 0.0121179
2.30179, 68, 2.17512, 0.0185186, 0.237654, 0.00796226
2.30179, 55, 2.21607, -0.0106555, 0.159294, 0.00693756
2.30179, 56, 2.12659, 0.0125099, 0.161461, 0.00912624
2.30179, 52, 2.19335, -0.00415977, 0.163754, 0.00908422
2.30179, 65, 2.19578, 0.0267523, 0.170019, 0.00897887
2.30179, 47, 2.08774, -0.0700873, 0.0247442, 0.00983458
2.30179, 44, 2.08088, 0.120702, 0.0320025, 0.00626258
2.30179, 64, 2.20015, -0.0477588, 0.174523, 0.0108185
2.30179, 63, 2.19757, 0.0583239, 0.164723, 0.00796206
2.30179, 69, 2.21546, -0.0483202, 0.218346, 0.0108846
