1.61812, 0, 1.82853, -0.0048449, 0.284623, 0.00866401
1.61812, 1, 1.82565, -0.0400685, 0.276968, 0.00848903
1.61812, 2, 1.83492, 0.0426644, 0.207132, 0.00854844
1.61812, 3, 1.81501, 0.0303076, 0.221307, 0.0112522
1.61812, 4, 1.81427, -0.0291668, 0.296844, 0.00887362
1.61812, 5, 1.81293, -0.0099055, 0.21273, 0.00735082
1.61812, 6, 1.81959, 0.00840896, 0.277134, 0.0052252
1.61812, 7, 1.85053, -0.0175913, 0.288897, 0.0108577
1.61812, 8, 1.84937, -0.0387877, 0.289436, 0.00874757
1.61812, 9, 1.83377, -0.0267838, 0.243907, 0.00575349
1.61812, 10, 1.85108, 0.000570091, 0.20505, 0.0105698
1.61812, 11, 1.82957, 0.0216722, 0.24627, 0.00734338
1.61812, 12, 1.84471, -0.0459406, 0.225462, 0.00884357
1.61812, 13, 1.85327, 0.0384761, 0.298414, 0.00670428
1.61812, 14, 1.84722, 0.0101847, 0.280112, 0.00785765
1.61812, 15, 1.82763, -0.0464897, 0.256023, 0.00906306
1.61812, 16, 1.81147, -0.0424435, 0.243215, 0.0116123
1.61812, 17, 1.82873, 0.011841, 0.231765, 0.00605816
1.61812, 18, 1.81002, 0.0332432, 0.288308, 0.00760764
1.61812, 19, 1.80915, 0.00220194, 0.234505, 0.00866864
1.61812, 20, 1.83369, 0.0200997, 0.296119, 0.00758763
1.61812, 21, 1.83318, -0.0229817, 0.215278, 0.00853729
1.61812, 22, 1.83188, -0.0161961, 0.232623, 0.00749685
1.61812, 23, 1.80636, -0.0268011, 0.275689, 0.0103287
1.61812, 24, 1.82391, 0.00439311, 0.253841, 0.00736024
1.61812, 25, 1.82822, -0.0476493, 0.295552, 0.00916424
1.61812, 26, 1.84466, 0.00406446, 0.234118, 0.0105389
1.61812, 27, 1.83238, -0.0107003, 0.249271, 0.0067
1.61812, 28, 1.81454, -0.0257353, 0.221185, 0.00937329
1.61812, 29, 1.8108, 0.00961292, 0.218179, 0.00685871
1.61812, 30, 1.81461, 0.0468899, 0.245039, 0.0100418
1.61812, 31, 1.83045, -0.0424642, 0.234417, 0.00806177
1.61812, 32, 1.85227, -0.0268879, 0.256874, 0.013915
1.6381, 0, 1.8487, -0.0048449, 0.28162, 0.00866401
1.6381, 1, 1.84419, -0.0400685, 0.273965, 0.00848903
1.6381, 2, 1.85414, 0.0426644, 0.204129, 0.00854844
1.6381, 3, 1.83497, 0.0303076, 0.218304, 0.0112522
1.6381, 4, 1.83408, -0.0291668, 0.293842, 0.00887362
1.6381, 5, 1.83183, -0.0099055, 0.209728, 0.00735082
1.6381, 6, 1.84062, 0.00840896, 0.274131, 0.0052252
1.6381, 7, 1.87063, -0.0175913, 0.285894, 0.0108577
1.6381, 8, 1.86873, -0.0387877, 0.286433, 0.00874757
1.6381, 9, 1.85168, -0.0267838, 0.240904, 0.00575349
1.6381, 10, 1.87196, 0.000570091, 0.202047, 0.0105698
1.6381, 11, 1.84918, 0.0216722, 0.243268, 0.00734338
1.6381, 12, 1.86478, -0.0460066, 0.22229, 0.00884357
1.6381, 13, 1.87343, 0.0384761, 0.295412, 0.00670428
1.6381, 14, 1.86657, 0.0101847, 0.27711, 0.00785765
1.6381, 15, 1.84782, -0.0464897, 0.25302, 0.00906306
1.6381, 16, 1.83158, -0.0424435, 0.240212, 0.0116123
1.6381, 17, 1.84783, 0.011841, 0.228762, 0.00605816
1.6381, 18, 1.82836, 0.0332432, 0.285305, 0.00760764
1.6381, 19, 1.82774, 0.00220194, 0.231502, 0.00866864
1.6381, 20, 1.85508, 0.0200997, 0.293117, 0.00758763
1.6381, 21, 1.85118, -0.0229817, 0.212275, 0.00853729
1.6381, 22, 1.85188, -0.0161961, 0.229621, 0.00749685
1.6381, 23, 1.82612, -0.0268011, 0.272686, 0.0103287
1.6381, 24, 1.84454, 0.00439311, 0.250839, 0.00736024
1.6381, 25, 1.84811, -0.0476493, 0.292549, 0.00916424
1.6381, 26, 1.86627, 0.00406446, 0.231115, 0.0105389
1.6381, 27, 1.85257, -0.0107003, 0.246268, 0.0067
1.6381, 28, 1.83339, -0.0257353, 0.218182, 0.00937329
1.6381, 29, 1.83208, 0.00961292, 0.215176, 0.00685871
1.6381, 30, 1.83495, 0.0468899, 0.242036, 0.0100418
1.6381, 31, 1.85058, -0.0423771, 0.231639, 0.00806177
1.6381, 32, 1.87241, -0.0268879, 0.253871, 0.013915
1.65807, 0, 1.86888, -0.0048449, 0.274702, 0.00866401
1.65807, 1, 1.86274, -0.0400685, 0.267048, 0.00848903
1.65807, 2, 1.87336, 0.0426644, 0.197211, 0.00854844
1.65807, 3, 1.85493, 0.0303076, 0.211386, 0.0112522
1.65807, 4, 1.85389, -0.0291668, 0.286924, 0.00887362
1.65807, 5, 1.85073, -0.0099055, 0.20281, 0.00735082
1.65807, 6, 1.86164, 0.00840896, 0.267214, 0.0052252
1.65807, 7, 1.89073, -0.0175913, 0.278977, 0.0108577
1.65807, 8, 1.8881, -0.0387877, 0.279516, 0.00874757
1.65807, 9, 1.86959, -0.0267838, 0.233986, 0.00575349
1.65807, 10, 1.89285, 0.000570091, 0.195129, 0.0105698
1.65807, 11, 1.8688, 0.0216722, 0.23635, 0.00734338
1.65807, 12, 1.88509, -0.0461095, 0.215107, 0.00884357
1.65807, 13, 1.89358, 0.0384761, 0.288494, 0.00670428
1.65807, 14, 1.88593, 0.0101847, 0.270192, 0.00785765
1.65807, 15, 1.86802, -0.0464897, 0.246102, 0.00906306
1.65807, 16, 1.85169, -0.0424435, 0.233295, 0.0116123
1.65807, 17, 1.86694, 0.011841, 0.221845, 0.00605816
1.65807, 18, 1.84669, 0.0332432, 0.278388, 0.00760764
1.65807, 19, 1.84632, 0.00220194, 0.224584, 0.00866864
1.65807, 20, 1.87647, 0.0200997, 0.286199, 0.00758763
1.65807, 21, 1.86918, -0.0229817, 0.205357, 0.00853729
1.65807, 22, 1.87188, -0.0161961, 0.222703, 0.00749685
1.65807, 23, 1.84587, -0.0268011, 0.265769, 0.0103287
1.65807, 24, 1.86517, 0.00439311, 0.243921, 0.00736024
1.65807, 25, 1.868, -0.0476493, 0.285632, 0.00916424
1.65807, 26, 1.88788, 0.00406446, 0.224197, 0.0105389
1.65807, 27, 1.87276, -0.0107003, 0.239351, 0.0067
1.65807, 28, 1.85225, -0.0257353, 0.211265, 0.00937329
1.65807, 29, 1.85336, 0.00961292, 0.208258, 0.00685871
1.65807, 30, 1.85529, 0.0468899, 0.235119, 0.0100418
1.65807, 31, 1.87039, -0.0422412, 0.225071, 0.00806177
1.65807, 32, 1.89255, -0.0268879, 0.246954, 0.013915
1.67805, 0, 1.88905, -0.0048449, 0.263869, 0.00866401
1.67805, 1, 1.88129, -0.0400685, 0.256215, 0.00848903
1.67805, 2, 1.89257, 0.0426644, 0.186379, 0.00854844
1.67805, 3, 1.8749, 0.0303076, 0.200554, 0.0112522
1.67805, 4, 1.8737, -0.0291668, 0.276091, 0.00887362
1.67805, 5, 1.86963, -0.0099055, 0.191977, 0.00735082
1.67805, 6, 1.88267, 0.00840896, 0.256381, 0.0052252
1.67805, 7, 1.91083, -0.0175913, 0.268144, 0.0108577
1.67805, 8, 1.90747, -0.0387877, 0.268683, 0.00874757
1.67805, 9, 1.8875, -0.0267838, 0.223154, 0.00575349
1.67805, 10, 1.91373, 0.000570091, 0.184296, 0.0105698
1.67805, 11, 1.88842, 0.0216722, 0.225517, 0.00734338
1.67805, 12, 1.9054, -0.0462125, 0.204009, 0.00884357
1.67805, 13, 1.91374, 0.0384761, 0.277661, 0.00670428
1.67805, 14, 1.90528, 0.0101847, 0.259359, 0.00785765
1.67805, 15, 1.88821, -0.0464897, 0.23527, 0.00906306
1.67805, 16, 1.8718, -0.0424435, 0.222462, 0.0116123
1.67805, 17, 1.88604, 0.011841, 0.211012, 0.00605816
1.67805, 18, 1.86503, 0.0332432, 0.267555, 0.00760764
1.67805, 19, 1.86491, 0.00220194, 0.213752, 0.00866864
1.67805, 20, 1.89786, 0.0200997, 0.275366, 0.00758763
1.67805, 21, 1.88776, -0.0229164, 0.194384, 0.00853729
1.67805, 22, 1.89188, -0.0161961, 0.21187, 0.00749685
1.67805, 23, 1.86563, -0.0268011, 0.254936, 0.0103287
1.67805, 24, 1.88581, 0.00439311, 0.233088, 0.00736024
1.67805, 25, 1.8879, -0.0476493, 0.274799, 0.00916424
1.67805, 26, 1.90949, 0.00406446, 0.213364, 0.0105389
1.67805, 27, 1.89295, -0.0107003, 0.228518, 0.0067
1.67805, 28, 1.87066, -0.0257847, 0.200538, 0.00937329
1.67805, 29, 1.87464, 0.00961292, 0.197426, 0.00685871
1.67805, 30, 1.87562, 0.0468899, 0.224286, 0.0100418
1.67805, 31, 1.89021, -0.0421052, 0.214589, 0.00806177
1.67805, 32, 1.91268, -0.0268879, 0.236121, 0.013915
1.69803, 0, 1.90923, -0.0048449, 0.249122, 0.00866401
1.69803, 1, 1.89984, -0.0400685, 0.241468, 0.00848903
1.69803, 2, 1.91179, 0.0426644, 0.171631, 0.00854844
1.69803, 3, 1.89486, 0.0303076, 0.185806, 0.0112522
1.69803, 4, 1.89351, -0.0291668, 0.261344, 0.00887362
1.69803, 5, 1.88852, -0.0099055, 0.17723, 0.00735082
1.69803, 6, 1.90369, 0.00840896, 0.241634, 0.0052252
1.69803, 7, 1.93092, -0.0175913, 0.253396, 0.0108577
1.69803, 8, 1.92683, -0.0387877, 0.253936, 0.00874757
1.69803, 9, 1.90541, -0.0267838, 0.208406, 0.00575349
1.69803, 10, 1.93461, 0.000570091, 0.169549, 0.0105698
1.69803, 11, 1.90803, 0.0216722, 0.21077, 0.00734338
1.69803, 12, 1.92571, -0.0463155, 0.188996, 0.00884357
1.69803, 13, 1.93389, 0.0384761, 0.262914, 0.00670428
1.69803, 14, 1.92463, 0.0101847, 0.244612, 0.00785765
1.69803, 15, 1.9084, -0.0464897, 0.220522, 0.00906306
1.69803, 16, 1.8919, -0.0424409, 0.20773, 0.0116123
1.69803, 17, 1.90514, 0.011841, 0.196265, 0.00605816
1.69803, 18, 1.88337, 0.0332432, 0.252807, 0.00760764
1.69803, 19, 1.88349, 0.00220194, 0.199004, 0.00866864
1.69803, 20, 1.91926, 0.0200997, 0.260619, 0.00758763
1.69803, 21, 1.9066, -0.0228214, 0.179433, 0.00853729
1.69803, 22, 1.91188, -0.0161961, 0.197123, 0.00749685
1.69803, 23, 1.88538, -0.0268011, 0.240189, 0.0103287
1.69803, 24, 1.90644, 0.00439311, 0.218341, 0.00736024
1.69803, 25, 1.90779, -0.0476493, 0.260051, 0.00916424
1.69803, 26, 1.93109, 0.00406446, 0.198617, 0.0105389
1.69803, 27, 1.91314, -0.0107003, 0.213771, 0.0067
1.69803, 28, 1.88887, -0.0258564, 0.185944, 0.00937329
1.69803, 29, 1.89592, 0.00961292, 0.182678, 0.00685871
1.69803, 30, 1.89596, 0.0468899, 0.209538, 0.0100418
1.69803, 31, 1.91008, -0.041977, 0.200146, 0.00806177
1.69803, 32, 1.93282, -0.0268879, 0.221373, 0.013915
1.718, 0, 1.9294, -0.0048449, 0.23046, 0.00866401
1.718, 1, 1.91839, -0.0400721, 0.222805, 0.00848903
1.718, 2, 1.93064, 0.0440133, 0.15397, 0.00854844
1.718, 3, 1.91483, 0.0303076, 0.167144, 0.0112522
1.718, 4, 1.91332, -0.0291668, 0.242681, 0.00887362
1.718, 5, 1.90718, -0.0099055, 0.159409, 0.00735082
1.718, 6, 1.92472, 0.00840896, 0.222971, 0.0052252
1.718, 7, 1.95102, -0.0175913, 0.234734, 0.0108577
1.718, 8, 1.9462, -0.0387877, 0.235273, 0.00874757
1.718, 9, 1.92333, -0.0267838, 0.189744, 0.00575349
1.718, 10, 1.94929, -0.000151802, 0.163286, 0.0105698
1.718, 11, 1.92765, 0.0216722, 0.192107, 0.00734338
1.718, 12, 1.94601, -0.0464185, 0.170068, 0.00884357
1.718, 13, 1.95405, 0.0384761, 0.244251, 0.00670428
1.718, 14, 1.94398, 0.0101847, 0.225949, 0.00785765
1.718, 15, 1.92859, -0.0464897, 0.20186, 0.00906306
1.718, 16, 1.91185, -0.0424197, 0.189191, 0.0116123
1.718, 17, 1.92424, 0.011841, 0.177602, 0.00605816
1.718, 18, 1.9017, 0.0332432, 0.234145, 0.00760764
1.718, 19, 1.90208, 0.00220194, 0.180342, 0.00866864
1.718, 20, 1.94065, 0.0200997, 0.241956, 0.00758763
1.718, 21, 1.92545, -0.0227264, 0.160567, 0.00853729
1.718, 22, 1.93188, -0.0161961, 0.17846, 0.00749685
1.718, 23, 1.90513, -0.0267991, 0.221526, 0.0103287
1.718, 24, 1.92707, 0.00439311, 0.199678, 0.00736024
1.718, 25, 1.92769, -0.0476493, 0.241389, 0.00916424
1.718, 26, 1.95336, 0.00512465, 0.188631, 0.0105389
1.718, 27, 1.93333, -0.0107003, 0.195108, 0.0067
1.718, 28, 1.90708, -0.0259282, 0.167436, 0.00937329
1.718, 29, 1.91721, 0.00961292, 0.164016, 0.00685871
1.718, 30, 1.9163, 0.0468899, 0.190876, 0.0100418
1.718, 31, 1.93038, -0.0419046, 0.181463, 0.00806177
1.718, 32, 1.95296, -0.0268879, 0.202711, 0.013915
1.73798, 0, 1.94958, -0.0048449, 0.207882, 0.00866401
1.73798, 1, 1.9379, -0.0405985, 0.200279, 0.00848903
1.73798, 2, 1.94684, 0.0549594, 0.139528, 0.00854844
1.73798, 3, 1.92494, 0.0263339, 0.168527, 0.0112522
1.73798, 4, 1.93313, -0.0291668, 0.220104, 0.00887362
1.73798, 5, 1.91675, -0.00868825, 0.165445, 0.00735082
1.73798, 6, 1.94574, 0.00840896, 0.200394, 0.0052252
1.73798, 7, 1.97112, -0.0175913, 0.212157, 0.0108577
1.73798, 8, 1.96557, -0.0387877, 0.212696, 0.00874757
1.73798, 9, 1.94353, -0.0296275, 0.179578, 0.00575349
1.73798, 10, 1.9614, 0.00293348, 0.170146, 0.0105698
1.73798, 11, 1.94865, 0.0242952, 0.17327, 0.00734338
1.73798, 12, 1.96632, -0.0465215, 0.147226, 0.00884357
1.73798, 13, 1.9742, 0.0384761, 0.221674, 0.00670428
1.73798, 14, 1.96128, 0.0108649, 0.206835, 0.00785765
1.73798, 15, 1.94878, -0.0464897, 0.179283, 0.00906306
1.73798, 16, 1.9318, -0.0423984, 0.166738, 0.0116123
1.73798, 17, 1.94845, 0.00937336, 0.161173, 0.00605816
1.73798, 18, 1.92004, 0.0332432, 0.211568, 0.00760764
1.73798, 19, 1.91835, 0.00800688, 0.172195, 0.00866864
1.73798, 20, 1.96204, 0.0200997, 0.219379, 0.00758763
1.73798, 21, 1.93692, -0.0228929, 0.160976, 0.00853729
1.73798, 22, 1.95171, -0.0237058, 0.168644, 0.00749685
1.73798, 23, 1.92435, -0.0265068, 0.198921, 0.0103287
1.73798, 24, 1.9436, 0.00469469, 0.182681, 0.00736024
1.73798, 25, 1.94758, -0.0476493, 0.218812, 0.00916424
1.73798, 26, 1.97813, 0.00852887, 0.194762, 0.0105389
1.73798, 27, 1.95722, -0.00395009, 0.188072, 0.0067
1.73798, 28, 1.91293, -0.0303045, 0.166476, 0.00937329
1.73798, 29, 1.92835, 0.00934217, 0.158882, 0.00685871
1.73798, 30, 1.93862, 0.0527181, 0.175695, 0.0100418
1.73798, 31, 1.95068, -0.0418322, 0.158866, 0.00806177
1.73798, 32, 1.97309, -0.0268879, 0.180134, 0.013915
1.75796, 0, 1.96596, -0.00832646, 0.183122, 0.00866401
1.75796, 1, 1.95494, -0.0449718, 0.179847, 0.00848903
1.75796, 2, 1.96304, 0.0659054, 0.121171, 0.00854844
1.75796, 3, 1.93329, 0.0265781, 0.163388, 0.0112522
1.75796, 4, 1.95294, -0.0291668, 0.193612, 0.00887362
1.75796, 5, 1.92535, -0.0149851, 0.169672, 0.00735082
1.75796, 6, 1.9669, 0.00843843, 0.174249, 0.0052252
1.75796, 7, 1.99229, -0.014699, 0.195656, 0.0108577
1.75796, 8, 1.98485, -0.0391066, 0.18711, 0.00874757
1.75796, 9, 1.96357, -0.0272664, 0.17893, 0.00575349
1.75796, 10, 1.9828, 0.00820213, 0.162403, 0.0105698
1.75796, 11, 1.9705, 0.0308646, 0.160564, 0.00734338
1.75796, 12, 1.98663, -0.0466245, 0.120468, 0.00884357
1.75796, 13, 1.99436, 0.0384761, 0.195182, 0.00670428
1.75796, 14, 1.97389, 0.0131871, 0.191107, 0.00785765
1.75796, 15, 1.96921, -0.0545107, 0.158632, 0.00906306
1.75796, 16, 1.94528, -0.0548837, 0.156545, 0.0116123
1.75796, 17, 1.96107, 0.00733891, 0.164611, 0.00605816
1.75796, 18, 1.93838, 0.0332432, 0.185076, 0.00760764
1.75796, 19, 1.9244, 0.000156238, 0.187973, 0.00866864
1.75796, 20, 1.97962, 0.0297533, 0.208336, 0.00758763
1.75796, 21, 1.94834, -0.0161648, 0.16057, 0.00853729
1.75796, 22, 1.96486, -0.0290262, 0.161253, 0.00749685
1.75796, 23, 1.94288, -0.0271886, 0.175675, 0.0103287
1.75796, 24, 1.94223, 0.00629178, 0.186071, 0.00736024
1.75796, 25, 1.96747, -0.0476493, 0.19232, 0.00916424
1.75796, 26, 2.00722, 0.0104967, 0.189696, 0.0105389
1.75796, 27, 1.98672, 0.0016047, 0.180448, 0.0067
1.75796, 28, 1.91473, -0.034993, 0.171932, 0.00937329
1.75796, 29, 1.94085, 0.0104157, 0.158894, 0.00685871
1.75796, 30, 1.96331, 0.0654737, 0.165378, 0.0100418
1.75796, 31, 1.97299, -0.0520325, 0.1363, 0.00806177
1.75796, 32, 1.9888, -0.0280739, 0.167716, 0.013915
1.77793, 0, 1.979, -0.0112291, 0.162301, 0.00866401
1.77793, 1, 1.96861, -0.0501179, 0.15528, 0.00848903
1.77793, 2, 1.97924, 0.0768514, 0.0988984, 0.00854844
1.77793, 3, 1.94271, 0.0275501, 0.165921, 0.0112522
1.77793, 4, 1.96745, -0.0388455, 0.199268, 0.00887362
1.77793, 5, 1.93254, -0.0229376, 0.16889, 0.00735082
1.77793, 6, 1.98251, 0.00443339, 0.161501, 0.0052252
1.77793, 7, 2.01826, 0.000830539, 0.218827, 0.0108577
1.77793, 8, 2.00693, -0.047651, 0.188311, 0.00874757
1.77793, 9, 1.97864, -0.0164026, 0.202575, 0.00575349
1.77793, 10, 2.00058, 0.0116781, 0.167134, 0.0105698
1.77793, 11, 1.98492, 0.0366783, 0.167816, 0.00734338
1.77793, 12, 2.00694, -0.0467275, 0.0897958, 0.00884357
1.77793, 13, 2.01451, 0.0384761, 0.164775, 0.00670428
1.77793, 14, 1.98785, 0.0229875, 0.183583, 0.00785765
1.77793, 15, 1.98981, -0.068454, 0.13834, 0.00906306
1.77793, 16, 1.95643, -0.0715163, 0.148428, 0.0116123
1.77793, 17, 1.96819, 0.00634396, 0.159701, 0.00605816
1.77793, 18, 1.96643, 0.0420321, 0.184908, 0.00760764
1.77793, 19, 1.93054, -0.00644063, 0.200619, 0.00866864
1.77793, 20, 1.9971, 0.0396516, 0.193768, 0.00758763
1.77793, 21, 1.96041, -0.00702267, 0.160875, 0.00853729
1.77793, 22, 1.9742, -0.0289519, 0.162306, 0.00749685
1.77793, 23, 1.94802, -0.0326557, 0.165898, 0.0103287
1.77793, 24, 1.94087, 0.00788887, 0.185545, 0.00736024
1.77793, 25, 1.98412, -0.0510867, 0.16582, 0.00916424
1.77793, 26, 2.03632, 0.0124646, 0.180716, 0.0105389
1.77793, 27, 2.0173, 1.75247e-05, 0.172759, 0.0067
1.77793, 28, 1.91653, -0.0396814, 0.173473, 0.00937329
1.77793, 29, 1.95255, 0.00959821, 0.158858, 0.00685871
1.77793, 30, 1.988, 0.0782293, 0.151145, 0.0100418
1.77793, 31, 1.99685, -0.0623191, 0.106496, 0.00806177
1.77793, 32, 1.99947, -0.0287784, 0.174275, 0.013915
1.77793, 33, 1.98693, -0.0398355, 0.261568, 0.00851243
1.79791, 0, 1.98427, -0.0141221, 0.173785, 0.00866401
1.79791, 1, 1.98211, -0.0551709, 0.126538, 0.00848903
1.79791, 2, 1.99543, 0.0877974, 0.0727114, 0.00854844
1.79791, 3, 1.95189, 0.0287768, 0.166573, 0.0112522
1.79791, 4, 1.9817, -0.049321, 0.203888, 0.00887362
1.79791, 5, 1.93402, -0.0290616, 0.165053, 0.00735082
1.79791, 6, 1.99704, 0.0242712, 0.159788, 0.0052252
1.79791, 7, 2.04424, 0.0163601, 0.238084, 0.0108577
1.79791, 8, 2.03035, -0.0555212, 0.185241, 0.00874757
1.79791, 9, 1.98266, -0.00424887, 0.241238, 0.00575349
1.79791, 10, 2.0189, 0.0151517, 0.167238, 0.0105698
1.79791, 11, 1.99756, 0.0452952, 0.166665, 0.00734338
1.79791, 12, 2.02725, -0.0468305, 0.0552085, 0.00884357
1.79791, 13, 2.02736, 0.0504855, 0.16122, 0.00670428
1.79791, 14, 2.00345, 0.0317718, 0.179816, 0.00785765
1.79791, 15, 2.01042, -0.0823972, 0.114134, 0.00906306
1.79791, 16, 1.96758, -0.088149, 0.136395, 0.0116123
1.79791, 17, 1.98204, 0.0210667, 0.158391, 0.00605816
1.79791, 18, 1.99677, 0.0528714, 0.187881, 0.00760764
1.79791, 19, 1.93669, -0.0130375, 0.20935, 0.00866864
1.79791, 20, 2.01458, 0.04955, 0.175286, 0.00758763
1.79791, 21, 1.97064, -0.0043563, 0.160611, 0.00853729
1.79791, 22, 1.98319, -0.0365665, 0.161649, 0.00749685
1.79791, 23, 1.95084, -0.0397681, 0.168177, 0.0103287
1.79791, 24, 1.9395, 0.00948597, 0.181105, 0.00736024
1.79791, 25, 1.99975, -0.0551846, 0.135921, 0.00916424
1.79791, 26, 2.06541, 0.0144324, 0.167821, 0.0105389
1.79791, 27, 2.04788, -0.00156965, 0.161156, 0.0067
1.79791, 28, 1.91833, -0.0443699, 0.171098, 0.00937329
1.79791, 29, 1.96346, 0.00994321, 0.158953, 0.00685871
1.79791, 30, 2.01269, 0.0909849, 0.132999, 0.0100418
1.79791, 31, 2.02071, -0.0726056, 0.0727765, 0.00806177
1.79791, 32, 2.01099, -0.0290587, 0.180512, 0.013915
1.79791, 33, 2.00819, -0.0398355, 0.25878, 0.00851243
1.81789, 0, 1.98954, -0.0170151, 0.181354, 0.00866401
1.81789, 1, 1.99561, -0.0602239, 0.0938808, 0.00848903
1.81789, 2, 2.01163, 0.0987434, 0.0426095, 0.00854844
1.81789, 3, 1.96108, 0.0300035, 0.16331, 0.0112522
1.81789, 4, 1.99595, -0.0597964, 0.204592, 0.00887362
1.81789, 5, 1.93603, -0.0349654, 0.16021, 0.00735082
1.81789, 6, 2.01104, 0.0445245, 0.160201, 0.0052252
1.81789, 7, 2.07021, 0.0318896, 0.253425, 0.0108577
1.81789, 8, 2.05376, -0.0633913, 0.178256, 0.00874757
1.81789, 9, 1.99088, 0.00646729, 0.271502, 0.00575349
1.81789, 10, 2.03721, 0.0186252, 0.163427, 0.0105698
1.81789, 11, 2.00814, 0.0571569, 0.156404, 0.00734338
1.81789, 12, 2.04509, -0.0490403, 0.0299488, 0.00884357
1.81789, 13, 2.04872, 0.0655285, 0.150249, 0.00670428
1.81789, 14, 2.02072, 0.0379076, 0.176375, 0.00785765
1.81789, 15, 2.03102, -0.0963405, 0.0860122, 0.00906306
1.81789, 16, 1.97873, -0.104782, 0.120448, 0.0116123
1.81789, 17, 1.99499, 0.0344747, 0.15809, 0.00605816
1.81789, 18, 2.02711, 0.0637107, 0.18694, 0.00760764
1.81789, 19, 1.95558, -0.01714, 0.201978, 0.00866864
1.81789, 20, 2.02473, 0.059751, 0.161439, 0.00758763
1.81789, 21, 1.98046, -0.00385495, 0.160536, 0.00853729
1.81789, 22, 1.99219, -0.0441811, 0.157077, 0.00749685
1.81789, 23, 1.95217, -0.0474176, 0.173425, 0.0103287
1.81789, 24, 1.93814, 0.0110831, 0.17275, 0.00736024
1.81789, 25, 2.01538, -0.0592824, 0.102108, 0.00916424
1.81789, 26, 2.08911, 0.0163638, 0.168634, 0.0105389
1.81789, 27, 2.07297, -0.00312749, 0.163068, 0.0067
1.81789, 28, 1.92013, -0.0490583, 0.16481, 0.00937329
1.81789, 29, 1.97261, 0.0136234, 0.158858, 0.00685871
1.81789, 30, 2.03738, 0.103741, 0.110937, 0.0100418
1.81789, 31, 2.04457, -0.0828922, 0.0351425, 0.00806177
1.81789, 32, 2.0225, -0.029339, 0.182833, 0.013915
1.81789, 33, 2.02945, -0.0398355, 0.252077, 0.00851243
1.83786, 0, 1.99481, -0.0199081, 0.185008, 0.00866401
1.83786, 1, 2.00911, -0.0652769, 0.0573088, 0.00848903
1.83786, 2, 2.02783, 0.109689, 0.00859269, 0.00854844
1.83786, 3, 1.96887, 0.0292473, 0.16513, 0.0112522
1.83786, 4, 2.01021, -0.0702719, 0.201382, 0.00887362
1.83786, 5, 1.94009, -0.0400191, 0.162459, 0.00735082
1.83786, 6, 2.02504, 0.0647779, 0.156699, 0.0052252
1.83786, 7, 2.09618, 0.0474191, 0.264852, 0.0108577
1.83786, 8, 2.07717, -0.0712615, 0.167356, 0.00874757
1.83786, 9, 2.01414, 0.011396, 0.280673, 0.00575349
1.83786, 10, 2.05278, 0.0216598, 0.164863, 0.0105698
1.83786, 11, 2.01826, 0.0689963, 0.142226, 0.00734338
1.83786, 12, 2.05381, -0.0589511, 0.0493848, 0.00884357
1.83786, 13, 2.07354, 0.0804298, 0.131344, 0.00670428
1.83786, 14, 2.038, 0.0440434, 0.16902, 0.00785765
1.83786, 15, 2.05162, -0.110284, 0.0539758, 0.00906306
1.83786, 16, 1.98988, -0.121414, 0.100586, 0.0116123
1.83786, 17, 2.00743, 0.0471703, 0.156565, 0.00605816
1.83786, 18, 2.05744, 0.07455, 0.182083, 0.00760764
1.83786, 19, 1.97651, -0.0208366, 0.188724, 0.00866864
1.83786, 20, 2.03291, 0.07007, 0.146452, 0.00758763
1.83786, 21, 1.98922, -0.00345209, 0.160537, 0.00853729
1.83786, 22, 2.00118, -0.0517958, 0.148591, 0.00749685
1.83786, 23, 1.95351, -0.0550671, 0.174757, 0.0103287
1.83786, 24, 1.93678, 0.0126802, 0.16048, 0.00736024
1.83786, 25, 2.03101, -0.0633803, 0.0643798, 0.00916424
1.83786, 26, 2.10971, 0.0182706, 0.175605, 0.0105389
1.83786, 27, 2.09679, -0.00467828, 0.165053, 0.0067
1.83786, 28, 1.92192, -0.0537468, 0.154606, 0.00937329
1.83786, 29, 1.98163, 0.0172031, 0.158858, 0.00685871
1.83786, 30, 2.06207, 0.116496, 0.0849599, 0.0100418
1.83786, 34, 2.05761, -0.0490983, 0.278449, 0.00967673
1.83786, 32, 2.03402, -0.0296193, 0.181239, 0.013915
1.83786, 33, 2.05071, -0.0398355, 0.24146, 0.00851243
1.85784, 0, 2.01481, -0.0234749, 0.178473, 0.00866401
1.85784, 1, 2.02212, -0.0708007, 0.020252, 0.00848903
1.85784, 33, 2.07197, -0.0398355, 0.226927, 0.00851243
1.85784, 3, 1.97622, 0.0288852, 0.163775, 0.0112522
1.85784, 4, 2.02446, -0.0807473, 0.194256, 0.00887362
1.85784, 5, 1.94414, -0.0450728, 0.160793, 0.00735082
1.85784, 6, 2.03904, 0.0850312, 0.149282, 0.0052252
1.85784, 7, 2.12216, 0.0629487, 0.272363, 0.0108577
1.85784, 8, 2.10059, -0.0791316, 0.152541, 0.00874757
1.85784, 9, 2.03606, 0.0165062, 0.287309, 0.00575349
1.85784, 10, 2.0678, 0.0246072, 0.164199, 0.0105698
1.85784, 11, 2.02567, 0.0807047, 0.124119, 0.00734338
1.85784, 12, 2.06252, -0.0688618, 0.0649059, 0.00884357
1.85784, 13, 2.09835, 0.0953311, 0.108523, 0.00670428
1.85784, 14, 2.05528, 0.0501792, 0.157749, 0.00785765
1.85784, 15, 2.07223, -0.124227, 0.0180245, 0.00906306
1.85784, 16, 2.00102, -0.138047, 0.0768091, 0.0116123
1.85784, 17, 2.01987, 0.0598659, 0.151124, 0.00605816
1.85784, 18, 2.08778, 0.0853894, 0.173312, 0.00760764
1.85784, 19, 1.98273, -0.0238603, 0.177819, 0.00866864
1.85784, 20, 2.04355, 0.0805077, 0.127563, 0.00758763
1.85784, 21, 1.99772, -0.00306576, 0.160537, 0.00853729
1.85784, 22, 2.01018, -0.0594104, 0.136189, 0.00749685
1.85784, 23, 1.95484, -0.0627166, 0.172175, 0.0103287
1.85784, 24, 1.92955, 0.0152845, 0.164613, 0.00736024
1.85784, 25, 2.04664, -0.0674781, 0.0227367, 0.00916424
1.85784, 26, 2.13032, 0.0201775, 0.178661, 0.0105389
1.85784, 27, 2.12061, -0.00622908, 0.163123, 0.0067
1.85784, 28, 1.92372, -0.0584353, 0.140487, 0.00937329
1.85784, 29, 1.99151, 0.0191834, 0.158858, 0.00685871
1.85784, 30, 2.08676, 0.129252, 0.0550683, 0.0100418
1.85784, 34, 2.07715, -0.0490983, 0.27286, 0.00967673
1.85784, 32, 2.04553, -0.0298996, 0.175731, 0.013915
1.87782, 0, 2.03425, -0.0269739, 0.168102, 0.00866401
1.87782, 1, 2.02647, -0.0842711, 0.039357, 0.00848903
1.87782, 33, 2.09323, -0.0398355, 0.20848, 0.00851243
1.87782, 3, 1.9839, 0.0297118, 0.164168, 0.0112522
1.87782, 4, 2.03871, -0.0912228, 0.183216, 0.00887362
1.87782, 5, 1.94819, -0.0501265, 0.155212, 0.00735082
1.87782, 6, 2.05304, 0.105285, 0.13795, 0.0052252
1.87782, 7, 2.14813, 0.0784782, 0.27596, 0.0108577
1.87782, 8, 2.124, -0.0870018, 0.133812, 0.00874757
1.87782, 9, 2.05698, 0.0216829, 0.291245, 0.00575349
1.87782, 10, 2.08267, 0.0275182, 0.163609, 0.0105698
1.87782, 11, 2.03307, 0.0924131, 0.102097, 0.00734338
1.87782, 12, 2.07124, -0.0787726, 0.076512, 0.00884357
1.87782, 13, 2.12317, 0.110232, 0.081787, 0.00670428
1.87782, 14, 2.07255, 0.056315, 0.142564, 0.00785765
1.87782, 32, 2.05755, -0.0302132, 0.16613, 0.013915
1.87782, 16, 2.01217, -0.15468, 0.0491173, 0.0116123
1.87782, 17, 2.03231, 0.0725616, 0.141768, 0.00605816
1.87782, 18, 2.11812, 0.0962287, 0.160626, 0.00760764
1.87782, 19, 1.98742, -0.026814, 0.163652, 0.00866864
1.87782, 20, 2.0542, 0.0909454, 0.104759, 0.00758763
1.87782, 21, 2.00608, -0.00268597, 0.160537, 0.00853729
1.87782, 22, 2.01917, -0.067025, 0.119872, 0.00749685
1.87782, 23, 1.95618, -0.0703661, 0.165677, 0.0103287
1.87782, 24, 1.93331, 0.0153404, 0.158668, 0.00736024
1.87782, 25, 2.05279, -0.079745, 0.0419163, 0.00916424
1.87782, 26, 2.15093, 0.0220843, 0.177801, 0.0105389
1.87782, 27, 2.14385, -0.0077657, 0.159215, 0.0067
1.87782, 28, 1.92552, -0.0631237, 0.122453, 0.00937329
1.87782, 29, 2.00109, 0.0209096, 0.158858, 0.00685871
1.87782, 30, 2.11145, 0.142007, 0.0212618, 0.0100418
1.87782, 34, 2.09669, -0.0490983, 0.263355, 0.00967673
1.89779, 0, 2.03903, -0.0289917, 0.161498, 0.00866401
1.89779, 1, 2.03081, -0.0977414, 0.0545472, 0.00848903
1.89779, 33, 2.1145, -0.0398355, 0.186118, 0.00851243
1.89779, 3, 1.99139, 0.0304169, 0.163689, 0.0112522
1.89779, 4, 2.05296, -0.101698, 0.168261, 0.00887362
1.89779, 5, 1.95224, -0.0551802, 0.145716, 0.00735082
1.89779, 6, 2.06705, 0.125538, 0.122703, 0.0052252
1.89779, 7, 2.1741, 0.0940077, 0.275642, 0.0108577
1.89779, 8, 2.14741, -0.094872, 0.111167, 0.00874757
1.89779, 9, 2.07688, 0.0268653, 0.292514, 0.00575349
1.89779, 10, 2.09738, 0.0303935, 0.162874, 0.0105698
1.89779, 11, 2.04048, 0.104122, 0.0761596, 0.00734338
1.89779, 12, 2.07996, -0.0886834, 0.0842033, 0.00884357
1.89779, 13, 2.14798, 0.125134, 0.0511364, 0.00670428
1.89779, 14, 2.08983, 0.0624508, 0.123464, 0.00785765
1.89779, 32, 2.06729, -0.0322741, 0.173455, 0.013915
1.89779, 16, 2.02332, -0.171312, 0.0175105, 0.0116123
1.89779, 17, 2.04474, 0.0852572, 0.128498, 0.00605816
1.89779, 18, 2.14846, 0.107068, 0.144025, 0.00760764
1.89779, 19, 1.98552, -0.0287351, 0.167704, 0.00866864
1.89779, 20, 2.06484, 0.101383, 0.0780401, 0.00758763
1.89779, 21, 2.01429, -0.00231271, 0.160537, 0.00853729
1.89779, 22, 2.02817, -0.0746397, 0.099641, 0.00749685
1.89779, 23, 1.95752, -0.0780155, 0.155265, 0.0103287
1.89779, 24, 1.9346, 0.0153399, 0.155751, 0.00736024
1.89779, 25, 2.05835, -0.0924856, 0.0610864, 0.00916424
1.89779, 26, 2.17154, 0.0239912, 0.173027, 0.0105389
1.89779, 27, 2.16445, -0.00923771, 0.160111, 0.0067
1.89779, 28, 1.92732, -0.0678122, 0.100505, 0.00937329
1.89779, 29, 2.01047, 0.0226356, 0.158858, 0.00685871
1.89779, 35, 2.11178, 0.0279914, 0.224505, 0.00632506
1.89779, 34, 2.11623, -0.0490983, 0.249936, 0.00967673
1.91777, 0, 2.04041, -0.0281828, 0.165524, 0.00866401
1.91777, 1, 2.03516, -0.111212, 0.0658224, 0.00848903
1.91777, 33, 2.13576, -0.0398355, 0.159841, 0.00851243
1.91777, 3, 1.99849, 0.0307681, 0.163488, 0.0112522
1.91777, 4, 2.06721, -0.112174, 0.149391, 0.00887362
1.91777, 5, 1.95629, -0.0602339, 0.132306, 0.00735082
1.91777, 6, 2.08105, 0.145791, 0.103541, 0.0052252
1.91777, 7, 2.18731, 0.110339, 0.271155, 0.0108577
1.91777, 8, 2.17083, -0.102742, 0.084608, 0.00874757
1.91777, 9, 2.09584, 0.0319621, 0.291049, 0.00575349
1.91777, 10, 2.11194, 0.0332463, 0.162991, 0.0105698
1.91777, 11, 2.04788, 0.11583, 0.0463078, 0.00734338
1.91777, 12, 2.08868, -0.0985942, 0.0879798, 0.00884357
1.91777, 13, 2.1728, 0.140035, 0.0165709, 0.00670428
1.91777, 14, 2.10711, 0.0685866, 0.100449, 0.00785765
1.91777, 32, 2.0767, -0.0344183, 0.178147, 0.013915
1.91777, 36, 2.10766, 0.0340283, 0.298557, 0.0074001
1.91777, 17, 2.05718, 0.0979528, 0.111313, 0.00605816
1.91777, 18, 2.17879, 0.117907, 0.123509, 0.00760764
1.91777, 19, 1.989, -0.0292404, 0.163455, 0.00866864
1.91777, 20, 2.07548, 0.111821, 0.0474063, 0.00758763
1.91777, 21, 2.02236, -0.001946, 0.160537, 0.00853729
1.91777, 22, 2.03717, -0.0822543, 0.0754947, 0.00749685
1.91777, 23, 1.95885, -0.085665, 0.140938, 0.0103287
1.91777, 24, 1.9344, 0.0153394, 0.153547, 0.00736024
1.91777, 25, 2.06391, -0.105226, 0.0763417, 0.00916424
1.91777, 26, 2.19215, 0.025898, 0.164338, 0.0105389
1.91777, 27, 2.18536, -0.0107115, 0.159032, 0.0067
1.91777, 28, 1.92912, -0.0725006, 0.0746414, 0.00937329
1.91777, 29, 2.01971, 0.0243357, 0.158858, 0.00685871
1.91777, 35, 2.13178, 0.0279914, 0.220314, 0.00632506
1.91777, 34, 2.13577, -0.0490983, 0.232602, 0.00967673
1.93775, 0, 2.04179, -0.0273738, 0.165634, 0.00866401
1.93775, 1, 2.0395, -0.124682, 0.0731828, 0.00848903
1.93775, 33, 2.14854, -0.0553994, 0.162099, 0.00851243
1.93775, 3, 2.00326, 0.0306718, 0.160987, 0.0112522
1.93775, 4, 2.08147, -0.122649, 0.126606, 0.00887362
1.93775, 5, 1.96034, -0.0652876, 0.11498, 0.00735082
1.93775, 6, 2.09505, 0.166045, 0.0804647, 0.0052252
1.93775, 7, 2.17941, 0.128012, 0.262347, 0.0108577
1.93775, 8, 2.19424, -0.110612, 0.0541338, 0.00874757
1.93775, 9, 2.1139, 0.0345644, 0.287516, 0.00575349
1.93775, 10, 2.12637, 0.0360693, 0.162679, 0.0105698
1.93775, 11, 2.05529, 0.127538, 0.0125411, 0.00734338
1.93775, 12, 2.0974, -0.108505, 0.0878413, 0.00884357
1.93775, 34, 2.15531, -0.0490983, 0.211353, 0.00967673
1.93775, 14, 2.12438, 0.0747224, 0.0735188, 0.00785765
1.93775, 32, 2.0861, -0.0365626, 0.178923, 0.013915
1.93775, 36, 2.12602, 0.0340283, 0.294123, 0.0074001
1.93775, 17, 2.06962, 0.110648, 0.0902124, 0.00605816
1.93775, 18, 2.20913, 0.128747, 0.0990785, 0.00760764
1.93775, 19, 1.99246, -0.0294741, 0.158847, 0.00866864
1.93775, 20, 2.08613, 0.122259, 0.0128577, 0.00758763
1.93775, 21, 2.03028, -0.00158582, 0.160537, 0.00853729
1.93775, 22, 2.04616, -0.0898689, 0.0474334, 0.00749685
1.93775, 23, 1.96019, -0.0933145, 0.122696, 0.0103287
1.93775, 24, 1.93318, 0.0153396, 0.152283, 0.00736024
1.93775, 25, 2.06948, -0.117967, 0.087682, 0.00916424
1.93775, 26, 2.20823, 0.0275084, 0.167575, 0.0105389
1.93775, 27, 2.2065, -0.01218, 0.158713, 0.0067
1.93775, 28, 1.93091, -0.0771891, 0.0448631, 0.00937329
1.93775, 29, 2.02881, 0.0260096, 0.158858, 0.00685871
1.93775, 35, 2.15178, 0.0279914, 0.212208, 0.00632506
1.93775, 37, 2.13125, -0.0478032, 0.269849, 0.0120159
1.95772, 0, 2.04317, -0.0265649, 0.16183, 0.00866401
1.95772, 1, 2.04384, -0.138152, 0.0766282, 0.00848903
1.95772, 33, 2.16093, -0.0716999, 0.161972, 0.00851243
1.95772, 3, 2.0053, 0.0305155, 0.157786, 0.0112522
1.95772, 4, 2.09572, -0.133125, 0.0999064, 0.00887362
1.95772, 5, 1.96439, -0.0703412, 0.09374, 0.00735082
1.95772, 6, 2.10905, 0.186298, 0.0534732, 0.0052252
1.95772, 7, 2.17151, 0.145685, 0.249623, 0.0108577
1.95772, 8, 2.21766, -0.118482, 0.0197447, 0.00874757
1.95772, 9, 2.13088, 0.0327007, 0.282109, 0.00575349
1.95772, 10, 2.14038, 0.0391238, 0.161785, 0.0105698
1.95772, 37, 2.15112, -0.0478032, 0.267375, 0.0120159
1.95772, 12, 2.10612, -0.118416, 0.0837879, 0.00884357
1.95772, 34, 2.17484, -0.0490983, 0.186189, 0.00967673
1.95772, 14, 2.14166, 0.0808582, 0.042674, 0.00785765
1.95772, 32, 2.0955, -0.0387068, 0.175785, 0.013915
1.95772, 36, 2.14439, 0.0340283, 0.285774, 0.0074001
1.95772, 17, 2.08206, 0.123344, 0.0651973, 0.00605816
1.95772, 18, 2.23947, 0.139586, 0.0707328, 0.00760764
1.95772, 19, 1.9936, -0.0294802, 0.155945, 0.00866864
1.95772, 35, 2.17178, 0.0279914, 0.200188, 0.00632506
1.95772, 21, 2.03807, -0.00123218, 0.160537, 0.00853729
1.95772, 22, 2.05516, -0.0974836, 0.0154573, 0.00749685
1.95772, 23, 1.96152, -0.100964, 0.100539, 0.0103287
1.95772, 29, 2.03777, 0.0276575, 0.158858, 0.00685871
1.95772, 25, 2.07504, -0.130708, 0.0951075, 0.00916424
1.95772, 26, 2.2174, 0.0286479, 0.172274, 0.0105389
1.95772, 27, 2.22156, -0.0137507, 0.160148, 0.0067
1.95772, 28, 1.93271, -0.0818775, 0.0111699, 0.00937329
1.9777, 0, 2.04508, -0.0266503, 0.16265, 0.00866401
1.9777, 1, 2.04819, -0.151623, 0.0761588, 0.00848903
1.9777, 33, 2.17331, -0.0880003, 0.15793, 0.00851243
1.9777, 3, 2.00561, 0.0304005, 0.155142, 0.0112522
1.9777, 4, 2.10887, -0.147049, 0.0714507, 0.00887362
1.9777, 5, 1.96844, -0.0753949, 0.0685847, 0.00735082
1.9777, 6, 2.12305, 0.206551, 0.0225668, 0.0052252
1.9777, 7, 2.16361, 0.163359, 0.232985, 0.0108577
1.9777, 26, 2.20698, 0.0284308, 0.178769, 0.0105389
1.9777, 9, 2.14604, 0.0315227, 0.273898, 0.00575349
1.9777, 10, 2.1538, 0.0427448, 0.159247, 0.0105698
1.9777, 37, 2.17098, -0.0478032, 0.260986, 0.0120159
1.9777, 12, 2.11595, -0.124843, 0.0736386, 0.00884357
1.9777, 34, 2.19438, -0.0490983, 0.157111, 0.00967673
1.9777, 14, 2.15894, 0.086994, 0.00791419, 0.00785765
1.9777, 32, 2.1049, -0.040851, 0.168731, 0.013915
1.9777, 36, 2.16275, 0.0340283, 0.27351, 0.0074001
1.9777, 17, 2.0945, 0.13604, 0.0362673, 0.00605816
1.9777, 18, 2.2698, 0.150425, 0.0384722, 0.00760764
1.9777, 19, 1.99378, -0.0294847, 0.153819, 0.00866864
1.9777, 35, 2.19144, 0.0279915, 0.184418, 0.00632506
1.9777, 21, 2.0457, -0.000885082, 0.160537, 0.00853729
1.9777, 27, 2.21122, -0.0157946, 0.165531, 0.0067
1.9777, 23, 1.96286, -0.108614, 0.0744676, 0.0103287
1.9777, 29, 2.04659, 0.0292794, 0.158858, 0.00685871
1.9777, 25, 2.08061, -0.143448, 0.098618, 0.00916424
1.99768, 0, 2.04787, -0.0267083, 0.15893, 0.00866401
1.99768, 1, 2.05253, -0.165093, 0.0717745, 0.00848903
1.99768, 33, 2.1857, -0.104301, 0.149974, 0.00851243
1.99768, 3, 2.00464, 0.0306209, 0.153236, 0.0112522
1.99768, 4, 2.12094, -0.164337, 0.0411844, 0.00887362
1.99768, 5, 1.97249, -0.0804486, 0.0395146, 0.00735082
1.99768, 29, 2.05526, 0.0308752, 0.158858, 0.00685871
1.99768, 7, 2.15571, 0.181032, 0.212431, 0.0108577
1.99768, 26, 2.2076, 0.0281217, 0.17598, 0.0105389
1.99768, 9, 2.15922, 0.0304168, 0.263393, 0.00575349
1.99768, 10, 2.16711, 0.0465346, 0.153169, 0.0105698
1.99768, 37, 2.18686, -0.0478032, 0.251476, 0.0120159
1.99768, 12, 2.12687, -0.127871, 0.0574484, 0.00884357
1.99768, 34, 2.21392, -0.0490983, 0.124117, 0.00967673
1.99768, 25, 2.08617, -0.156189, 0.0982137, 0.00916424
1.99768, 32, 2.11538, -0.0451205, 0.165197, 0.013915
1.99768, 36, 2.18111, 0.0340283, 0.257332, 0.0074001
1.99768, 17, 2.10694, 0.148735, 0.00342233, 0.00605816
1.99768, 18, 2.30014, 0.161265, 0.00229674, 0.00760764
1.99768, 19, 1.99263, -0.0294824, 0.152463, 0.00866864
1.99768, 35, 2.16005, 0.0284178, 0.189571, 0.00632506
1.99768, 21, 2.05198, -0.000634205, 0.159691, 0.00853729
1.99768, 27, 2.20088, -0.0178385, 0.167, 0.0067
1.99768, 23, 1.9642, -0.116263, 0.0444809, 0.0103287
2.01765, 0, 2.04892, -0.0267057, 0.156235, 0.00866401
2.01765, 1, 2.05688, -0.178563, 0.0634752, 0.00848903
2.01765, 33, 2.19808, -0.120601, 0.138102, 0.00851243
2.01765, 3, 2.00284, 0.0307698, 0.1522, 0.0112522
2.01765, 4, 2.13301, -0.181625, 0.00700332, 0.00887362
2.01765, 5, 1.97654, -0.0855023, 0.00652953, 0.00735082
2.01765, 29, 2.06335, 0.0323505, 0.158601, 0.00685871
2.01765, 7, 2.14781, 0.198705, 0.187963, 0.0108577
2.01765, 26, 2.20823, 0.027812, 0.169271, 0.0105389
2.01765, 9, 2.17002, 0.0291204, 0.251079, 0.00575349
2.01765, 10, 2.18043, 0.0503244, 0.143177, 0.0105698
2.01765, 37, 2.17188, -0.0478032, 0.244319, 0.0120159
2.01765, 12, 2.13779, -0.130899, 0.0373434, 0.00884357
2.01765, 34, 2.21206, -0.0490983, 0.0937428, 0.00967673
2.01765, 25, 2.09174, -0.168929, 0.0938945, 0.00916424
2.01765, 32, 2.12693, -0.0515424, 0.165287, 0.013915
2.01765, 36, 2.19948, 0.0340283, 0.237238, 0.0074001
2.01765, 27, 2.19053, -0.0198824, 0.164554, 0.0067
2.01765, 23, 1.96553, -0.123912, 0.0105794, 0.0103287
2.01765, 21, 2.05356, -0.000638822, 0.156952, 0.00853729
2.01765, 35, 2.12862, 0.0288462, 0.190834, 0.00632506
2.02851, 0, 2.04896, -0.0267048, 0.155009, 0.00866401
2.02851, 1, 2.05924, -0.185886, 0.0573212, 0.00848903
2.02851, 33, 2.20482, -0.129462, 0.130006, 0.00851243
2.02851, 27, 2.18491, -0.0209934, 0.161581, 0.0067
2.02851, 21, 2.05385, -0.000640465, 0.155663, 0.00853729
2.02851, 35, 2.12336, 0.0290981, 0.182271, 0.00632506
2.02851, 29, 2.06419, 0.0323354, 0.157189, 0.00685871
2.02851, 7, 2.14351, 0.208312, 0.173019, 0.0108577
2.02851, 26, 2.20857, 0.0276437, 0.163981, 0.0105389
2.02851, 9, 2.17484, 0.0282414, 0.24376, 0.00575349
2.02851, 10, 2.18766, 0.0523845, 0.136102, 0.0105698
2.02851, 37, 2.17418, -0.0556306, 0.237038, 0.0120159
2.02851, 12, 2.14373, -0.132545, 0.0247716, 0.00884357
2.02851, 34, 2.20484, -0.0490983, 0.0774858, 0.00967673
2.02851, 25, 2.09476, -0.175855, 0.089904, 0.00916424
2.02851, 32, 2.13321, -0.0550333, 0.163694, 0.013915
2.02851, 36, 2.20946, 0.0340283, 0.224672, 0.0074001
