0.819835, 0, 1.0401, -0.0048449, 0.283401, 0.00786531
0.819835, 1, 1.03628, -0.0400685, 0.275746, 0.00896905
0.819835, 2, 1.04594, 0.0426644, 0.20591, 0.00774419
0.819835, 3, 1.02645, 0.0303076, 0.220085, 0.0104223
0.819835, 4, 1.02563, -0.0291668, 0.295622, 0.00933755
0.819835, 5, 1.02376, -0.0099055, 0.211508, 0.00659167
0.819835, 6, 1.03165, 0.00840896, 0.275912, 0.00466433
0.819835, 7, 1.06205, -0.0175913, 0.287675, 0.0113082
0.819835, 8, 1.06047, -0.0387877, 0.288214, 0.00795289
0.819835, 9, 1.04404, -0.0267838, 0.242685, 0.00634374
0.819835, 10, 1.06305, 0.000570091, 0.203828, 0.00974965
0.819835, 11, 1.032, -0.0173381, 0.202176, 0.00658288
0.819835, 12, 1.05299, -0.00359007, 0.247521, 0.00930605
0.819835, 13, 1.01833, -0.024398, 0.24835, 0.00598862
0.819835, 14, 1.06058, 0.048554, 0.261222, 0.00834554
0.819835, 15, 1.05815, 0.0484677, 0.29488, 0.00953605
0.819835, 16, 1.01805, 0.00616259, 0.262137, 0.0120808
0.819835, 17, 1.03968, 0.011841, 0.230543, 0.00542187
0.819835, 18, 1.02053, 0.0332432, 0.287086, 0.00809871
0.819835, 19, 1.01981, 0.00220194, 0.233283, 0.00787017
0.819835, 20, 1.04595, 0.0200997, 0.294898, 0.00807896
0.819835, 21, 1.06069, -0.0441261, 0.223861, 0.0077325
0.819835, 22, 1.02963, -0.0345828, 0.206414, 0.0067641
0.819835, 23, 1.03394, -0.017237, 0.257268, 0.0107956
0.819835, 24, 1.02951, 0.0258288, 0.251033, 0.00660279
0.819835, 25, 1.0231, 0.00442051, 0.290773, 0.00964207
0.819835, 26, 1.04179, 0.0443532, 0.272012, 0.0097226
0.819835, 27, 1.06092, 0.0258319, 0.228056, 0.00598326
0.819835, 28, 1.04529, -0.0233089, 0.276348, 0.00856261
0.819835, 29, 1.02712, -0.044935, 0.231124, 0.00737584
0.839831, 0, 1.06045, -0.0048449, 0.278171, 0.00786531
0.839831, 1, 1.05499, -0.0400685, 0.270517, 0.00896905
0.839831, 2, 1.06533, 0.0426644, 0.200681, 0.00774419
0.839831, 3, 1.0466, 0.0303076, 0.214856, 0.0104223
0.839831, 4, 1.04562, -0.0291668, 0.290393, 0.00933755
0.839831, 5, 1.04283, -0.0099055, 0.206279, 0.00659167
0.839831, 6, 1.05286, 0.00840896, 0.270683, 0.00466433
0.839831, 7, 1.08233, -0.0175913, 0.282446, 0.0113082
0.839831, 8, 1.08001, -0.0387877, 0.282985, 0.00795289
0.839831, 9, 1.06211, -0.0267838, 0.237456, 0.00634374
0.839831, 10, 1.08413, 0.000570091, 0.198598, 0.00974965
0.839831, 11, 1.05087, -0.0173381, 0.196947, 0.00658288
0.839831, 12, 1.07359, -0.00359007, 0.242291, 0.00930605
0.839831, 13, 1.03789, -0.024398, 0.243121, 0.00598862
0.839831, 14, 1.0802, 0.048554, 0.255993, 0.00834554
0.839831, 15, 1.07849, 0.0484677, 0.289651, 0.00953605
0.839831, 16, 1.0376, 0.00616259, 0.256907, 0.0120808
0.839831, 17, 1.05896, 0.011841, 0.225314, 0.00542187
0.839831, 18, 1.03903, 0.0332432, 0.281857, 0.00809871
0.839831, 19, 1.03856, 0.00220194, 0.228053, 0.00787017
0.839831, 20, 1.06754, 0.0200997, 0.289668, 0.00807896
0.839831, 21, 1.08064, -0.0441261, 0.218632, 0.0077325
0.839831, 22, 1.04899, -0.0345828, 0.201185, 0.0067641
0.839831, 23, 1.05441, -0.017237, 0.252038, 0.0107956
0.839831, 24, 1.05101, 0.0258288, 0.245804, 0.00660279
0.839831, 25, 1.04172, 0.00442051, 0.285544, 0.00964207
0.839831, 26, 1.0619, 0.0443532, 0.266783, 0.0097226
0.839831, 27, 1.08189, 0.0258319, 0.222827, 0.00598326
0.839831, 28, 1.0661, -0.0233089, 0.271119, 0.00856261
0.839831, 29, 1.04534, -0.044935, 0.228047, 0.00737584
0.839831, 30, 1.07652, -0.0288698, 0.228252, 0.0092179
0.859827, 0, 1.08081, -0.0048449, 0.269019, 0.00786531
0.859827, 1, 1.07371, -0.0400685, 0.261365, 0.00896905
0.859827, 2, 1.08472, 0.0426644, 0.191529, 0.00774419
0.859827, 3, 1.06674, 0.0303076, 0.205704, 0.0104223
0.859827, 4, 1.06561, -0.0291668, 0.281241, 0.00933755
0.859827, 5, 1.0619, -0.0099055, 0.197127, 0.00659167
0.859827, 6, 1.07407, 0.00840896, 0.261531, 0.00466433
0.859827, 7, 1.10261, -0.0175913, 0.273294, 0.0113082
0.859827, 8, 1.09955, -0.0387877, 0.273833, 0.00795289
0.859827, 9, 1.08018, -0.0267838, 0.228304, 0.00634374
0.859827, 10, 1.1052, 0.000570091, 0.189446, 0.00974965
0.859827, 11, 1.06975, -0.0173381, 0.187795, 0.00658288
0.859827, 12, 1.09418, -0.00359007, 0.233139, 0.00930605
0.859827, 13, 1.05745, -0.024398, 0.233969, 0.00598862
0.859827, 14, 1.09981, 0.048554, 0.246841, 0.00834554
0.859827, 15, 1.09883, 0.0484677, 0.280499, 0.00953605
0.859827, 16, 1.05716, 0.00616259, 0.247755, 0.0120808
0.859827, 17, 1.07823, 0.011841, 0.216162, 0.00542187
0.859827, 18, 1.05754, 0.0332432, 0.272705, 0.00809871
0.859827, 19, 1.05731, 0.00220194, 0.218902, 0.00787017
0.859827, 20, 1.08912, 0.0200997, 0.280516, 0.00807896
0.859827, 21, 1.10059, -0.0441261, 0.20948, 0.0077325
0.859827, 22, 1.06835, -0.0345828, 0.192033, 0.0067641
0.859827, 23, 1.07487, -0.017237, 0.242887, 0.0107956
0.859827, 24, 1.07251, 0.0258288, 0.236652, 0.00660279
0.859827, 25, 1.06034, 0.00442051, 0.276392, 0.00964207
0.859827, 26, 1.08201, 0.0443532, 0.257631, 0.0097226
0.859827, 27, 1.10285, 0.0258319, 0.213675, 0.00598326
0.859827, 28, 1.0869, -0.0233089, 0.261967, 0.00856261
0.859827, 29, 1.06356, -0.044935, 0.221047, 0.00737584
0.859827, 30, 1.09693, -0.0288698, 0.224745, 0.0092179
0.879823, 0, 1.10117, -0.0048449, 0.255945, 0.00786531
0.879823, 1, 1.09243, -0.0400685, 0.248291, 0.00896905
0.879823, 2, 1.10411, 0.0426644, 0.178455, 0.00774419
0.879823, 3, 1.08688, 0.0303076, 0.19263, 0.0104223
0.879823, 4, 1.0856, -0.0291668, 0.268167, 0.00933755
0.879823, 5, 1.08097, -0.0099055, 0.184053, 0.00659167
0.879823, 6, 1.09529, 0.00840896, 0.248457, 0.00466433
0.879823, 7, 1.12293, -0.0175826, 0.260237, 0.0113082
0.879823, 8, 1.11909, -0.0387877, 0.260759, 0.00795289
0.879823, 9, 1.09826, -0.0267838, 0.21523, 0.00634374
0.879823, 10, 1.12627, 0.000570091, 0.176372, 0.00974965
0.879823, 11, 1.08862, -0.0173381, 0.174721, 0.00658288
0.879823, 12, 1.11478, -0.00359007, 0.220065, 0.00930605
0.879823, 13, 1.07702, -0.024398, 0.220895, 0.00598862
0.879823, 14, 1.11943, 0.048554, 0.233767, 0.00834554
0.879823, 15, 1.11917, 0.0484677, 0.267425, 0.00953605
0.879823, 16, 1.07672, 0.00616259, 0.234681, 0.0120808
0.879823, 17, 1.09751, 0.011841, 0.203088, 0.00542187
0.879823, 18, 1.07604, 0.0332432, 0.259631, 0.00809871
0.879823, 19, 1.07606, 0.00220194, 0.205827, 0.00787017
0.879823, 20, 1.11071, 0.0200997, 0.267442, 0.00807896
0.879823, 21, 1.12053, -0.0441261, 0.196406, 0.0077325
0.879823, 22, 1.08771, -0.0345828, 0.178959, 0.0067641
0.879823, 23, 1.09533, -0.017237, 0.229812, 0.0107956
0.879823, 24, 1.09401, 0.0258288, 0.223578, 0.00660279
0.879823, 25, 1.07897, 0.00442051, 0.263318, 0.00964207
0.879823, 26, 1.10213, 0.0443532, 0.244557, 0.0097226
0.879823, 27, 1.12382, 0.0258319, 0.200601, 0.00598326
0.879823, 28, 1.10762, -0.0233289, 0.248853, 0.00856261
0.879823, 29, 1.08179, -0.044935, 0.210125, 0.00737584
0.879823, 30, 1.11735, -0.0288698, 0.217316, 0.0092179
0.879823, 31, 1.10587, 0.0277829, 0.253224, 0.00728471
0.899819, 0, 1.12152, -0.0048449, 0.238949, 0.00786531
0.899819, 1, 1.11114, -0.0400685, 0.231294, 0.00896905
0.899819, 2, 1.1235, 0.0426644, 0.161458, 0.00774419
0.899819, 3, 1.10703, 0.0303076, 0.175633, 0.0104223
0.899819, 4, 1.10559, -0.0291668, 0.25117, 0.00933755
0.899819, 5, 1.10004, -0.0099055, 0.167056, 0.00659167
0.899819, 6, 1.1165, 0.00840896, 0.23146, 0.00466433
0.899819, 7, 1.14343, -0.0175352, 0.243334, 0.0113082
0.899819, 8, 1.13864, -0.0387877, 0.243762, 0.00795289
0.899819, 9, 1.11633, -0.0267838, 0.198233, 0.00634374
0.899819, 10, 1.14648, 0.000570091, 0.162563, 0.00974965
0.899819, 11, 1.10723, -0.0173381, 0.1587, 0.00658288
0.899819, 12, 1.13538, -0.00359007, 0.203069, 0.00930605
0.899819, 13, 1.09658, -0.024398, 0.203898, 0.00598862
0.899819, 14, 1.13905, 0.048554, 0.21677, 0.00834554
0.899819, 15, 1.1395, 0.0484677, 0.250428, 0.00953605
0.899819, 16, 1.09628, 0.00616259, 0.217685, 0.0120808
0.899819, 17, 1.11678, 0.011841, 0.186091, 0.00542187
0.899819, 18, 1.09454, 0.0332432, 0.242634, 0.00809871
0.899819, 19, 1.09482, 0.00220194, 0.188831, 0.00787017
0.899819, 20, 1.13331, 0.0179398, 0.256255, 0.00807896
0.899819, 21, 1.14048, -0.0441261, 0.179409, 0.0077325
0.899819, 22, 1.10707, -0.0345828, 0.161962, 0.0067641
0.899819, 23, 1.11579, -0.017237, 0.212816, 0.0107956
0.899819, 24, 1.11551, 0.0258288, 0.206581, 0.00660279
0.899819, 25, 1.09759, 0.00442051, 0.246321, 0.00964207
0.899819, 26, 1.12224, 0.0443532, 0.22756, 0.0097226
0.899819, 27, 1.14478, 0.0258319, 0.183604, 0.00598326
0.899819, 28, 1.12791, -0.023438, 0.23164, 0.00856261
0.899819, 29, 1.10001, -0.044935, 0.195281, 0.00737584
0.899819, 30, 1.13776, -0.0288698, 0.205964, 0.0092179
0.899819, 31, 1.1237, 0.0307291, 0.24077, 0.00728471
0.899819, 32, 1.14413, -0.0422069, 0.289783, 0.0130474
0.919815, 0, 1.14188, -0.0048449, 0.21803, 0.00786531
0.919815, 1, 1.12986, -0.0400685, 0.210375, 0.00896905
0.919815, 2, 1.14254, 0.0443618, 0.141126, 0.00774419
0.919815, 3, 1.12412, 0.0303076, 0.16613, 0.0104223
0.919815, 4, 1.12557, -0.0291668, 0.230251, 0.00933755
0.919815, 5, 1.11205, -0.00710288, 0.159412, 0.00659167
0.919815, 6, 1.13772, 0.00840896, 0.210541, 0.00466433
0.919815, 7, 1.16393, -0.0174879, 0.222509, 0.0113082
0.919815, 8, 1.15818, -0.0387877, 0.222843, 0.00795289
0.919815, 9, 1.1344, -0.0267838, 0.177314, 0.00634374
0.919815, 10, 1.16056, 0.00141224, 0.165645, 0.00974965
0.919815, 11, 1.12335, -0.0220973, 0.160011, 0.00658288
0.919815, 12, 1.15489, -0.00455849, 0.188089, 0.00930605
0.919815, 13, 1.11615, -0.024398, 0.182979, 0.00598862
0.919815, 14, 1.15867, 0.048554, 0.195851, 0.00834554
0.919815, 15, 1.15984, 0.0484677, 0.229509, 0.00953605
0.919815, 16, 1.11584, 0.00616259, 0.196766, 0.0120808
0.919815, 17, 1.13606, 0.011841, 0.165172, 0.00542187
0.919815, 18, 1.11304, 0.0332432, 0.221715, 0.00809871
0.919815, 19, 1.11268, 0.00506122, 0.171743, 0.00787017
0.919815, 20, 1.15612, 0.0153242, 0.242372, 0.00807896
0.919815, 21, 1.16042, -0.0441261, 0.15849, 0.0077325
0.919815, 22, 1.12018, -0.0351162, 0.163466, 0.0067641
0.919815, 23, 1.13625, -0.017237, 0.191897, 0.0107956
0.919815, 24, 1.13702, 0.0258288, 0.185662, 0.00660279
0.919815, 25, 1.11621, 0.00442051, 0.225402, 0.00964207
0.919815, 26, 1.14235, 0.0443532, 0.206641, 0.0097226
0.919815, 27, 1.16575, 0.0258319, 0.162685, 0.00598326
0.919815, 28, 1.14821, -0.0235471, 0.210505, 0.00856261
0.919815, 29, 1.11823, -0.044935, 0.176514, 0.00737584
0.919815, 30, 1.15818, -0.0288698, 0.19069, 0.0092179
0.919815, 31, 1.14122, 0.034297, 0.222722, 0.00728471
0.919815, 32, 1.16238, -0.0422069, 0.284697, 0.0130474
0.939811, 0, 1.15665, -0.00510523, 0.204079, 0.00786531
0.939811, 1, 1.14857, -0.0400685, 0.185534, 0.00896905
0.939811, 2, 1.16131, 0.0473406, 0.117318, 0.00774419
0.939811, 3, 1.13493, 0.0303076, 0.176208, 0.0104223
0.939811, 4, 1.14556, -0.0291668, 0.20541, 0.00933755
0.939811, 5, 1.11982, -0.0102445, 0.165259, 0.00659167
0.939811, 6, 1.15893, 0.00840896, 0.1857, 0.00466433
0.939811, 7, 1.18452, -0.0175268, 0.19789, 0.0113082
0.939811, 8, 1.17772, -0.0387877, 0.198002, 0.00795289
0.939811, 9, 1.14977, -0.0287232, 0.158714, 0.00634374
0.939811, 10, 1.17209, 0.00433271, 0.168299, 0.00974965
0.939811, 11, 1.14103, -0.0157174, 0.159982, 0.00658288
0.939811, 12, 1.17393, -0.00638453, 0.184626, 0.00930605
0.939811, 13, 1.13296, -0.025689, 0.16556, 0.00598862
0.939811, 14, 1.17828, 0.048554, 0.171009, 0.00834554
0.939811, 15, 1.18018, 0.0484677, 0.204668, 0.00953605
0.939811, 16, 1.13613, 0.00563998, 0.177582, 0.0120808
0.939811, 17, 1.1496, 0.011841, 0.159848, 0.00542187
0.939811, 18, 1.13155, 0.0332432, 0.196874, 0.00809871
0.939811, 19, 1.12559, 0.0111971, 0.160322, 0.00787017
0.939811, 20, 1.17893, 0.0127085, 0.224566, 0.00807896
0.939811, 21, 1.18037, -0.0441261, 0.133648, 0.0077325
0.939811, 22, 1.12985, -0.0377628, 0.160583, 0.0067641
0.939811, 23, 1.1569, -0.0161848, 0.169833, 0.0107956
0.939811, 24, 1.15852, 0.0258288, 0.160821, 0.00660279
0.939811, 25, 1.13484, 0.00442051, 0.200561, 0.00964207
0.939811, 26, 1.16247, 0.0443532, 0.1818, 0.0097226
0.939811, 27, 1.17973, 0.0258319, 0.162031, 0.00598326
0.939811, 28, 1.16735, -0.0279062, 0.189164, 0.00856261
0.939811, 29, 1.13493, -0.0529077, 0.167519, 0.00737584
0.939811, 30, 1.17859, -0.0288698, 0.171493, 0.0092179
0.939811, 31, 1.15875, 0.0378648, 0.200752, 0.00728471
0.939811, 32, 1.18063, -0.0422069, 0.275689, 0.0130474
0.959807, 0, 1.17626, -0.0116357, 0.207947, 0.00786531
0.959807, 1, 1.16865, -0.0429511, 0.164422, 0.00896905
0.959807, 2, 1.18007, 0.0503195, 0.0895869, 0.00774419
0.959807, 3, 1.1466, 0.0280845, 0.162793, 0.0104223
0.959807, 4, 1.16182, -0.029044, 0.178565, 0.00933755
0.959807, 5, 1.12758, -0.0133862, 0.167184, 0.00659167
0.959807, 6, 1.17029, 0.0095462, 0.179463, 0.00466433
0.959807, 7, 1.21303, -0.025391, 0.181328, 0.0113082
0.959807, 8, 1.20048, -0.0460969, 0.172734, 0.00795289
0.959807, 9, 1.15494, -0.0342711, 0.158795, 0.00634374
0.959807, 10, 1.18288, 0.0154266, 0.161975, 0.00974965
0.959807, 11, 1.15387, -0.0137912, 0.160614, 0.00658288
0.959807, 12, 1.1913, -0.00051562, 0.175915, 0.00930605
0.959807, 13, 1.14082, -0.0273107, 0.158, 0.00598862
0.959807, 14, 1.1979, 0.048554, 0.142246, 0.00834554
0.959807, 15, 1.20052, 0.0484677, 0.175904, 0.00953605
0.959807, 16, 1.15368, 0.00496353, 0.164382, 0.0120808
0.959807, 17, 1.16824, 0.0165329, 0.15787, 0.00542187
0.959807, 18, 1.14822, 0.0379813, 0.209818, 0.00809871
0.959807, 19, 1.12785, 0.0140398, 0.162196, 0.00787017
0.959807, 20, 1.20174, 0.0100929, 0.202837, 0.00807896
0.959807, 21, 1.20031, -0.0441261, 0.104885, 0.0077325
0.959807, 22, 1.13716, -0.0425512, 0.161544, 0.0067641
0.959807, 23, 1.17226, -0.0119529, 0.165133, 0.0107956
0.959807, 24, 1.17082, 0.025831, 0.165593, 0.00660279
0.959807, 25, 1.15355, 0.00310422, 0.200284, 0.00964207
0.959807, 26, 1.18252, 0.0447066, 0.153209, 0.0097226
0.959807, 27, 1.1933, 0.0306255, 0.162933, 0.00598326
0.959807, 28, 1.18254, -0.0336547, 0.17227, 0.00856261
0.959807, 29, 1.15143, -0.0619436, 0.156429, 0.00737584
0.959807, 30, 1.19727, -0.027748, 0.161699, 0.0092179
0.959807, 31, 1.17628, 0.0414327, 0.174859, 0.00728471
0.959807, 32, 1.19887, -0.0422069, 0.262758, 0.0130474
0.979803, 0, 1.20413, -0.0221764, 0.212963, 0.00786531
0.979803, 1, 1.1904, -0.0486826, 0.147461, 0.00896905
0.979803, 2, 1.19883, 0.0532984, 0.0579336, 0.00774419
0.979803, 3, 1.15185, 0.0273429, 0.170672, 0.0104223
0.979803, 4, 1.16239, -0.0279231, 0.171499, 0.00933755
0.979803, 5, 1.13534, -0.0165279, 0.165187, 0.00659167
0.979803, 6, 1.17716, 0.0146867, 0.186264, 0.00466433
0.979803, 7, 1.24373, -0.0328079, 0.163129, 0.0113082
0.979803, 8, 1.22368, -0.0544006, 0.144018, 0.00795289
0.979803, 9, 1.15658, -0.0388099, 0.157545, 0.00634374
0.979803, 10, 1.19642, 0.0223537, 0.161856, 0.00974965
0.979803, 11, 1.16147, -0.0102971, 0.159043, 0.00658288
0.979803, 12, 1.21176, 0.000149659, 0.170098, 0.00930605
0.979803, 13, 1.13732, -0.0267686, 0.157988, 0.00598862
0.979803, 14, 1.21752, 0.048554, 0.109559, 0.00834554
0.979803, 15, 1.22269, 0.0521163, 0.146067, 0.00953605
0.979803, 16, 1.163, 0.00529093, 0.172306, 0.0120808
0.979803, 17, 1.16899, 0.0271864, 0.158567, 0.00542187
0.979803, 18, 1.16472, 0.0432132, 0.223195, 0.00809871
0.979803, 19, 1.1301, 0.0168825, 0.160147, 0.00787017
0.979803, 20, 1.2268, 0.00999657, 0.182566, 0.00807896
0.979803, 21, 1.22026, -0.0441261, 0.0721982, 0.0077325
0.979803, 22, 1.14447, -0.0473396, 0.158582, 0.0067641
0.979803, 23, 1.18209, -0.00855514, 0.170067, 0.0107956
0.979803, 24, 1.1802, 0.0293569, 0.171577, 0.00660279
0.979803, 25, 1.16779, 0.00323979, 0.196467, 0.00964207
0.979803, 26, 1.20104, 0.0539878, 0.125132, 0.0097226
0.979803, 27, 1.20377, 0.0363244, 0.160442, 0.00598326
0.979803, 28, 1.2, -0.0428812, 0.163584, 0.00856261
0.979803, 29, 1.16792, -0.0709795, 0.141415, 0.00737584
0.979803, 30, 1.21835, -0.026508, 0.162978, 0.0092179
0.979803, 31, 1.19381, 0.0450006, 0.145044, 0.00728471
0.979803, 32, 1.21712, -0.0422069, 0.245905, 0.0130474
0.999799, 0, 1.22922, -0.0280701, 0.207325, 0.00786531
0.999799, 1, 1.21215, -0.054414, 0.126578, 0.00896905
0.999799, 2, 1.2176, 0.0562778, 0.0223617, 0.00774419
0.999799, 3, 1.15682, 0.0266689, 0.175811, 0.0104223
0.999799, 4, 1.16419, -0.0274667, 0.168293, 0.00933755
0.999799, 5, 1.14228, -0.0151941, 0.164827, 0.00659167
0.999799, 6, 1.19872, 0.0257659, 0.179987, 0.00466433
0.999799, 7, 1.26862, -0.0393576, 0.172581, 0.0113082
0.999799, 8, 1.24688, -0.0627044, 0.11138, 0.00795289
0.999799, 9, 1.16015, -0.0421626, 0.151216, 0.00634374
0.999799, 10, 1.20785, 0.026558, 0.161746, 0.00974965
0.999799, 11, 1.1658, -0.00674364, 0.158557, 0.00658288
0.999799, 12, 1.2274, -0.0030559, 0.16505, 0.00930605
0.999799, 13, 1.13504, -0.0301233, 0.157989, 0.00598862
0.999799, 14, 1.23714, 0.048554, 0.0729504, 0.00834554
0.999799, 15, 1.24578, 0.0576015, 0.113739, 0.00953605
0.999799, 16, 1.1709, 0.00670513, 0.17332, 0.0120808
0.999799, 17, 1.16939, 0.0373446, 0.157341, 0.00542187
0.999799, 18, 1.18122, 0.0484451, 0.23265, 0.00809871
0.999799, 19, 1.13267, 0.0184653, 0.160027, 0.00787017
0.999799, 20, 1.25684, 0.0154837, 0.170272, 0.00807896
0.999799, 21, 1.2402, -0.0441261, 0.0355894, 0.0077325
0.999799, 22, 1.14787, -0.0544691, 0.15355, 0.0067641
0.999799, 23, 1.19191, -0.0051574, 0.171079, 0.0107956
0.999799, 24, 1.18911, 0.0339006, 0.172527, 0.00660279
0.999799, 25, 1.18388, 0.00113139, 0.196616, 0.00964207
0.999799, 26, 1.21956, 0.0632689, 0.0931336, 0.0097226
0.999799, 27, 1.21745, 0.0477197, 0.158694, 0.00598326
0.999799, 28, 1.21607, -0.0521685, 0.151844, 0.00856261
0.999799, 29, 1.18442, -0.0800154, 0.12248, 0.00737584
0.999799, 30, 1.2348, -0.0271527, 0.163843, 0.0092179
0.999799, 31, 1.21134, 0.0485685, 0.111306, 0.00728471
0.999799, 32, 1.23597, -0.043225, 0.226603, 0.0130474
0.999799, 33, 1.21954, -0.0118043, 0.235506, 0.00899285
1.0198, 0, 1.24599, -0.0223349, 0.178649, 0.00786531
1.0198, 1, 1.2339, -0.0601454, 0.101772, 0.00896905
1.0198, 2, 1.22623, 0.0656144, 0.0346491, 0.00774419
1.0198, 3, 1.16179, 0.0259949, 0.177027, 0.0104223
1.0198, 4, 1.16598, -0.0269964, 0.161239, 0.00933755
1.0198, 5, 1.14919, -0.0137323, 0.160707, 0.00659167
1.0198, 6, 1.22298, 0.03095, 0.176463, 0.00466433
1.0198, 7, 1.2934, -0.0458954, 0.178502, 0.0113082
1.0198, 8, 1.27007, -0.0710082, 0.0748195, 0.00795289
1.0198, 9, 1.1652, -0.0452823, 0.140784, 0.00634374
1.0198, 10, 1.21837, 0.0301791, 0.161749, 0.00974965
1.0198, 11, 1.16609, -0.00736035, 0.158606, 0.00658288
1.0198, 12, 1.24001, -0.00324135, 0.167569, 0.00930605
1.0198, 13, 1.13333, -0.0326475, 0.157988, 0.00598862
1.0198, 14, 1.25675, 0.048554, 0.0324192, 0.00834554
1.0198, 15, 1.26887, 0.0630867, 0.0774888, 0.00953605
1.0198, 16, 1.17823, 0.00908592, 0.169026, 0.0120808
1.0198, 17, 1.1694, 0.0469806, 0.154284, 0.00542187
1.0198, 18, 1.19866, 0.0523052, 0.233073, 0.00809871
1.0198, 19, 1.13466, 0.0199025, 0.15987, 0.00787017
1.0198, 20, 1.28463, 0.0204713, 0.16237, 0.00807896
1.0198, 21, 1.2519, -0.0502622, 0.0357911, 0.0077325
1.0198, 22, 1.14997, -0.0623703, 0.145205, 0.0067641
1.0198, 23, 1.20174, -0.00175967, 0.168168, 0.0107956
1.0198, 24, 1.19707, 0.0405224, 0.167202, 0.00660279
1.0198, 25, 1.20182, -0.00165906, 0.19641, 0.00964207
1.0198, 26, 1.23808, 0.0725501, 0.0572124, 0.0097226
1.0198, 27, 1.23114, 0.0591149, 0.153023, 0.00598326
1.0198, 28, 1.23215, -0.0614558, 0.136181, 0.00856261
1.0198, 29, 1.20092, -0.0890513, 0.0996214, 0.00737584
1.0198, 30, 1.25112, -0.0278477, 0.161325, 0.0092179
1.0198, 31, 1.22887, 0.0521364, 0.0736459, 0.00728471
1.0198, 32, 1.25704, -0.0479761, 0.208833, 0.0130474
1.0198, 33, 1.23815, -0.0118043, 0.230156, 0.00899285
1.0198, 34, 1.24244, 0.0371216, 0.284547, 0.0101444
1.03979, 0, 1.26974, -0.0323342, 0.180061, 0.00786531
1.03979, 1, 1.25566, -0.0658769, 0.073044, 0.00896905
1.03979, 2, 1.23475, 0.0749946, 0.0434657, 0.00774419
1.03979, 3, 1.16675, 0.0253209, 0.174321, 0.0104223
1.03979, 4, 1.16651, -0.024854, 0.164318, 0.00933755
1.03979, 5, 1.15414, -0.0123544, 0.15968, 0.00659167
1.03979, 6, 1.24725, 0.0361341, 0.169016, 0.00466433
1.03979, 7, 1.31818, -0.0524332, 0.1805, 0.0113082
1.03979, 8, 1.29327, -0.0793119, 0.0343366, 0.00795289
1.03979, 9, 1.17024, -0.0484019, 0.12643, 0.00634374
1.03979, 10, 1.22798, 0.0333353, 0.161749, 0.00974965
1.03979, 11, 1.16724, -0.00737562, 0.158603, 0.00658288
1.03979, 12, 1.24721, 0.00671414, 0.1655, 0.00930605
1.03979, 13, 1.13193, -0.0346899, 0.157988, 0.00598862
1.03979, 14, 1.26688, 0.0561214, 0.0388942, 0.00834554
1.03979, 15, 1.29195, 0.0685719, 0.037316, 0.00953605
1.03979, 16, 1.18459, 0.0109918, 0.165555, 0.0120808
1.03979, 17, 1.16941, 0.0566166, 0.147304, 0.00542187
1.03979, 18, 1.21465, 0.0549023, 0.227408, 0.00809871
1.03979, 19, 1.13628, 0.0210571, 0.15987, 0.00787017
1.03979, 20, 1.30792, 0.0244516, 0.167263, 0.00807896
1.03979, 21, 1.26053, -0.0586443, 0.0470716, 0.0077325
1.03979, 22, 1.15207, -0.0702716, 0.132937, 0.0067641
1.03979, 23, 1.2114, 0.00148171, 0.163359, 0.0107956
1.03979, 24, 1.20502, 0.0471443, 0.157955, 0.00660279
1.03979, 25, 1.21976, -0.00444951, 0.192282, 0.00964207
1.03979, 26, 1.25659, 0.0818313, 0.0173688, 0.0097226
1.03979, 27, 1.24482, 0.0705102, 0.14343, 0.00598326
1.03979, 28, 1.24822, -0.070743, 0.116596, 0.00856261
1.03979, 29, 1.21741, -0.0980871, 0.0728408, 0.00737584
1.03979, 30, 1.262, -0.0301729, 0.163627, 0.0092179
1.03979, 31, 1.2464, 0.0557043, 0.0320633, 0.00728471
1.03979, 32, 1.27857, -0.053876, 0.188104, 0.0130474
1.03979, 33, 1.25677, -0.0118043, 0.220883, 0.00899285
1.03979, 34, 1.26292, 0.0371216, 0.281607, 0.0101444
1.05979, 0, 1.29165, -0.0267349, 0.174534, 0.00786531
1.05979, 1, 1.27811, -0.0792733, 0.0596426, 0.00896905
1.05979, 2, 1.24327, 0.0843748, 0.0483599, 0.00774419
1.05979, 3, 1.17046, 0.0256867, 0.168697, 0.0104223
1.05979, 4, 1.16703, -0.0227127, 0.163509, 0.00933755
1.05979, 5, 1.15417, -0.0115748, 0.159297, 0.00659167
1.05979, 6, 1.27151, 0.0413182, 0.157647, 0.00466433
1.05979, 7, 1.34296, -0.058971, 0.178576, 0.0113082
1.05979, 33, 1.27538, -0.0118043, 0.207688, 0.00899285
1.05979, 9, 1.17529, -0.0515215, 0.108153, 0.00634374
1.05979, 10, 1.23665, 0.0361048, 0.161686, 0.00974965
1.05979, 11, 1.17171, -0.00681916, 0.158583, 0.00658288
1.05979, 12, 1.25382, 0.0138297, 0.170276, 0.00930605
1.05979, 13, 1.13061, -0.0364654, 0.157806, 0.00598862
1.05979, 14, 1.27481, 0.0653978, 0.0530686, 0.00834554
1.05979, 15, 1.30801, 0.0788146, 0.0313415, 0.00953605
1.05979, 16, 1.18964, 0.0112121, 0.167715, 0.0120808
1.05979, 17, 1.16943, 0.0662525, 0.136402, 0.00542187
1.05979, 18, 1.22877, 0.0572341, 0.219597, 0.00809871
1.05979, 19, 1.13755, 0.021965, 0.15987, 0.00787017
1.05979, 20, 1.3312, 0.028432, 0.168233, 0.00807896
1.05979, 21, 1.26807, -0.0550648, 0.0243904, 0.0077325
1.05979, 22, 1.15417, -0.0781728, 0.116748, 0.0067641
1.05979, 23, 1.22008, 0.00382512, 0.166011, 0.0107956
1.05979, 24, 1.21298, 0.0537661, 0.144785, 0.00660279
1.05979, 25, 1.2377, -0.00723996, 0.184231, 0.00964207
1.05979, 34, 1.2834, 0.0371216, 0.274744, 0.0101444
1.05979, 27, 1.25851, 0.0819054, 0.129914, 0.00598326
1.05979, 28, 1.26429, -0.0800303, 0.0930887, 0.00856261
1.05979, 29, 1.23391, -0.107123, 0.0421378, 0.00737584
1.05979, 30, 1.26765, -0.028201, 0.163303, 0.0092179
1.05979, 31, 1.25635, 0.0641593, 0.0322375, 0.00728471
1.05979, 32, 1.30197, -0.0645595, 0.167488, 0.0130474
1.07978, 0, 1.31428, -0.02185, 0.166507, 0.00786531
1.07978, 1, 1.30084, -0.0957113, 0.0499574, 0.00896905
1.07978, 2, 1.2518, 0.0937549, 0.0493317, 0.00774419
1.07978, 3, 1.17265, 0.0270383, 0.163319, 0.0104223
1.07978, 4, 1.16742, -0.0211628, 0.162112, 0.00933755
1.07978, 5, 1.1543, -0.0113561, 0.15861, 0.00659167
1.07978, 6, 1.29577, 0.0465023, 0.142356, 0.00466433
1.07978, 7, 1.36774, -0.0655087, 0.172729, 0.0113082
1.07978, 33, 1.29399, -0.0118043, 0.19057, 0.00899285
1.07978, 9, 1.18033, -0.0546411, 0.085954, 0.00634374
1.07978, 10, 1.24454, 0.0389271, 0.160923, 0.00974965
1.07978, 11, 1.17515, -0.00639138, 0.158583, 0.00658288
1.07978, 12, 1.26043, 0.0209453, 0.17113, 0.00930605
1.07978, 13, 1.13376, -0.0445418, 0.157102, 0.00598862
1.07978, 14, 1.28274, 0.0746743, 0.0633207, 0.00834554
1.07978, 15, 1.31924, 0.0922628, 0.0474152, 0.00953605
1.07978, 16, 1.19557, 0.0107045, 0.165251, 0.0120808
1.07978, 17, 1.16944, 0.0758885, 0.121577, 0.00542187
1.07978, 18, 1.24044, 0.059678, 0.210095, 0.00809871
1.07978, 19, 1.13942, 0.0221131, 0.157388, 0.00787017
1.07978, 20, 1.35448, 0.0324124, 0.16528, 0.00807896
1.07978, 21, 1.27045, -0.0594629, 0.0363594, 0.0077325
1.07978, 22, 1.15627, -0.086074, 0.0966355, 0.0067641
1.07978, 23, 1.22876, 0.00616853, 0.164741, 0.0107956
1.07978, 24, 1.22093, 0.0603879, 0.127692, 0.00660279
1.07978, 25, 1.25564, -0.0100304, 0.172258, 0.00964207
1.07978, 34, 1.30388, 0.0371216, 0.263959, 0.0101444
1.07978, 27, 1.27219, 0.0933007, 0.112476, 0.00598326
1.07978, 28, 1.28036, -0.0893176, 0.065659, 0.00856261
1.07978, 29, 1.2504, -0.116159, 0.00751235, 0.00737584
1.07978, 30, 1.27261, -0.0255318, 0.164044, 0.0092179
1.07978, 31, 1.26387, 0.074142, 0.0429259, 0.00728471
1.07978, 32, 1.32537, -0.0752429, 0.142951, 0.0130474
1.07978, 35, 1.29396, -0.0119622, 0.248143, 0.00687013
1.07978, 36, 1.27566, 0.0214507, 0.223102, 0.00664986
1.09978, 0, 1.3349, -0.0171387, 0.161654, 0.00786531
1.09978, 1, 1.32357, -0.112149, 0.0363497, 0.00896905
1.09978, 2, 1.26032, 0.103135, 0.046381, 0.00774419
1.09978, 3, 1.17621, 0.0272389, 0.160561, 0.0104223
1.09978, 4, 1.16957, -0.0210759, 0.159255, 0.00933755
1.09978, 5, 1.15542, -0.0113521, 0.156796, 0.00659167
1.09978, 6, 1.32004, 0.0516864, 0.123142, 0.00466433
1.09978, 7, 1.39252, -0.0720465, 0.16296, 0.0113082
1.09978, 33, 1.3126, -0.0118043, 0.16953, 0.00899285
1.09978, 9, 1.18538, -0.0577607, 0.0598325, 0.00634374
1.09978, 10, 1.25192, 0.0423172, 0.158444, 0.00974965
1.09978, 11, 1.17773, -0.00607049, 0.158583, 0.00658288
1.09978, 12, 1.26704, 0.0280609, 0.168061, 0.00930605
1.09978, 35, 1.31207, -0.0119622, 0.242529, 0.00687013
1.09978, 14, 1.29067, 0.0839508, 0.0696503, 0.00834554
1.09978, 15, 1.33046, 0.105711, 0.0595665, 0.00953605
1.09978, 16, 1.20026, 0.0111278, 0.165605, 0.0120808
1.09978, 17, 1.16946, 0.0855245, 0.10283, 0.00542187
1.09978, 18, 1.24899, 0.0619128, 0.199557, 0.00809871
1.09978, 19, 1.14002, 0.022119, 0.154729, 0.00787017
1.09978, 20, 1.37739, 0.0364602, 0.160516, 0.00807896
1.09978, 21, 1.27254, -0.0645682, 0.0472597, 0.0077325
1.09978, 22, 1.15837, -0.0939753, 0.0726009, 0.0067641
1.09978, 23, 1.23687, 0.00852095, 0.163836, 0.0107956
1.09978, 24, 1.22889, 0.0670098, 0.106677, 0.00660279
1.09978, 25, 1.26655, -0.00800699, 0.162222, 0.00964207
1.09978, 34, 1.32436, 0.0371216, 0.249251, 0.0101444
1.09978, 27, 1.28588, 0.104696, 0.091116, 0.00598326
1.09978, 28, 1.29643, -0.0986049, 0.0343068, 0.00856261
1.09978, 36, 1.29538, 0.0214507, 0.220312, 0.00664986
1.09978, 30, 1.28351, -0.0275463, 0.162979, 0.0092179
1.09978, 31, 1.27139, 0.0841247, 0.0496919, 0.00728471
1.09978, 32, 1.34877, -0.0859264, 0.11449, 0.0130474
1.09978, 37, 1.31028, 0.0437885, 0.222501, 0.0124366
1.11978, 0, 1.35242, -0.0127017, 0.16381, 0.00786531
1.11978, 1, 1.3463, -0.128587, 0.0188196, 0.00896905
1.11978, 2, 1.26884, 0.112515, 0.039508, 0.00774419
1.11978, 3, 1.17795, 0.0272421, 0.157385, 0.0104223
1.11978, 4, 1.17077, -0.0210682, 0.156262, 0.00933755
1.11978, 5, 1.15601, -0.0113521, 0.154385, 0.00659167
1.11978, 6, 1.3443, 0.0568704, 0.100006, 0.00466433
1.11978, 7, 1.4173, -0.0785843, 0.149268, 0.0113082
1.11978, 33, 1.32513, -0.0118043, 0.168046, 0.00899285
1.11978, 9, 1.19042, -0.0608804, 0.0297885, 0.00634374
1.11978, 10, 1.25921, 0.0458974, 0.152443, 0.00974965
1.11978, 11, 1.17983, -0.00587922, 0.157684, 0.00658288
1.11978, 12, 1.27362, 0.0351572, 0.161218, 0.00930605
1.11978, 35, 1.33017, -0.0119622, 0.232991, 0.00687013
1.11978, 14, 1.2986, 0.0932272, 0.0720575, 0.00834554
1.11978, 15, 1.34169, 0.119159, 0.0677953, 0.00953605
1.11978, 16, 1.20484, 0.0115082, 0.162675, 0.0120808
1.11978, 17, 1.16947, 0.0951604, 0.080161, 0.00542187
1.11978, 18, 1.25486, 0.062703, 0.188125, 0.00809871
1.11978, 19, 1.13929, 0.0221185, 0.152921, 0.00787017
1.11978, 20, 1.3986, 0.0408046, 0.161236, 0.00807896
1.11978, 21, 1.27463, -0.0696736, 0.0542376, 0.0077325
1.11978, 22, 1.16047, -0.101876, 0.0446439, 0.0067641
1.11978, 23, 1.24443, 0.0108767, 0.163137, 0.0107956
1.11978, 24, 1.23685, 0.0736316, 0.0817402, 0.00660279
1.11978, 25, 1.26958, -0.00388298, 0.16643, 0.00964207
1.11978, 34, 1.34608, 0.0365339, 0.233227, 0.0101444
1.11978, 27, 1.29956, 0.116091, 0.0658332, 0.00598326
1.11978, 37, 1.32952, 0.0441074, 0.216937, 0.0124366
1.11978, 36, 1.3151, 0.0214507, 0.213599, 0.00664986
1.11978, 30, 1.29648, -0.0314226, 0.165065, 0.0092179
1.11978, 31, 1.27892, 0.0941074, 0.0525354, 0.00728471
1.11978, 32, 1.37217, -0.0966098, 0.0821078, 0.0130474
1.13977, 0, 1.36994, -0.00826462, 0.162045, 0.00786531
1.13977, 32, 1.39556, -0.107293, 0.0458027, 0.0130474
1.13977, 2, 1.27737, 0.121896, 0.0287125, 0.00774419
1.13977, 3, 1.17809, 0.0272413, 0.15487, 0.0104223
1.13977, 4, 1.1705, -0.0210681, 0.154021, 0.00933755
1.13977, 5, 1.15543, -0.0113521, 0.152804, 0.00659167
1.13977, 6, 1.36856, 0.0620545, 0.0729477, 0.00466433
1.13977, 7, 1.44208, -0.0851221, 0.131654, 0.0113082
1.13977, 33, 1.33399, -0.0118043, 0.176729, 0.00899285
1.13977, 9, 1.19327, -0.0662653, 0.0242925, 0.00634374
1.13977, 10, 1.2665, 0.0494777, 0.142521, 0.00974965
1.13977, 11, 1.18067, -0.0058774, 0.155164, 0.00658288
1.13977, 12, 1.27809, 0.040189, 0.164111, 0.00930605
1.13977, 35, 1.34828, -0.0119622, 0.219532, 0.00687013
1.13977, 14, 1.30653, 0.102504, 0.0705423, 0.00834554
1.13977, 15, 1.35292, 0.132607, 0.0721017, 0.00953605
1.13977, 16, 1.20718, 0.0115095, 0.159399, 0.0120808
1.13977, 17, 1.16948, 0.104796, 0.0535692, 0.00542187
1.13977, 18, 1.25864, 0.0616111, 0.175831, 0.00809871
1.13977, 19, 1.13785, 0.0221184, 0.152097, 0.00787017
1.13977, 20, 1.41982, 0.0451491, 0.158033, 0.00807896
1.13977, 21, 1.27672, -0.0747789, 0.057293, 0.0077325
1.13977, 22, 1.16257, -0.109778, 0.0127645, 0.0067641
1.13977, 23, 1.25155, 0.0129542, 0.163048, 0.0107956
1.13977, 24, 1.2448, 0.0802534, 0.0528806, 0.00660279
1.13977, 25, 1.2726, 0.000241026, 0.166715, 0.00964207
1.13977, 34, 1.37197, 0.0339513, 0.222137, 0.0101444
1.13977, 27, 1.31325, 0.127486, 0.0366279, 0.00598326
1.13977, 37, 1.34649, 0.0455091, 0.202644, 0.0124366
1.13977, 36, 1.33482, 0.0214507, 0.202963, 0.00664986
1.13977, 30, 1.30945, -0.035299, 0.163228, 0.0092179
1.13977, 31, 1.28644, 0.10409, 0.0514566, 0.00728471
1.15977, 0, 1.38633, -0.00407791, 0.160631, 0.00786531
1.15977, 32, 1.41896, -0.117977, 0.00557521, 0.0130474
1.15977, 2, 1.28589, 0.131276, 0.0139946, 0.00774419
1.15977, 3, 1.17712, 0.0272424, 0.153157, 0.0104223
1.15977, 4, 1.16931, -0.0210656, 0.152633, 0.00933755
1.15977, 5, 1.15424, -0.0113521, 0.152087, 0.00659167
1.15977, 6, 1.39282, 0.0672386, 0.0419667, 0.00466433
1.15977, 7, 1.46686, -0.0916599, 0.110118, 0.0113082
1.15977, 33, 1.34285, -0.0118043, 0.181489, 0.00899285
1.15977, 9, 1.19509, -0.0726829, 0.0281994, 0.00634374
1.15977, 10, 1.27379, 0.053058, 0.128675, 0.00974965
1.15977, 11, 1.18037, -0.00587721, 0.153388, 0.00658288
1.15977, 12, 1.28256, 0.045219, 0.163087, 0.00930605
1.15977, 35, 1.36639, -0.0119622, 0.20215, 0.00687013
1.15977, 14, 1.31446, 0.11178, 0.0651047, 0.00834554
1.15977, 15, 1.36414, 0.146056, 0.0724857, 0.00953605
1.15977, 16, 1.20793, 0.0115095, 0.156659, 0.0120808
1.15977, 17, 1.1695, 0.114432, 0.0230549, 0.00542187
1.15977, 18, 1.26011, 0.0586971, 0.164425, 0.00809871
1.15977, 31, 1.29396, 0.114073, 0.0464553, 0.00728471
1.15977, 20, 1.44104, 0.0494935, 0.150908, 0.00807896
1.15977, 21, 1.27881, -0.0798842, 0.0564261, 0.0077325
1.15977, 30, 1.3215, -0.039659, 0.161093, 0.0092179
1.15977, 23, 1.25822, 0.0149473, 0.162853, 0.0107956
1.15977, 24, 1.25276, 0.0868753, 0.0200985, 0.00660279
1.15977, 25, 1.27563, 0.00435722, 0.163077, 0.00964207
1.15977, 34, 1.39786, 0.0313687, 0.207124, 0.0101444
1.15977, 27, 1.32693, 0.138882, 0.00350024, 0.00598326
1.15977, 37, 1.36346, 0.0469107, 0.184429, 0.0124366
1.15977, 36, 1.35454, 0.0214507, 0.188405, 0.00664986
1.17976, 0, 1.4016, -0.000145043, 0.160005, 0.00786531
1.17976, 37, 1.38043, 0.0483124, 0.162291, 0.0124366
1.17976, 38, 1.40349, -0.00164392, 0.210003, 0.00856649
1.17976, 3, 1.17555, 0.027242, 0.152236, 0.0104223
1.17976, 4, 1.1677, -0.0210659, 0.152054, 0.00933755
1.17976, 36, 1.37426, 0.0214507, 0.169925, 0.00664986
1.17976, 6, 1.41477, 0.0733668, 0.0157387, 0.00466433
1.17976, 7, 1.49164, -0.0981977, 0.0846587, 0.0113082
1.17976, 33, 1.35172, -0.0118043, 0.182327, 0.00899285
1.17976, 9, 1.19691, -0.0791004, 0.0281838, 0.00634374
1.17976, 10, 1.28108, 0.0566383, 0.110907, 0.00974965
1.17976, 11, 1.17939, -0.00587709, 0.152354, 0.00658288
1.17976, 12, 1.28702, 0.050249, 0.15814, 0.00930605
1.17976, 35, 1.38449, -0.0119622, 0.180846, 0.00687013
1.17976, 14, 1.32239, 0.121057, 0.0557446, 0.00834554
1.17976, 15, 1.37537, 0.159504, 0.0689472, 0.00953605
1.17976, 16, 1.2075, 0.0115097, 0.154538, 0.0120808
1.17976, 25, 1.28062, 0.00526367, 0.163445, 0.00964207
1.17976, 18, 1.25953, 0.0549767, 0.155463, 0.00809871
1.17976, 31, 1.30148, 0.124055, 0.0375315, 0.00728471
1.17976, 20, 1.46225, 0.0538379, 0.139861, 0.00807896
1.17976, 21, 1.28089, -0.0849895, 0.0516367, 0.0077325
1.17976, 30, 1.33265, -0.0444901, 0.158574, 0.0092179
1.17976, 23, 1.26244, 0.019207, 0.162793, 0.0107956
1.17976, 34, 1.42375, 0.0287861, 0.188188, 0.0101444
1.19976, 0, 1.4164, 0.00365649, 0.159865, 0.00786531
1.19976, 37, 1.3974, 0.049714, 0.13623, 0.0124366
1.19976, 38, 1.41922, -0.00164392, 0.206916, 0.00856649
1.19976, 23, 1.26604, 0.0217579, 0.161813, 0.0107956
1.19976, 34, 1.44965, 0.0262034, 0.16533, 0.0101444
1.19976, 36, 1.38996, 0.0214507, 0.161724, 0.00664986
1.19976, 6, 1.42882, 0.0825994, 0.0146998, 0.00466433
1.19976, 7, 1.51642, -0.104736, 0.0552774, 0.0113082
1.19976, 33, 1.36058, -0.0118043, 0.179243, 0.00899285
1.19976, 9, 1.19873, -0.085518, 0.0242459, 0.00634374
1.19976, 10, 1.28837, 0.0602186, 0.0892172, 0.00974965
1.19976, 30, 1.34379, -0.0493212, 0.152133, 0.0092179
1.19976, 12, 1.29149, 0.055279, 0.149271, 0.00930605
1.19976, 35, 1.40156, -0.0119622, 0.159775, 0.00687013
1.19976, 14, 1.33032, 0.130333, 0.0424621, 0.00834554
1.19976, 15, 1.38659, 0.172952, 0.0614864, 0.00953605
1.19976, 16, 1.20625, 0.0115097, 0.153051, 0.0120808
1.19976, 25, 1.28527, 0.00632627, 0.162524, 0.00964207
1.19976, 18, 1.25732, 0.0514978, 0.147911, 0.00809871
1.19976, 31, 1.309, 0.134038, 0.0246854, 0.00728471
1.19976, 20, 1.48347, 0.0581823, 0.124891, 0.00807896
1.19976, 21, 1.28298, -0.0900948, 0.0429249, 0.0077325
1.21976, 0, 1.43074, 0.00734151, 0.159865, 0.00786531
1.21976, 37, 1.41437, 0.0511157, 0.106248, 0.0124366
1.21976, 38, 1.43495, -0.00164392, 0.199907, 0.00856649
1.21976, 23, 1.26796, 0.0217521, 0.15921, 0.0107956
1.21976, 34, 1.46653, 0.0240231, 0.1732, 0.0101444
1.21976, 36, 1.40106, 0.0214507, 0.165764, 0.00664986
1.21976, 6, 1.44288, 0.091832, 0.00973846, 0.00466433
1.21976, 7, 1.5412, -0.111273, 0.0219736, 0.0113082
1.21976, 33, 1.36944, -0.0118043, 0.172236, 0.00899285
1.21976, 9, 1.20055, -0.0919355, 0.0163854, 0.00634374
1.21976, 10, 1.29566, 0.0637989, 0.0636046, 0.00974965
1.21976, 30, 1.35494, -0.0541523, 0.141769, 0.0092179
1.21976, 12, 1.29595, 0.060309, 0.13648, 0.00930605
1.21976, 35, 1.4103, -0.0119622, 0.167528, 0.00687013
1.21976, 14, 1.33825, 0.13961, 0.0252572, 0.00834554
1.21976, 15, 1.39782, 0.1864, 0.0501031, 0.00953605
1.21976, 16, 1.2045, 0.0115096, 0.152218, 0.0120808
1.21976, 25, 1.28945, 0.00700483, 0.162227, 0.00964207
1.21976, 18, 1.25383, 0.0483204, 0.141742, 0.00809871
1.21976, 31, 1.31652, 0.144021, 0.00791681, 0.00728471
1.21976, 20, 1.50468, 0.0625268, 0.105999, 0.00807896
1.21976, 21, 1.28507, -0.0952002, 0.0302906, 0.0077325
1.21976, 39, 1.44133, 0.0228242, 0.199345, 0.00707441
1.21976, 40, 1.42473, 0.0129405, 0.27797, 0.010537
1.23975, 0, 1.44468, 0.0109209, 0.159865, 0.00786531
1.23975, 37, 1.43134, 0.0525173, 0.0723424, 0.0124366
1.23975, 38, 1.45069, -0.00164392, 0.188976, 0.00856649
1.23975, 23, 1.26884, 0.0217583, 0.156938, 0.0107956
1.23975, 34, 1.48185, 0.0219168, 0.183082, 0.0101444
1.23975, 36, 1.41216, 0.0214507, 0.165881, 0.00664986
1.23975, 6, 1.45693, 0.101065, 0.000854694, 0.00466433
1.23975, 21, 1.28716, -0.100305, 0.0137339, 0.0077325
1.23975, 33, 1.3783, -0.0118043, 0.161307, 0.00899285
1.23975, 9, 1.20237, -0.0983531, 0.00460262, 0.00634374
1.23975, 10, 1.30295, 0.0673791, 0.0340695, 0.00974965
1.23975, 30, 1.36608, -0.0589834, 0.127483, 0.0092179
1.23975, 12, 1.30042, 0.065339, 0.119766, 0.00930605
1.23975, 35, 1.41904, -0.0119622, 0.17136, 0.00687013
1.23975, 14, 1.34618, 0.148886, 0.0041298, 0.00834554
1.23975, 15, 1.40904, 0.199848, 0.0347974, 0.00953605
1.23975, 39, 1.45686, 0.0228242, 0.19389, 0.00707441
1.23975, 25, 1.2932, 0.00757776, 0.161526, 0.00964207
1.23975, 18, 1.24941, 0.0454228, 0.13713, 0.00809871
1.23975, 40, 1.43835, 0.0129405, 0.275596, 0.010537
1.23975, 20, 1.5259, 0.0668712, 0.083184, 0.00807896
1.25975, 0, 1.4582, 0.0143947, 0.159865, 0.00786531
1.25975, 37, 1.44831, 0.053919, 0.0345148, 0.0124366
1.25975, 38, 1.46642, -0.00164392, 0.174122, 0.00856649
1.25975, 23, 1.26881, 0.021758, 0.155022, 0.0107956
1.25975, 34, 1.49718, 0.0198105, 0.189042, 0.0101444
1.25975, 36, 1.42327, 0.0214507, 0.162076, 0.00664986
1.25975, 20, 1.54711, 0.0712156, 0.0564469, 0.00807896
1.25975, 25, 1.29484, 0.00757045, 0.159034, 0.00964207
1.25975, 33, 1.38598, -0.0118043, 0.165729, 0.00899285
1.25975, 18, 1.24465, 0.0432167, 0.134267, 0.00809871
1.25975, 10, 1.30814, 0.0741126, 0.0298125, 0.00974965
1.25975, 30, 1.37723, -0.0638145, 0.109275, 0.0092179
1.25975, 12, 1.30488, 0.070369, 0.0991296, 0.00930605
1.25975, 35, 1.42777, -0.0119622, 0.171268, 0.00687013
1.25975, 40, 1.45197, 0.0129405, 0.2693, 0.010537
1.25975, 15, 1.42027, 0.213296, 0.0155692, 0.00953605
1.25975, 39, 1.4724, 0.0228242, 0.184512, 0.00707441
1.27974, 0, 1.47131, 0.0177628, 0.159865, 0.00786531
1.27974, 37, 1.45692, 0.0624653, 0.0455662, 0.0124366
1.27974, 38, 1.48024, -0.00164392, 0.162672, 0.00856649
1.27974, 23, 1.26807, 0.021761, 0.153559, 0.0107956
1.27974, 34, 1.51251, 0.0177042, 0.191079, 0.0101444
1.27974, 36, 1.43357, 0.0214507, 0.159544, 0.00664986
1.27974, 20, 1.56833, 0.0755601, 0.0257873, 0.00807896
1.27974, 25, 1.29595, 0.00756896, 0.156963, 0.00964207
1.27974, 33, 1.39359, -0.0118043, 0.167016, 0.00899285
1.27974, 18, 1.24066, 0.0440507, 0.133001, 0.00809871
1.27974, 10, 1.31181, 0.0830089, 0.0420728, 0.00974965
1.27974, 30, 1.38838, -0.0686456, 0.0871438, 0.0092179
1.27974, 12, 1.30935, 0.0753989, 0.0745708, 0.00930605
1.27974, 35, 1.43651, -0.0119622, 0.167254, 0.00687013
1.27974, 40, 1.46559, 0.0129405, 0.259082, 0.010537
1.27974, 41, 1.45503, -0.0322858, 0.283524, 0.00672345
1.27974, 39, 1.48793, 0.0228242, 0.171212, 0.00707441
1.29974, 0, 1.48401, 0.0210254, 0.159865, 0.00786531
1.29974, 37, 1.46346, 0.0727267, 0.0654921, 0.0124366
1.29974, 38, 1.4881, -0.00164392, 0.16994, 0.00856649
1.29974, 23, 1.26685, 0.0217602, 0.152584, 0.0107956
1.29974, 34, 1.52783, 0.0155979, 0.189193, 0.0101444
1.29974, 36, 1.44302, 0.0214507, 0.158641, 0.00664986
1.29974, 42, 1.45731, -0.02495, 0.200838, 0.00838454
1.29974, 25, 1.29605, 0.00756941, 0.155199, 0.00964207
1.29974, 33, 1.4012, -0.0118043, 0.16438, 0.00899285
1.29974, 18, 1.23695, 0.0446297, 0.131875, 0.00809871
1.29974, 10, 1.31578, 0.0952501, 0.0354629, 0.00974965
1.29974, 30, 1.39952, -0.0734766, 0.0610905, 0.0092179
1.29974, 12, 1.31347, 0.0765826, 0.0632784, 0.00930605
1.29974, 35, 1.44525, -0.0119622, 0.159318, 0.00687013
1.29974, 40, 1.47921, 0.0129405, 0.244941, 0.010537
1.29974, 41, 1.46951, -0.0322858, 0.279575, 0.00672345
1.29974, 39, 1.50162, 0.0228242, 0.160739, 0.00707441
1.31974, 0, 1.49626, 0.0241778, 0.159864, 0.00786531
1.31974, 37, 1.46999, 0.0829882, 0.0814956, 0.0124366
1.31974, 38, 1.49597, -0.00164392, 0.173286, 0.00856649
1.31974, 23, 1.26537, 0.0217605, 0.152093, 0.0107956
1.31974, 34, 1.54316, 0.0134915, 0.183386, 0.0101444
1.31974, 36, 1.45187, 0.0214507, 0.15865, 0.00664986
1.31974, 42, 1.47061, -0.02495, 0.195612, 0.00838454
1.31974, 25, 1.29556, 0.00756928, 0.15381, 0.00964207
1.31974, 33, 1.40812, -0.0118043, 0.162079, 0.00899285
1.31974, 18, 1.23327, 0.0452, 0.127103, 0.00809871
1.31974, 10, 1.32, 0.1103, 0.0123781, 0.00974965
1.31974, 30, 1.41067, -0.0783077, 0.0311148, 0.0092179
1.31974, 12, 1.31731, 0.0745361, 0.0624979, 0.00930605
1.31974, 35, 1.45285, -0.0119622, 0.160706, 0.00687013
1.31974, 40, 1.49283, 0.0129405, 0.226878, 0.010537
1.31974, 41, 1.48399, -0.0322858, 0.271703, 0.00672345
1.31974, 39, 1.51016, 0.0228298, 0.165175, 0.00707441
1.31974, 43, 1.48008, -0.0491611, 0.209213, 0.0125606
1.33973, 0, 1.50632, 0.0269279, 0.159865, 0.00786531
1.33973, 37, 1.47652, 0.0932496, 0.0935767, 0.0124366
1.33973, 38, 1.50384, -0.00164392, 0.172709, 0.00856649
1.33973, 43, 1.49204, -0.0491611, 0.2052, 0.0125606
1.33973, 34, 1.55849, 0.0113852, 0.173656, 0.0101444
1.33973, 36, 1.46026, 0.0214507, 0.15865, 0.00664986
1.33973, 42, 1.4839, -0.02495, 0.186463, 0.00838454
1.33973, 25, 1.29461, 0.00756888, 0.15281, 0.00964207
1.33973, 33, 1.41395, -0.0118043, 0.162347, 0.00899285
1.33973, 18, 1.22959, 0.0457704, 0.118409, 0.00809871
1.33973, 39, 1.52125, 0.0231617, 0.165809, 0.00707441
1.33973, 41, 1.49847, -0.0322858, 0.259909, 0.00672345
1.33973, 12, 1.32114, 0.0724896, 0.0577951, 0.00930605
1.33973, 35, 1.46037, -0.0119622, 0.158912, 0.00687013
1.33973, 40, 1.50644, 0.0129405, 0.204892, 0.010537
1.35973, 0, 1.51596, 0.0295658, 0.159865, 0.00786531
1.35973, 37, 1.48305, 0.103511, 0.101735, 0.0124366
1.35973, 38, 1.51171, -0.00164392, 0.16821, 0.00856649
1.35973, 43, 1.50399, -0.0491611, 0.197264, 0.0125606
1.35973, 34, 1.57364, 0.00933374, 0.162921, 0.0101444
1.35973, 36, 1.46822, 0.0214507, 0.15865, 0.00664986
1.35973, 42, 1.49719, -0.02495, 0.173392, 0.00838454
1.35973, 25, 1.29337, 0.00756895, 0.15221, 0.00964207
1.35973, 33, 1.41954, -0.0118043, 0.161475, 0.00899285
1.35973, 18, 1.22591, 0.0463407, 0.105792, 0.00809871
1.35973, 39, 1.53233, 0.0234935, 0.162521, 0.00707441
1.35973, 41, 1.51296, -0.0322858, 0.244192, 0.00672345
1.35973, 12, 1.32498, 0.0704431, 0.0491698, 0.00930605
1.35973, 35, 1.46699, -0.0119622, 0.1589, 0.00687013
1.35973, 40, 1.52006, 0.0129405, 0.178984, 0.010537
1.37972, 0, 1.5252, 0.0320918, 0.159865, 0.00786531
1.37972, 37, 1.48958, 0.113773, 0.105972, 0.0124366
1.37972, 38, 1.51737, -0.00449399, 0.162956, 0.00856649
1.37972, 43, 1.51595, -0.0491611, 0.185406, 0.0125606
1.37972, 34, 1.58735, 0.00770567, 0.169581, 0.0101444
1.37972, 36, 1.47577, 0.0214507, 0.15865, 0.00664986
1.37972, 42, 1.5091, -0.02495, 0.161941, 0.00838454
1.37972, 40, 1.53003, 0.0129076, 0.165043, 0.010537
1.37972, 33, 1.42465, -0.0118043, 0.161078, 0.00899285
1.37972, 18, 1.22222, 0.0469111, 0.0892521, 0.00809871
1.37972, 39, 1.54883, 0.0299386, 0.15919, 0.00707441
1.37972, 41, 1.52744, -0.0322858, 0.224553, 0.00672345
1.37972, 12, 1.32881, 0.0683965, 0.0366221, 0.00930605
1.37972, 35, 1.47314, -0.0119622, 0.15887, 0.00687013
1.39972, 0, 1.53403, 0.0345058, 0.159865, 0.00786531
1.39972, 37, 1.49611, 0.124034, 0.106285, 0.0124366
1.39972, 38, 1.52294, -0.00526322, 0.167107, 0.00856649
1.39972, 43, 1.52791, -0.0491611, 0.169626, 0.0125606
1.39972, 34, 1.60106, 0.00607759, 0.172319, 0.0101444
1.39972, 36, 1.48288, 0.0214507, 0.15865, 0.00664986
1.39972, 42, 1.51548, -0.02495, 0.168467, 0.00838454
1.39972, 40, 1.53296, 0.0118913, 0.173741, 0.010537
1.39972, 33, 1.42924, -0.0118043, 0.160992, 0.00899285
1.39972, 18, 1.21854, 0.0474815, 0.0687902, 0.00809871
1.39972, 39, 1.56842, 0.0402516, 0.158528, 0.00707441
1.39972, 41, 1.54192, -0.0322858, 0.200991, 0.00672345
1.39972, 12, 1.33251, 0.0663826, 0.0217876, 0.00930605
1.39972, 35, 1.47887, -0.0119622, 0.15887, 0.00687013
1.39972, 44, 1.52629, -0.0122409, 0.278373, 0.00681202
1.41972, 0, 1.54232, 0.0368884, 0.159635, 0.00786531
1.41972, 37, 1.50265, 0.134295, 0.102677, 0.0124366
1.41972, 38, 1.5285, -0.00603245, 0.167336, 0.00856649
1.41972, 43, 1.53986, -0.0491611, 0.149923, 0.0125606
1.41972, 34, 1.61478, 0.00444952, 0.171134, 0.0101444
1.41972, 36, 1.48958, 0.0214507, 0.15865, 0.00664986
1.41972, 42, 1.52187, -0.02495, 0.171069, 0.00838454
1.41972, 40, 1.53588, 0.0108751, 0.178517, 0.010537
1.41972, 33, 1.43338, -0.0118043, 0.160992, 0.00899285
1.41972, 18, 1.21486, 0.0480518, 0.0444059, 0.00809871
1.41972, 39, 1.58789, 0.0504699, 0.154495, 0.00707441
1.41972, 41, 1.5564, -0.0322858, 0.173507, 0.00672345
1.41972, 12, 1.33375, 0.065057, 0.0302495, 0.00930605
1.41972, 35, 1.48416, -0.0119622, 0.15887, 0.00687013
1.41972, 44, 1.53821, -0.0122409, 0.27593, 0.00681202
1.41972, 45, 1.53678, -0.0388011, 0.212999, 0.00987943
1.43971, 0, 1.5499, 0.0397747, 0.15825, 0.00786531
1.43971, 37, 1.50918, 0.144557, 0.0951458, 0.0124366
1.43971, 38, 1.53407, -0.00680168, 0.163642, 0.00856649
1.43971, 43, 1.55182, -0.0491611, 0.126297, 0.0125606
1.43971, 34, 1.62849, 0.00282144, 0.166027, 0.0101444
1.43971, 36, 1.49584, 0.0214507, 0.15865, 0.00664986
1.43971, 42, 1.52825, -0.02495, 0.169749, 0.00838454
1.43971, 40, 1.53881, 0.00985882, 0.179371, 0.010537
1.43971, 33, 1.43709, -0.0118043, 0.160992, 0.00899285
1.43971, 18, 1.21191, 0.049986, 0.0277282, 0.00809871
1.43971, 39, 1.60736, 0.0606883, 0.146539, 0.00707441
1.43971, 41, 1.56656, -0.0322858, 0.163772, 0.00672345
1.43971, 12, 1.33499, 0.0637314, 0.0347889, 0.00930605
1.43971, 35, 1.48904, -0.0119622, 0.15887, 0.00687013
1.43971, 44, 1.55014, -0.0122409, 0.269564, 0.00681202
1.43971, 45, 1.54779, -0.0388011, 0.209387, 0.00987943
1.45971, 0, 1.55721, 0.0430909, 0.153895, 0.00786531
1.45971, 37, 1.51571, 0.154818, 0.0836924, 0.0124366
1.45971, 38, 1.53851, -0.0078666, 0.161974, 0.00856649
1.45971, 43, 1.56377, -0.0491611, 0.0987497, 0.0125606
1.45971, 34, 1.64108, 0.00127255, 0.164199, 0.0101444
1.45971, 36, 1.50169, 0.0214507, 0.15865, 0.00664986
1.45971, 42, 1.53463, -0.02495, 0.164507, 0.00838454
1.45971, 40, 1.54174, 0.00884257, 0.176301, 0.010537
1.45971, 33, 1.44038, -0.0118043, 0.160992, 0.00899285
1.45971, 18, 1.21088, 0.0553475, 0.0369447, 0.00809871
1.45971, 39, 1.62683, 0.0709066, 0.134661, 0.00707441
1.45971, 41, 1.57245, -0.0322858, 0.17126, 0.00672345
1.45971, 12, 1.33623, 0.0624059, 0.0354059, 0.00930605
1.45971, 35, 1.49349, -0.0119622, 0.15887, 0.00687013
1.45971, 44, 1.56206, -0.0122409, 0.259275, 0.00681202
1.45971, 45, 1.55879, -0.0388011, 0.201852, 0.00987943
1.45971, 46, 1.53958, -0.0103622, 0.201304, 0.00886151
1.4797, 0, 1.56452, 0.0464126, 0.145626, 0.00786531
1.4797, 37, 1.52224, 0.16508, 0.0683165, 0.0124366
1.4797, 38, 1.5416, -0.00908782, 0.160526, 0.00856649
1.4797, 43, 1.57573, -0.0491611, 0.0672796, 0.0125606
1.4797, 34, 1.65251, -0.000192875, 0.165752, 0.0101444
1.4797, 36, 1.50711, 0.0214507, 0.15865, 0.00664986
1.4797, 42, 1.54034, -0.0259799, 0.161883, 0.00838454
1.4797, 40, 1.54496, 0.00831991, 0.169849, 0.010537
1.4797, 33, 1.44325, -0.0118043, 0.160992, 0.00899285
1.4797, 18, 1.20985, 0.060709, 0.0422387, 0.00809871
1.4797, 39, 1.6463, 0.0811249, 0.11886, 0.00707441
1.4797, 41, 1.57835, -0.0322858, 0.174826, 0.00672345
1.4797, 12, 1.33747, 0.0610803, 0.0321005, 0.00930605
1.4797, 35, 1.49751, -0.0119622, 0.15887, 0.00687013
1.4797, 44, 1.57399, -0.0122409, 0.245064, 0.00681202
1.4797, 45, 1.5698, -0.0388011, 0.190396, 0.00987943
1.4797, 46, 1.55095, -0.0103622, 0.198243, 0.00886151
1.4997, 0, 1.57183, 0.0497343, 0.133434, 0.00786531
1.4997, 37, 1.52877, 0.175341, 0.0490182, 0.0124366
1.4997, 38, 1.54313, -0.0100136, 0.161866, 0.00856649
1.4997, 43, 1.58768, -0.0491611, 0.031887, 0.0125606
1.4997, 34, 1.66394, -0.0016583, 0.163382, 0.0101444
1.4997, 36, 1.5121, 0.0214507, 0.15865, 0.00664986
1.4997, 42, 1.54547, -0.0274337, 0.16242, 0.00838454
1.4997, 40, 1.54894, 0.00923194, 0.163061, 0.010537
1.4997, 33, 1.44569, -0.0118043, 0.160992, 0.00899285
1.4997, 18, 1.20881, 0.0660705, 0.0436104, 0.00809871
1.4997, 39, 1.66576, 0.0913433, 0.099137, 0.00707441
1.4997, 41, 1.59081, -0.0277298, 0.159092, 0.00672345
1.4997, 12, 1.33871, 0.0597547, 0.0248726, 0.00930605
1.4997, 35, 1.50112, -0.0119622, 0.15887, 0.00687013
1.4997, 44, 1.58592, -0.0122409, 0.226931, 0.00681202
1.4997, 45, 1.57874, -0.0402372, 0.179863, 0.00987943
1.4997, 46, 1.56232, -0.0103622, 0.19126, 0.00886151
1.4997, 47, 1.58784, 0.0404575, 0.256431, 0.00902511
1.5197, 0, 1.57913, 0.0530561, 0.11732, 0.00786531
1.5197, 37, 1.53531, 0.185603, 0.0257975, 0.0124366
1.5197, 38, 1.54445, -0.0109517, 0.160861, 0.00856649
1.5197, 43, 1.59223, -0.0572468, 0.0480384, 0.0125606
1.5197, 34, 1.67483, -0.0030145, 0.163366, 0.0101444
1.5197, 36, 1.51667, 0.0214507, 0.15865, 0.00664986
1.5197, 42, 1.55032, -0.0288024, 0.160775, 0.00838454
1.5197, 40, 1.55195, 0.00995941, 0.166976, 0.010537
1.5197, 33, 1.4471, -0.0118043, 0.159079, 0.00899285
1.5197, 18, 1.20778, 0.071432, 0.0410596, 0.00809871
1.5197, 39, 1.68523, 0.101562, 0.0754914, 0.00707441
1.5197, 41, 1.59764, -0.0255407, 0.16421, 0.00672345
1.5197, 12, 1.33944, 0.0612047, 0.0259746, 0.00930605
1.5197, 35, 1.50429, -0.0119622, 0.15887, 0.00687013
1.5197, 44, 1.59784, -0.0122409, 0.204875, 0.00681202
1.5197, 45, 1.58724, -0.0419786, 0.16644, 0.00987943
1.5197, 46, 1.57368, -0.0103622, 0.180354, 0.00886151
1.5197, 47, 1.60032, 0.0404575, 0.251587, 0.00902511
1.5197, 48, 1.58322, 0.0357334, 0.224624, 0.00703898
1.53969, 0, 1.58644, 0.0563778, 0.0972834, 0.00786531
1.53969, 49, 1.60181, 0.0379529, 0.279374, 0.00802386
1.53969, 38, 1.54526, -0.0117849, 0.160559, 0.00856649
1.53969, 43, 1.5959, -0.0662016, 0.0664521, 0.0125606
1.53969, 34, 1.68544, -0.00432343, 0.162228, 0.0101444
1.53969, 36, 1.52082, 0.0214507, 0.15865, 0.00664986
1.53969, 42, 1.55435, -0.0299235, 0.160485, 0.00838454
1.53969, 40, 1.55496, 0.0106869, 0.166969, 0.010537
1.53969, 33, 1.44783, -0.0118043, 0.157244, 0.00899285
1.53969, 18, 1.20675, 0.0767935, 0.0345864, 0.00809871
1.53969, 39, 1.7047, 0.11178, 0.0479234, 0.00707441
1.53969, 41, 1.60427, -0.0234388, 0.166128, 0.00672345
1.53969, 12, 1.34004, 0.063285, 0.0259887, 0.00930605
1.53969, 35, 1.50704, -0.0119622, 0.15887, 0.00687013
1.53969, 44, 1.60977, -0.0122409, 0.178897, 0.00681202
1.53969, 45, 1.59482, -0.0480472, 0.154046, 0.00987943
1.53969, 46, 1.58505, -0.0103622, 0.165525, 0.00886151
1.53969, 47, 1.6128, 0.0404575, 0.24282, 0.00902511
1.53969, 48, 1.59395, 0.0357334, 0.22226, 0.00703898
1.55969, 0, 1.59375, 0.0596995, 0.0733243, 0.00786531
1.55969, 49, 1.61283, 0.0379529, 0.276125, 0.00802386
1.55969, 38, 1.54571, -0.0122241, 0.160566, 0.00856649
1.55969, 43, 1.59958, -0.0751564, 0.0809433, 0.0125606
1.55969, 34, 1.69536, -0.00556987, 0.162204, 0.0101444
1.55969, 36, 1.52454, 0.0214507, 0.15865, 0.00664986
1.55969, 42, 1.55795, -0.0309302, 0.160384, 0.00838454
1.55969, 40, 1.55797, 0.0114143, 0.163039, 0.010537
1.55969, 33, 1.44798, -0.0118043, 0.155631, 0.00899285
1.55969, 18, 1.20572, 0.082155, 0.0241907, 0.00809871
1.55969, 39, 1.72417, 0.121998, 0.016433, 0.00707441
1.55969, 41, 1.60872, -0.0250441, 0.160446, 0.00672345
1.55969, 12, 1.34064, 0.0653653, 0.0220803, 0.00930605
1.55969, 35, 1.50937, -0.0119622, 0.15887, 0.00687013
1.55969, 44, 1.62231, -0.00887137, 0.160809, 0.00681202
1.55969, 45, 1.60136, -0.0590879, 0.143427, 0.00987943
1.55969, 46, 1.59177, -0.0103622, 0.166353, 0.00886151
1.55969, 47, 1.62529, 0.0404575, 0.230131, 0.00902511
1.55969, 48, 1.60468, 0.0357334, 0.215974, 0.00703898
1.55969, 50, 1.63743, 0.0264503, 0.250679, 0.00603991
1.57968, 0, 1.60106, 0.0630212, 0.0454428, 0.00786531
1.57968, 49, 1.62386, 0.0379529, 0.268954, 0.00802386
1.57968, 38, 1.54586, -0.0123644, 0.160566, 0.00856649
1.57968, 43, 1.60325, -0.0841111, 0.0915121, 0.0125606
1.57968, 34, 1.70486, -0.00675425, 0.162155, 0.0101444
1.57968, 36, 1.52783, 0.0214507, 0.15865, 0.00664986
1.57968, 42, 1.5611, -0.0318107, 0.160384, 0.00838454
1.57968, 40, 1.55959, 0.0117982, 0.164347, 0.010537
1.57968, 33, 1.44765, -0.0118043, 0.154291, 0.00899285
1.57968, 18, 1.20468, 0.0875165, 0.00987265, 0.00809871
1.57968, 51, 1.61712, -0.0378241, 0.229316, 0.00728538
1.57968, 41, 1.61271, -0.0254765, 0.160347, 0.00672345
1.57968, 12, 1.34093, 0.0676126, 0.0224107, 0.00930605
1.57968, 35, 1.51128, -0.0119622, 0.15887, 0.00687013
1.57968, 44, 1.63073, -0.00463935, 0.167957, 0.00681202
1.57968, 45, 1.60789, -0.0701285, 0.128886, 0.00987943
1.57968, 46, 1.59664, -0.0103622, 0.171015, 0.00886151
1.57968, 47, 1.63777, 0.0404575, 0.21352, 0.00902511
1.57968, 48, 1.61541, 0.0357334, 0.205765, 0.00703898
1.57968, 50, 1.64879, 0.0264503, 0.248006, 0.00603991
1.59968, 0, 1.60776, 0.0672139, 0.0221061, 0.00786531
1.59968, 49, 1.63489, 0.0379529, 0.25786, 0.00802386
1.59968, 38, 1.54586, -0.0123642, 0.160566, 0.00856649
1.59968, 43, 1.60639, -0.0937914, 0.0960109, 0.0125606
1.59968, 34, 1.7139, -0.00788339, 0.162143, 0.0101444
1.59968, 36, 1.53071, 0.0214507, 0.15865, 0.00664986
1.59968, 42, 1.56384, -0.032577, 0.160384, 0.00838454
1.59968, 40, 1.56103, 0.0121402, 0.162792, 0.010537
1.59968, 33, 1.44693, -0.0118043, 0.153252, 0.00899285
1.59968, 52, 1.65689, -0.0151112, 0.212464, 0.00955822
1.59968, 51, 1.62695, -0.0378241, 0.224641, 0.00728538
1.59968, 41, 1.6168, -0.0252644, 0.158883, 0.00672345
1.59968, 12, 1.34119, 0.0699676, 0.020918, 0.00930605
1.59968, 35, 1.51275, -0.0119622, 0.15887, 0.00687013
1.59968, 44, 1.63914, -0.000407333, 0.171182, 0.00681202
1.59968, 45, 1.61553, -0.0796782, 0.114836, 0.00987943
1.59968, 46, 1.60151, -0.0103622, 0.171754, 0.00886151
1.59968, 47, 1.65026, 0.0404575, 0.192986, 0.00902511
1.59968, 48, 1.62614, 0.0357334, 0.191634, 0.00703898
1.59968, 50, 1.66015, 0.0264503, 0.241411, 0.00603991
1.61967, 0, 1.6117, 0.0751279, 0.0320583, 0.00786531
1.61967, 49, 1.64591, 0.0379529, 0.242844, 0.00802386
1.61967, 38, 1.54586, -0.0123642, 0.160566, 0.00856649
1.61967, 43, 1.60704, -0.106801, 0.0867222, 0.0125606
1.61967, 34, 1.72252, -0.00895957, 0.162143, 0.0101444
1.61967, 36, 1.53315, 0.0214507, 0.15865, 0.00664986
1.61967, 42, 1.56618, -0.033229, 0.160384, 0.00838454
1.61967, 40, 1.56198, 0.0123676, 0.163057, 0.010537
1.61967, 33, 1.44593, -0.0118043, 0.152526, 0.00899285
1.61967, 52, 1.66727, -0.0151112, 0.207235, 0.00955822
1.61967, 51, 1.63678, -0.0378241, 0.216043, 0.00728538
1.61967, 41, 1.61975, -0.0254502, 0.158725, 0.00672345
1.61967, 12, 1.34143, 0.0725983, 0.0200179, 0.00930605
1.61967, 35, 1.51381, -0.0119622, 0.15887, 0.00687013
1.61967, 44, 1.64756, 0.00382469, 0.170485, 0.00681202
1.61967, 45, 1.62827, -0.0823854, 0.117138, 0.00987943
1.61967, 46, 1.60638, -0.0103622, 0.168571, 0.00886151
1.61967, 47, 1.66274, 0.0404575, 0.16853, 0.00902511
1.61967, 48, 1.63687, 0.0357334, 0.17358, 0.00703898
1.61967, 50, 1.67151, 0.0264503, 0.230893, 0.00603991
1.63967, 0, 1.61563, 0.083042, 0.0380881, 0.00786531
1.63967, 49, 1.65694, 0.0379529, 0.223905, 0.00802386
1.63967, 38, 1.54586, -0.0123642, 0.160566, 0.00856649
1.63967, 43, 1.6077, -0.119811, 0.0735111, 0.0125606
1.63967, 34, 1.73072, -0.00998317, 0.162143, 0.0101444
1.63967, 36, 1.53518, 0.0214507, 0.15865, 0.00664986
1.63967, 42, 1.5681, -0.0337667, 0.160384, 0.00838454
1.63967, 40, 1.56251, 0.0124955, 0.162606, 0.010537
1.63967, 33, 1.44477, -0.0118043, 0.152119, 0.00899285
1.63967, 52, 1.67765, -0.0151112, 0.198083, 0.00955822
1.63967, 51, 1.6466, -0.0378241, 0.203523, 0.00728538
1.63967, 41, 1.62221, -0.0255814, 0.158723, 0.00672345
1.63967, 12, 1.34177, 0.0755362, 0.0184798, 0.00930605
1.63967, 35, 1.51444, -0.0119622, 0.15887, 0.00687013
1.63967, 44, 1.65597, 0.0080567, 0.165866, 0.00681202
1.63967, 45, 1.64102, -0.0850926, 0.115517, 0.00987943
1.63967, 46, 1.61125, -0.0103622, 0.161466, 0.00886151
1.63967, 47, 1.67182, 0.0500937, 0.159677, 0.00902511
1.63967, 48, 1.64565, 0.0363424, 0.161359, 0.00703898
1.63967, 50, 1.68286, 0.0264503, 0.216453, 0.00603991
1.63967, 53, 1.67868, -0.0100711, 0.238017, 0.00538912
1.63967, 54, 1.6822, -0.0188927, 0.266598, 0.00890806
1.65967, 0, 1.61957, 0.0909561, 0.0401954, 0.00786531
1.65967, 49, 1.66797, 0.0379529, 0.201044, 0.00802386
1.65967, 38, 1.54586, -0.0123642, 0.160566, 0.00856649
1.65967, 43, 1.60835, -0.132821, 0.0563776, 0.0125606
1.65967, 34, 1.73849, -0.0109542, 0.162143, 0.0101444
1.65967, 36, 1.53678, 0.0214507, 0.15865, 0.00664986
1.65967, 42, 1.56961, -0.0341901, 0.160384, 0.00838454
1.65967, 40, 1.56261, 0.0125187, 0.162534, 0.010537
1.65967, 54, 1.69274, -0.0188927, 0.262492, 0.00890806
1.65967, 52, 1.68804, -0.0151112, 0.185008, 0.00955822
1.65967, 51, 1.65643, -0.0378241, 0.18708, 0.00728538
1.65967, 41, 1.62424, -0.0256897, 0.158723, 0.00672345
1.65967, 12, 1.34225, 0.0788737, 0.0143871, 0.00930605
1.65967, 35, 1.51507, -0.0119622, 0.158058, 0.00687013
1.65967, 44, 1.66423, 0.0121497, 0.159206, 0.00681202
1.65967, 45, 1.65377, -0.0877998, 0.109973, 0.00987943
1.65967, 46, 1.61546, -0.0103622, 0.163647, 0.00886151
1.65967, 47, 1.67899, 0.0651375, 0.157869, 0.00902511
1.65967, 48, 1.65003, 0.0383051, 0.167068, 0.00703898
1.65967, 50, 1.69422, 0.0264503, 0.198091, 0.00603991
1.65967, 53, 1.68974, -0.0100711, 0.232549, 0.00538912
1.67966, 0, 1.6235, 0.0988701, 0.0383803, 0.00786531
1.67966, 49, 1.67899, 0.0379529, 0.17426, 0.00802386
1.67966, 38, 1.54586, -0.0123642, 0.160566, 0.00856649
1.67966, 43, 1.609, -0.14583, 0.0353216, 0.0125606
1.67966, 34, 1.74585, -0.0118726, 0.162143, 0.0101444
1.67966, 36, 1.53795, 0.0214507, 0.15865, 0.00664986
1.67966, 42, 1.57072, -0.0344993, 0.160384, 0.00838454
1.67966, 40, 1.56261, 0.0125187, 0.162536, 0.010537
1.67966, 54, 1.70328, -0.0188927, 0.254464, 0.00890806
1.67966, 52, 1.69842, -0.0151112, 0.168012, 0.00955822
1.67966, 51, 1.66626, -0.0378241, 0.166715, 0.00728538
1.67966, 41, 1.62585, -0.0257754, 0.158723, 0.00672345
1.67966, 12, 1.34273, 0.0822323, 0.0064112, 0.00930605
1.67966, 35, 1.51569, -0.0119622, 0.156575, 0.00687013
1.67966, 44, 1.67142, 0.0153478, 0.160393, 0.00681202
1.67966, 45, 1.66652, -0.090507, 0.100508, 0.00987943
1.67966, 46, 1.61961, -0.0103622, 0.163058, 0.00886151
1.67966, 47, 1.68616, 0.0801813, 0.152139, 0.00902511
1.67966, 48, 1.6544, 0.0402679, 0.168854, 0.00703898
1.67966, 50, 1.70558, 0.0264503, 0.175806, 0.00603991
1.67966, 53, 1.7008, -0.0100711, 0.223158, 0.00538912
1.67966, 55, 1.66604, 0.0395743, 0.22955, 0.00745139
1.67966, 56, 1.70426, -0.0433445, 0.224671, 0.00960225
1.69966, 0, 1.62744, 0.106784, 0.0326428, 0.00786531
1.69966, 49, 1.68688, 0.0427202, 0.16371, 0.00802386
1.69966, 38, 1.54608, -0.0123733, 0.160249, 0.00856649
1.69966, 43, 1.60965, -0.15884, 0.0103432, 0.0125606
1.69966, 34, 1.75278, -0.0127384, 0.162143, 0.0101444
1.69966, 36, 1.5387, 0.0214507, 0.15865, 0.00664986
1.69966, 42, 1.57142, -0.0346942, 0.160384, 0.00838454
1.69966, 40, 1.56261, 0.0125187, 0.162536, 0.010537
1.69966, 54, 1.71383, -0.0188927, 0.242514, 0.00890806
1.69966, 52, 1.70455, -0.0151112, 0.167904, 0.00955822
1.69966, 51, 1.67266, -0.0427069, 0.1619, 0.00728538
1.69966, 41, 1.62704, -0.0258386, 0.158723, 0.00672345
1.69966, 56, 1.71406, -0.0433445, 0.222482, 0.00960225
1.69966, 35, 1.51588, -0.0119622, 0.155257, 0.00687013
1.69966, 44, 1.67843, 0.0184923, 0.159035, 0.00681202
1.69966, 45, 1.67927, -0.0932142, 0.0871193, 0.00987943
1.69966, 46, 1.62323, -0.0103622, 0.16153, 0.00886151
1.69966, 47, 1.69333, 0.0952251, 0.142487, 0.00902511
1.69966, 48, 1.65877, 0.0422307, 0.166718, 0.00703898
1.69966, 50, 1.71488, 0.0264503, 0.160162, 0.00603991
1.69966, 53, 1.71187, -0.0100711, 0.209845, 0.00538912
1.69966, 55, 1.67503, 0.0395743, 0.223757, 0.00745139
1.71965, 0, 1.63137, 0.114698, 0.0229828, 0.00786531
1.71965, 49, 1.69149, 0.0524157, 0.170183, 0.00802386
1.71965, 38, 1.54704, -0.0123569, 0.158616, 0.00856649
1.71965, 55, 1.68403, 0.0395743, 0.214042, 0.00745139
1.71965, 34, 1.75929, -0.0135516, 0.162143, 0.0101444
1.71965, 36, 1.53914, 0.0214507, 0.157174, 0.00664986
1.71965, 42, 1.5717, -0.0347748, 0.160384, 0.00838454
1.71965, 40, 1.56319, 0.0125637, 0.161854, 0.010537
1.71965, 54, 1.72437, -0.0188927, 0.226641, 0.00890806
1.71965, 52, 1.70841, -0.0151112, 0.174892, 0.00955822
1.71965, 51, 1.67715, -0.050288, 0.163976, 0.00728538
1.71965, 41, 1.6278, -0.0258791, 0.158723, 0.00672345
1.71965, 56, 1.72387, -0.0433445, 0.216371, 0.00960225
1.71965, 35, 1.51569, -0.0119622, 0.154145, 0.00687013
1.71965, 44, 1.68475, 0.0214026, 0.158812, 0.00681202
1.71965, 45, 1.69201, -0.0959213, 0.0698086, 0.00987943
1.71965, 46, 1.62602, -0.0103622, 0.160894, 0.00886151
1.71965, 47, 1.70049, 0.110269, 0.128913, 0.00902511
1.71965, 48, 1.66315, 0.0441935, 0.160659, 0.00703898
1.71965, 50, 1.71936, 0.0264503, 0.16518, 0.00603991
1.71965, 53, 1.72293, -0.0100711, 0.19261, 0.00538912
1.71965, 57, 1.69434, -0.0326628, 0.25396, 0.00973869
1.73965, 0, 1.63531, 0.122612, 0.00940048, 0.00786531
1.73965, 49, 1.6961, 0.0621112, 0.172732, 0.00802386
1.73965, 38, 1.54752, -0.0123544, 0.157151, 0.00856649
1.73965, 55, 1.69303, 0.0395743, 0.200404, 0.00745139
1.73965, 34, 1.76539, -0.0143122, 0.162143, 0.0101444
1.73965, 36, 1.53966, 0.0214507, 0.155953, 0.00664986
1.73965, 42, 1.57171, -0.0347771, 0.160384, 0.00838454
1.73965, 40, 1.56433, 0.0125438, 0.1602, 0.010537
1.73965, 54, 1.73491, -0.0188927, 0.206846, 0.00890806
1.73965, 52, 1.71227, -0.0151112, 0.177957, 0.00955822
1.73965, 51, 1.68163, -0.057869, 0.162129, 0.00728538
1.73965, 41, 1.62814, -0.0258971, 0.158723, 0.00672345
1.73965, 56, 1.73367, -0.0433445, 0.206337, 0.00960225
1.73965, 35, 1.51521, -0.0119622, 0.153278, 0.00687013
1.73965, 44, 1.69065, 0.0241015, 0.158812, 0.00681202
1.73965, 45, 1.70476, -0.0986285, 0.0485755, 0.00987943
1.73965, 46, 1.62838, -0.0103622, 0.160881, 0.00886151
1.73965, 47, 1.70766, 0.125313, 0.111415, 0.00902511
1.73965, 48, 1.66752, 0.0461563, 0.150678, 0.00703898
1.73965, 50, 1.72384, 0.0264503, 0.166275, 0.00603991
1.73965, 53, 1.734, -0.0100711, 0.171452, 0.00538912
1.73965, 57, 1.70435, -0.0326628, 0.251638, 0.00973869
1.75965, 57, 1.71436, -0.0326628, 0.245393, 0.00973869
1.75965, 49, 1.70071, 0.0718068, 0.17136, 0.00802386
1.75965, 38, 1.5476, -0.0123547, 0.155906, 0.00856649
1.75965, 55, 1.70203, 0.0395743, 0.182844, 0.00745139
1.75965, 34, 1.77106, -0.0150202, 0.162143, 0.0101444
1.75965, 36, 1.5396, 0.0214507, 0.154851, 0.00664986
1.75965, 42, 1.57194, -0.0347749, 0.160047, 0.00838454
1.75965, 40, 1.56498, 0.0125426, 0.158723, 0.010537
1.75965, 54, 1.74545, -0.0188927, 0.183128, 0.00890806
1.75965, 52, 1.71613, -0.0151112, 0.1771, 0.00955822
1.75965, 51, 1.68611, -0.06545, 0.15636, 0.00728538
1.75965, 41, 1.62815, -0.0258981, 0.158723, 0.00672345
1.75965, 56, 1.74348, -0.0433445, 0.192381, 0.00960225
1.75965, 35, 1.51454, -0.0119622, 0.152665, 0.00687013
1.75965, 44, 1.69615, 0.0266237, 0.158812, 0.00681202
1.75965, 45, 1.71751, -0.101336, 0.02342, 0.00987943
1.75965, 46, 1.63026, -0.0103622, 0.160861, 0.00886151
1.75965, 47, 1.71483, 0.140356, 0.0899959, 0.00902511
1.75965, 48, 1.67189, 0.048119, 0.136775, 0.00703898
1.75965, 50, 1.72831, 0.0264503, 0.163448, 0.00603991
1.75965, 53, 1.74244, -0.0100711, 0.159339, 0.00538912
1.75965, 58, 1.72337, -0.0347228, 0.294676, 0.0104285
1.77964, 57, 1.72436, -0.0326628, 0.235225, 0.00973869
1.77964, 49, 1.70532, 0.0815023, 0.166065, 0.00802386
1.77964, 38, 1.54738, -0.0123549, 0.154896, 0.00856649
1.77964, 55, 1.71102, 0.0395743, 0.161361, 0.00745139
1.77964, 34, 1.7763, -0.0156757, 0.162143, 0.0101444
1.77964, 36, 1.53967, 0.0214507, 0.154032, 0.00664986
1.77964, 42, 1.57264, -0.0347759, 0.15875, 0.00838454
1.77964, 40, 1.56524, 0.0125407, 0.157459, 0.010537
1.77964, 54, 1.75613, -0.0202316, 0.161696, 0.00890806
1.77964, 52, 1.71999, -0.0151112, 0.172321, 0.00955822
1.77964, 51, 1.69059, -0.073031, 0.146669, 0.00728538
1.77964, 41, 1.62815, -0.0258981, 0.158723, 0.00672345
1.77964, 56, 1.75329, -0.0433445, 0.174502, 0.00960225
1.77964, 35, 1.51376, -0.0119622, 0.152283, 0.00687013
1.77964, 44, 1.70127, 0.0289692, 0.158812, 0.00681202
1.77964, 58, 1.7312, -0.0347228, 0.292551, 0.0104285
1.77964, 46, 1.6317, -0.0103622, 0.160861, 0.00886151
1.77964, 47, 1.72199, 0.1554, 0.064654, 0.00902511
1.77964, 48, 1.67627, 0.0500818, 0.118949, 0.00703898
1.77964, 50, 1.73264, 0.0264503, 0.158332, 0.00603991
1.77964, 53, 1.7452, -0.00683215, 0.158994, 0.00538912
1.79964, 57, 1.73437, -0.0326628, 0.221135, 0.00973869
1.79964, 49, 1.70992, 0.0911978, 0.156848, 0.00802386
1.79964, 38, 1.54695, -0.0123548, 0.154121, 0.00856649
1.79964, 55, 1.71681, 0.0495414, 0.156823, 0.00745139
1.79964, 34, 1.78113, -0.0162785, 0.162143, 0.0101444
1.79964, 36, 1.53925, 0.0214507, 0.153399, 0.00664986
1.79964, 42, 1.57296, -0.0347765, 0.157672, 0.00838454
1.79964, 40, 1.56517, 0.0125412, 0.15643, 0.010537
1.79964, 54, 1.76195, -0.022506, 0.171973, 0.00890806
1.79964, 52, 1.72384, -0.0151112, 0.163619, 0.00955822
1.79964, 51, 1.69507, -0.0806121, 0.133055, 0.00728538
1.79964, 41, 1.62815, -0.0258981, 0.158723, 0.00672345
1.79964, 56, 1.76278, -0.0453317, 0.154476, 0.00960225
1.79964, 35, 1.51297, -0.0119622, 0.152089, 0.00687013
1.79964, 44, 1.70601, 0.0311379, 0.158812, 0.00681202
1.79964, 58, 1.73903, -0.0347228, 0.286503, 0.0104285
1.79964, 46, 1.63271, -0.0103622, 0.160861, 0.00886151
1.79964, 47, 1.72916, 0.170444, 0.0353896, 0.00902511
1.79964, 48, 1.68064, 0.0520446, 0.0972008, 0.00703898
1.79964, 50, 1.73609, 0.0264503, 0.158267, 0.00603991
1.79964, 53, 1.74692, -0.00294714, 0.161002, 0.00538912
1.81963, 57, 1.74437, -0.0326628, 0.203123, 0.00973869
1.81963, 49, 1.71453, 0.100893, 0.143708, 0.00802386
1.81963, 38, 1.54641, -0.0123549, 0.15357, 0.00856649
1.81963, 55, 1.722, 0.0613502, 0.152233, 0.00745139
1.81963, 34, 1.78554, -0.0168288, 0.162143, 0.0101444
1.81963, 36, 1.53873, 0.0214507, 0.152965, 0.00664986
1.81963, 42, 1.573, -0.0347765, 0.156837, 0.00838454
1.81963, 40, 1.56491, 0.0125409, 0.155652, 0.010537
1.81963, 54, 1.76778, -0.0247805, 0.178328, 0.00890806
1.81963, 52, 1.72692, -0.0151112, 0.16532, 0.00955822
1.81963, 51, 1.69956, -0.0881931, 0.115519, 0.00728538
1.81963, 41, 1.62815, -0.0258981, 0.158723, 0.00672345
1.81963, 56, 1.7706, -0.0580029, 0.140097, 0.00960225
1.81963, 53, 1.74865, 0.000937871, 0.159087, 0.00538912
1.81963, 44, 1.71036, 0.0331298, 0.158812, 0.00681202
1.81963, 58, 1.74686, -0.0347228, 0.276533, 0.0104285
1.81963, 46, 1.63331, -0.0103622, 0.160861, 0.00886151
1.81963, 47, 1.73633, 0.185488, 0.00220279, 0.00902511
1.81963, 48, 1.68501, 0.0540074, 0.0715302, 0.00703898
1.81963, 50, 1.73893, 0.0264503, 0.15804, 0.00603991
1.81963, 59, 1.71822, 0.0235978, 0.240135, 0.0109189
1.83963, 57, 1.75438, -0.0326628, 0.181188, 0.00973869
1.83963, 49, 1.71914, 0.110589, 0.126646, 0.00802386
1.83963, 38, 1.54585, -0.0123548, 0.153194, 0.00856649
1.83963, 55, 1.72719, 0.0731591, 0.14372, 0.00745139
1.83963, 34, 1.78952, -0.0173264, 0.162143, 0.0101444
1.83963, 36, 1.53819, 0.0214507, 0.152683, 0.00664986
1.83963, 42, 1.57284, -0.0347765, 0.156221, 0.00838454
1.83963, 40, 1.56453, 0.0125409, 0.155089, 0.010537
1.83963, 54, 1.7736, -0.0270549, 0.18076, 0.00890806
1.83963, 52, 1.72978, -0.0151112, 0.166767, 0.00955822
1.83963, 51, 1.70404, -0.0957741, 0.0940604, 0.00728538
1.83963, 41, 1.62815, -0.0258981, 0.158723, 0.00672345
1.83963, 56, 1.77841, -0.0706741, 0.121797, 0.00960225
1.83963, 53, 1.75, 0.00396714, 0.157395, 0.00538912
1.83963, 44, 1.71432, 0.0349449, 0.158812, 0.00681202
1.83963, 58, 1.75468, -0.0347228, 0.262641, 0.0104285
1.83963, 46, 1.63348, -0.0103622, 0.160861, 0.00886151
1.83963, 59, 1.72339, 0.0235978, 0.236122, 0.0109189
1.83963, 48, 1.68939, 0.0559702, 0.0419371, 0.00703898
1.83963, 50, 1.74128, 0.0264503, 0.15804, 0.00603991
1.85963, 57, 1.76291, -0.0326628, 0.164565, 0.00973869
1.85963, 49, 1.72375, 0.120284, 0.105661, 0.00802386
1.85963, 38, 1.54529, -0.0123549, 0.152958, 0.00856649
1.85963, 55, 1.73238, 0.0849679, 0.131285, 0.00745139
1.85963, 34, 1.79309, -0.0177715, 0.162143, 0.0101444
1.85963, 36, 1.53766, 0.0214507, 0.152513, 0.00664986
1.85963, 42, 1.57257, -0.0347765, 0.155805, 0.00838454
1.85963, 40, 1.56409, 0.0125408, 0.154715, 0.010537
1.85963, 54, 1.77943, -0.0293294, 0.17927, 0.00890806
1.85963, 52, 1.73264, -0.0151112, 0.164292, 0.00955822
1.85963, 51, 1.70852, -0.103355, 0.0686793, 0.00728538
1.85963, 41, 1.62815, -0.0258981, 0.158723, 0.00672345
1.85963, 56, 1.78623, -0.0833454, 0.0995739, 0.00960225
1.85963, 53, 1.75097, 0.00614579, 0.157389, 0.00538912
1.85963, 44, 1.71798, 0.0366806, 0.158601, 0.00681202
1.85963, 58, 1.76251, -0.0347228, 0.244826, 0.0104285
1.85963, 46, 1.63348, -0.0103622, 0.160861, 0.00886151
1.85963, 59, 1.72856, 0.0235978, 0.228186, 0.0109189
1.85963, 48, 1.69287, 0.0596687, 0.0252285, 0.00703898
1.85963, 50, 1.74322, 0.0264503, 0.15804, 0.00603991
1.87962, 57, 1.76574, -0.0327366, 0.177278, 0.00973869
1.87962, 49, 1.72836, 0.12998, 0.0807542, 0.00802386
1.87962, 38, 1.54565, -0.0123523, 0.152894, 0.00856649
1.87962, 55, 1.73757, 0.0967767, 0.114928, 0.00745139
1.87962, 34, 1.79623, -0.0181639, 0.162143, 0.0101444
1.87962, 36, 1.53718, 0.0214507, 0.15243, 0.00664986
1.87962, 42, 1.57221, -0.0347765, 0.155578, 0.00838454
1.87962, 40, 1.56364, 0.0125407, 0.154512, 0.010537
1.87962, 54, 1.7856, -0.0315074, 0.174069, 0.00890806
1.87962, 52, 1.73467, -0.0151112, 0.162783, 0.00955822
1.87962, 51, 1.713, -0.110936, 0.0393758, 0.00728538
1.87962, 41, 1.62815, -0.0258981, 0.158723, 0.00672345
1.87962, 56, 1.79404, -0.0960166, 0.0734285, 0.00960225
1.87962, 53, 1.75177, 0.00793531, 0.157389, 0.00538912
1.87962, 44, 1.72142, 0.0387686, 0.157674, 0.00681202
1.87962, 58, 1.77034, -0.0347228, 0.223089, 0.0104285
1.87962, 46, 1.63348, -0.0103622, 0.160861, 0.00886151
1.87962, 59, 1.73373, 0.0235978, 0.216328, 0.0109189
1.87962, 48, 1.69478, 0.0663034, 0.0335334, 0.00703898
1.87962, 50, 1.74472, 0.0264503, 0.15804, 0.00603991
1.87962, 60, 1.73694, -0.0284283, 0.239562, 0.00470819
1.87962, 61, 1.74138, -0.0147298, 0.258648, 0.00739676
1.88777, 57, 1.76672, -0.032815, 0.181227, 0.00973869
1.88777, 49, 1.73023, 0.133931, 0.0694807, 0.00802386
1.88777, 38, 1.54526, -0.0123539, 0.152857, 0.00856649
1.88777, 55, 1.73968, 0.101588, 0.107138, 0.00745139
1.88777, 34, 1.79741, -0.0182786, 0.162114, 0.0101444
1.88777, 36, 1.53699, 0.0214507, 0.152416, 0.00664986
1.88777, 42, 1.57205, -0.0347765, 0.155537, 0.00838454
1.88777, 40, 1.56347, 0.0125409, 0.154475, 0.010537
1.88777, 54, 1.78831, -0.0323838, 0.171037, 0.00890806
1.88777, 52, 1.73513, -0.0151112, 0.16321, 0.00955822
1.88777, 51, 1.71483, -0.114025, 0.0263109, 0.00728538
1.88777, 41, 1.62815, -0.0258981, 0.158723, 0.00672345
1.88777, 56, 1.79723, -0.10118, 0.0616503, 0.00960225
1.88777, 53, 1.75205, 0.00855338, 0.157389, 0.00538912
1.88777, 44, 1.72278, 0.0397972, 0.156836, 0.00681202
1.88777, 58, 1.77352, -0.0347228, 0.213107, 0.0104285
1.88777, 46, 1.63348, -0.0103622, 0.160861, 0.00886151
1.88777, 59, 1.73584, 0.0235978, 0.210372, 0.0109189
1.88777, 48, 1.69556, 0.0690069, 0.0357927, 0.00703898
1.88777, 50, 1.74522, 0.0264503, 0.15804, 0.00603991
1.88777, 60, 1.73753, -0.0284283, 0.238225, 0.00470819
1.88777, 61, 1.7418, -0.0147298, 0.257683, 0.00739676
