0.819099, 0, 1.03934, -0.0048449, 0.28352, 0.00819878
0.819099, 1, 1.03558, -0.0400685, 0.275866, 0.00800486
0.819099, 2, 1.04521, 0.0426644, 0.20603, 0.0080707
0.819099, 3, 1.0257, 0.0303076, 0.220205, 0.0102306
0.819099, 4, 1.02488, -0.0291668, 0.295742, 0.00944159
0.819099, 5, 1.02305, -0.0099055, 0.211628, 0.00711282
0.819099, 6, 1.03085, 0.00840896, 0.276032, 0.00515361
0.819099, 7, 1.0613, -0.0175913, 0.287795, 0.0110003
0.819099, 8, 1.05974, -0.0387877, 0.288334, 0.00829138
0.819099, 9, 1.04336, -0.0267838, 0.242805, 0.00568052
0.819099, 10, 1.06227, 0.000570091, 0.203947, 0.00968651
0.819099, 11, 1.0313, -0.0173381, 0.202296, 0.00710507
0.819099, 12, 1.05222, -0.00359007, 0.24764, 0.00940573
0.819099, 13, 1.01759, -0.024398, 0.24847, 0.005336
0.819099, 14, 1.05985, 0.048554, 0.261342, 0.0075014
0.819099, 15, 1.05739, 0.0484677, 0.295, 0.00843851
0.819099, 16, 1.01732, 0.00616259, 0.262256, 0.0116318
0.819099, 17, 1.03896, 0.011841, 0.230663, 0.00474262
0.819099, 18, 1.01984, 0.0332432, 0.287206, 0.0072293
0.819099, 19, 1.01911, 0.00220194, 0.233402, 0.00820391
0.819099, 20, 1.04514, 0.0200997, 0.295017, 0.00720752
0.819099, 21, 1.05995, -0.0441261, 0.223981, 0.00805835
0.819099, 22, 1.02891, -0.0345828, 0.206534, 0.00607004
0.819099, 23, 1.03318, -0.017237, 0.257388, 0.010641
0.819099, 24, 1.0287, 0.0258288, 0.251153, 0.00590224
0.819099, 25, 1.0224, 0.00442051, 0.290893, 0.00854962
0.819099, 26, 1.04104, 0.0443532, 0.272132, 0.00965582
0.819099, 27, 1.06014, 0.0258319, 0.228176, 0.00533079
0.819099, 28, 1.04451, -0.0233089, 0.276468, 0.00877921
0.819099, 29, 1.02555, -0.044935, 0.230041, 0.00660093
0.819099, 30, 1.0255, 0.0468899, 0.243937, 0.00930537
0.819099, 31, 1.04153, -0.0424642, 0.233315, 0.00772355
0.819099, 32, 1.06272, -0.0268879, 0.256998, 0.0135021
0.839077, 0, 1.05967, -0.0048449, 0.278444, 0.00819878
0.839077, 1, 1.05428, -0.0400685, 0.27079, 0.00800486
0.839077, 2, 1.06459, 0.0426644, 0.200954, 0.0080707
0.839077, 3, 1.04582, 0.0303076, 0.215129, 0.0102306
0.839077, 4, 1.04485, -0.0291668, 0.290666, 0.00944159
0.839077, 5, 1.0421, -0.0099055, 0.206552, 0.00711282
0.839077, 6, 1.05205, 0.00840896, 0.270956, 0.00515361
0.839077, 7, 1.08156, -0.0175913, 0.282719, 0.0110003
0.839077, 8, 1.07926, -0.0387877, 0.283258, 0.00829138
0.839077, 9, 1.06142, -0.0267838, 0.237729, 0.00568052
0.839077, 10, 1.08332, 0.000570091, 0.198871, 0.00968651
0.839077, 11, 1.05015, -0.0173381, 0.19722, 0.00710507
0.839077, 12, 1.0728, -0.00359007, 0.242564, 0.00940573
0.839077, 13, 1.03714, -0.024398, 0.243394, 0.005336
0.839077, 14, 1.07945, 0.048554, 0.256266, 0.0075014
0.839077, 15, 1.07771, 0.0484677, 0.289924, 0.00843851
0.839077, 16, 1.03686, 0.00616259, 0.25718, 0.0116318
0.839077, 17, 1.05822, 0.011841, 0.225587, 0.00474262
0.839077, 18, 1.03833, 0.0332432, 0.28213, 0.0072293
0.839077, 19, 1.03784, 0.00220194, 0.228326, 0.00820391
0.839077, 20, 1.06671, 0.0200997, 0.289941, 0.00720752
0.839077, 21, 1.07988, -0.0441261, 0.218905, 0.00805835
0.839077, 22, 1.04825, -0.0345828, 0.201458, 0.00607004
0.839077, 23, 1.05362, -0.017237, 0.252311, 0.010641
0.839077, 24, 1.05019, 0.0258288, 0.246077, 0.00590224
0.839077, 25, 1.04101, 0.00442051, 0.285817, 0.00854962
0.839077, 26, 1.06113, 0.0443532, 0.267056, 0.00965582
0.839077, 27, 1.08108, 0.0258319, 0.2231, 0.00533079
0.839077, 28, 1.0653, -0.0233089, 0.271392, 0.00877921
0.839077, 29, 1.04376, -0.044935, 0.224965, 0.00660093
0.839077, 30, 1.04601, 0.0468899, 0.238861, 0.00930537
0.839077, 31, 1.06238, -0.0424642, 0.228239, 0.00772355
0.839077, 32, 1.08302, -0.0268879, 0.254692, 0.0135021
0.859055, 0, 1.08001, -0.0048449, 0.269453, 0.00819878
0.859055, 1, 1.07298, -0.0400685, 0.261798, 0.00800486
0.859055, 2, 1.08396, 0.0426644, 0.191962, 0.0080707
0.859055, 3, 1.06595, 0.0303076, 0.206137, 0.0102306
0.859055, 4, 1.06483, -0.0291668, 0.281675, 0.00944159
0.859055, 5, 1.06116, -0.0099055, 0.197561, 0.00711282
0.859055, 6, 1.07324, 0.00840896, 0.261964, 0.00515361
0.859055, 7, 1.10182, -0.0175913, 0.273727, 0.0110003
0.859055, 8, 1.09879, -0.0387877, 0.274266, 0.00829138
0.859055, 9, 1.07948, -0.0267838, 0.228737, 0.00568052
0.859055, 10, 1.10437, 0.000570091, 0.18988, 0.00968651
0.859055, 11, 1.06901, -0.0173381, 0.188228, 0.00710507
0.859055, 12, 1.09338, -0.00359007, 0.233573, 0.00940573
0.859055, 13, 1.05669, -0.024398, 0.234402, 0.005336
0.859055, 14, 1.09905, 0.048554, 0.247274, 0.0075014
0.859055, 15, 1.09803, 0.0484677, 0.280932, 0.00843851
0.859055, 16, 1.0564, 0.00616259, 0.248189, 0.0116318
0.859055, 17, 1.07748, 0.011841, 0.216596, 0.00474262
0.859055, 18, 1.05681, 0.0332432, 0.273138, 0.0072293
0.859055, 19, 1.05658, 0.00220194, 0.219335, 0.00820391
0.859055, 20, 1.08828, 0.0200997, 0.28095, 0.00720752
0.859055, 21, 1.0998, -0.0441261, 0.209913, 0.00805835
0.859055, 22, 1.06759, -0.0345828, 0.192466, 0.00607004
0.859055, 23, 1.07406, -0.017237, 0.24332, 0.010641
0.859055, 24, 1.07167, 0.0258288, 0.237085, 0.00590224
0.859055, 25, 1.05962, 0.00442051, 0.276825, 0.00854962
0.859055, 26, 1.08123, 0.0443532, 0.258065, 0.00965582
0.859055, 27, 1.10203, 0.0258319, 0.214109, 0.00533079
0.859055, 28, 1.08609, -0.0233089, 0.2624, 0.00877921
0.859055, 29, 1.06197, -0.044935, 0.215973, 0.00660093
0.859055, 30, 1.06651, 0.0468899, 0.229869, 0.00930537
0.859055, 31, 1.08323, -0.0424642, 0.219248, 0.00772355
0.859055, 32, 1.10331, -0.0268879, 0.248471, 0.0135021
0.879033, 0, 1.10035, -0.0048449, 0.256546, 0.00819878
0.879033, 1, 1.09168, -0.0400685, 0.248892, 0.00800486
0.879033, 2, 1.10334, 0.0426644, 0.179055, 0.0080707
0.879033, 3, 1.08608, 0.0303076, 0.19323, 0.0102306
0.879033, 4, 1.0848, -0.0291668, 0.268768, 0.00944159
0.879033, 5, 1.08018, -0.00989243, 0.18467, 0.00711282
0.879033, 6, 1.09444, 0.00840896, 0.249058, 0.00515361
0.879033, 7, 1.12208, -0.0175913, 0.260821, 0.0110003
0.879033, 8, 1.11831, -0.0387877, 0.26136, 0.00829138
0.879033, 9, 1.09753, -0.0267838, 0.21583, 0.00568052
0.879033, 10, 1.12542, 0.000570091, 0.176973, 0.00968651
0.879033, 11, 1.0879, -0.0173512, 0.175305, 0.00710507
0.879033, 12, 1.11395, -0.00359007, 0.220666, 0.00940573
0.879033, 13, 1.07624, -0.024398, 0.221495, 0.005336
0.879033, 14, 1.11865, 0.048554, 0.234367, 0.0075014
0.879033, 15, 1.11835, 0.0484677, 0.268026, 0.00843851
0.879033, 16, 1.07594, 0.00616259, 0.235282, 0.0116318
0.879033, 17, 1.09674, 0.011841, 0.203689, 0.00474262
0.879033, 18, 1.0753, 0.0332432, 0.260232, 0.0072293
0.879033, 19, 1.07531, 0.00220194, 0.206428, 0.00820391
0.879033, 20, 1.10984, 0.0200997, 0.268043, 0.00720752
0.879033, 21, 1.11973, -0.0441261, 0.197006, 0.00805835
0.879033, 22, 1.08693, -0.0345828, 0.17956, 0.00607004
0.879033, 23, 1.09451, -0.017237, 0.230413, 0.010641
0.879033, 24, 1.09315, 0.0258288, 0.224179, 0.00590224
0.879033, 25, 1.07822, 0.00442051, 0.263919, 0.00854962
0.879033, 26, 1.10132, 0.0443532, 0.245158, 0.00965582
0.879033, 27, 1.12298, 0.0258319, 0.201202, 0.00533079
0.879033, 28, 1.10525, -0.0230143, 0.251822, 0.00877921
0.879033, 29, 1.08018, -0.044935, 0.203066, 0.00660093
0.879033, 30, 1.08701, 0.0468899, 0.216962, 0.00930537
0.879033, 31, 1.10409, -0.0424642, 0.206341, 0.00772355
0.879033, 32, 1.12406, -0.0269688, 0.237694, 0.0135021
0.899011, 0, 1.12069, -0.0048449, 0.239724, 0.00819878
0.899011, 1, 1.11038, -0.0400685, 0.232069, 0.00800486
0.899011, 2, 1.12271, 0.0426644, 0.162233, 0.0080707
0.899011, 3, 1.1062, 0.0303076, 0.176408, 0.0102306
0.899011, 4, 1.10477, -0.0291668, 0.251946, 0.00944159
0.899011, 5, 1.09908, -0.00980231, 0.168019, 0.00711282
0.899011, 6, 1.11564, 0.00840896, 0.232235, 0.00515361
0.899011, 7, 1.14213, -0.0171479, 0.245423, 0.0110003
0.899011, 8, 1.13784, -0.0387877, 0.244537, 0.00829138
0.899011, 9, 1.11559, -0.0267838, 0.199008, 0.00568052
0.899011, 10, 1.14586, 0.000570091, 0.161895, 0.00968651
0.899011, 11, 1.10668, -0.0174338, 0.159039, 0.00710507
0.899011, 12, 1.13453, -0.00359007, 0.203844, 0.00940573
0.899011, 13, 1.09578, -0.024398, 0.204673, 0.005336
0.899011, 14, 1.13825, 0.048554, 0.217545, 0.0075014
0.899011, 15, 1.13867, 0.0484677, 0.251203, 0.00843851
0.899011, 16, 1.09548, 0.00616259, 0.21846, 0.0116318
0.899011, 17, 1.11599, 0.011841, 0.186867, 0.00474262
0.899011, 18, 1.09378, 0.0332432, 0.243409, 0.0072293
0.899011, 19, 1.09405, 0.00220194, 0.189606, 0.00820391
0.899011, 20, 1.13141, 0.0200997, 0.251221, 0.00720752
0.899011, 21, 1.13966, -0.0441261, 0.180184, 0.00805835
0.899011, 22, 1.10628, -0.0345828, 0.162737, 0.00607004
0.899011, 23, 1.11495, -0.017237, 0.213591, 0.010641
0.899011, 24, 1.11463, 0.0258288, 0.207356, 0.00590224
0.899011, 25, 1.09683, 0.00442051, 0.247096, 0.00854962
0.899011, 26, 1.12142, 0.0443532, 0.228336, 0.00965582
0.899011, 27, 1.14392, 0.0258319, 0.18438, 0.00533079
0.899011, 28, 1.12423, -0.0226867, 0.237593, 0.00877921
0.899011, 29, 1.09839, -0.044935, 0.186244, 0.00660093
0.899011, 30, 1.10752, 0.0468899, 0.20014, 0.00930537
0.899011, 31, 1.12494, -0.0424642, 0.189519, 0.00772355
0.899011, 32, 1.14497, -0.0272987, 0.222159, 0.0135021
0.918989, 0, 1.14103, -0.0048449, 0.218986, 0.00819878
0.918989, 1, 1.12907, -0.0400685, 0.211332, 0.00800486
0.918989, 2, 1.14087, 0.0463472, 0.143912, 0.0080707
0.918989, 3, 1.12339, 0.0303076, 0.164282, 0.0102306
0.918989, 4, 1.12474, -0.0291668, 0.231208, 0.00944159
0.918989, 5, 1.11003, -0.00939582, 0.159293, 0.00711282
0.918989, 6, 1.13683, 0.00840896, 0.211498, 0.00515361
0.918989, 7, 1.16208, -0.0164898, 0.226797, 0.0110003
0.918989, 8, 1.15736, -0.0387877, 0.2238, 0.00829138
0.918989, 9, 1.13365, -0.0267838, 0.178271, 0.00568052
0.918989, 10, 1.15761, 0.000835034, 0.165565, 0.00968651
0.918989, 11, 1.12149, -0.0220667, 0.159645, 0.00710507
0.918989, 12, 1.15483, -0.00387946, 0.184898, 0.00940573
0.918989, 13, 1.11533, -0.024398, 0.183936, 0.005336
0.918989, 14, 1.15785, 0.048554, 0.196808, 0.0075014
0.918989, 15, 1.15899, 0.0484677, 0.230466, 0.00843851
0.918989, 16, 1.11502, 0.00616259, 0.197722, 0.0116318
0.918989, 17, 1.13525, 0.011841, 0.166129, 0.00474262
0.918989, 18, 1.11227, 0.0332432, 0.222672, 0.0072293
0.918989, 19, 1.11105, 0.00747676, 0.176259, 0.00820391
0.918989, 20, 1.15298, 0.0200997, 0.230483, 0.00720752
0.918989, 21, 1.15959, -0.0441261, 0.159447, 0.00805835
0.918989, 22, 1.11892, -0.0353125, 0.158008, 0.00607004
0.918989, 23, 1.13539, -0.017237, 0.192853, 0.010641
0.918989, 24, 1.13611, 0.0258288, 0.186619, 0.00590224
0.918989, 25, 1.11544, 0.00442051, 0.226359, 0.00854962
0.918989, 26, 1.14151, 0.0443532, 0.207598, 0.00965582
0.918989, 27, 1.16487, 0.0258319, 0.163642, 0.00533079
0.918989, 28, 1.1432, -0.022359, 0.219448, 0.00877921
0.918989, 29, 1.11652, -0.0451109, 0.165731, 0.00660093
0.918989, 30, 1.12802, 0.0468899, 0.179403, 0.00930537
0.918989, 31, 1.1458, -0.0424642, 0.168781, 0.00772355
0.918989, 32, 1.16593, -0.0277447, 0.202337, 0.0135021
0.938967, 0, 1.1597, -0.00494031, 0.197948, 0.00819878
0.938967, 1, 1.14777, -0.0400685, 0.186679, 0.00800486
0.938967, 2, 1.15819, 0.0525019, 0.123318, 0.0080707
0.938967, 3, 1.13239, 0.0279476, 0.167694, 0.0102306
0.938967, 4, 1.14471, -0.0291668, 0.206555, 0.00944159
0.938967, 5, 1.11597, -0.0120871, 0.16104, 0.00711282
0.938967, 6, 1.15803, 0.00840896, 0.186845, 0.00515361
0.938967, 7, 1.18203, -0.0158316, 0.204257, 0.0110003
0.938967, 8, 1.17689, -0.0387877, 0.199147, 0.00829138
0.938967, 9, 1.14999, -0.027131, 0.157591, 0.00568052
0.938967, 10, 1.16586, 0.00275655, 0.166692, 0.00968651
0.938967, 11, 1.13393, -0.0226782, 0.159931, 0.00710507
0.938967, 12, 1.17266, -0.00788944, 0.182892, 0.00940573
0.938967, 13, 1.13099, -0.0253689, 0.175866, 0.005336
0.938967, 14, 1.17745, 0.048554, 0.172155, 0.0075014
0.938967, 15, 1.17931, 0.0484677, 0.205813, 0.00843851
0.938967, 16, 1.1349, 0.00706282, 0.177128, 0.0116318
0.938967, 17, 1.14882, 0.011841, 0.156742, 0.00474262
0.938967, 18, 1.13076, 0.0332432, 0.198019, 0.0072293
0.938967, 19, 1.12337, 0.0127806, 0.16178, 0.00820391
0.938967, 20, 1.17454, 0.0200997, 0.20583, 0.00720752
0.938967, 21, 1.17952, -0.0441261, 0.134794, 0.00805835
0.938967, 22, 1.1274, -0.0357307, 0.158026, 0.00607004
0.938967, 23, 1.15583, -0.0170178, 0.168813, 0.010641
0.938967, 24, 1.1576, 0.0258288, 0.161966, 0.00590224
0.938967, 25, 1.13404, 0.00442051, 0.201706, 0.00854962
0.938967, 26, 1.16161, 0.0443532, 0.182945, 0.00965582
0.938967, 27, 1.17828, 0.0258319, 0.157331, 0.00533079
0.938967, 28, 1.16218, -0.0220314, 0.197389, 0.00877921
0.938967, 29, 1.13122, -0.0540938, 0.152519, 0.00660093
0.938967, 30, 1.14934, 0.0502498, 0.158437, 0.00930537
0.938967, 31, 1.166, -0.04462, 0.145439, 0.00772355
0.938967, 32, 1.18689, -0.0281906, 0.178599, 0.0135021
0.938967, 33, 1.15981, -0.0398355, 0.260906, 0.00803079
0.958945, 0, 1.16991, -0.00554464, 0.191445, 0.00819878
0.958945, 1, 1.16647, -0.0400718, 0.158117, 0.00800486
0.958945, 2, 1.17551, 0.0586566, 0.0988089, 0.0080707
0.958945, 3, 1.14237, 0.0260659, 0.162372, 0.0102306
0.958945, 4, 1.16468, -0.0291668, 0.177987, 0.00944159
0.958945, 5, 1.12183, -0.0147397, 0.159131, 0.00711282
0.958945, 6, 1.16916, 0.0173763, 0.190057, 0.00515361
0.958945, 7, 1.20124, -0.014652, 0.185128, 0.0110003
0.958945, 8, 1.18885, -0.0448372, 0.189348, 0.00829138
0.958945, 9, 1.15261, -0.0317602, 0.157681, 0.00568052
0.958945, 10, 1.17882, 0.0102482, 0.161663, 0.00968651
0.958945, 11, 1.14368, -0.0226872, 0.159278, 0.00710507
0.958945, 12, 1.19069, -0.00429267, 0.16486, 0.00940573
0.958945, 13, 1.14173, -0.0275376, 0.184861, 0.005336
0.958945, 14, 1.19704, 0.048554, 0.143586, 0.0075014
0.958945, 15, 1.19963, 0.0484677, 0.177244, 0.00843851
0.958945, 16, 1.15001, 0.00506523, 0.171098, 0.0116318
0.958945, 17, 1.16413, 0.0157853, 0.156742, 0.00474262
0.958945, 18, 1.15075, 0.0366487, 0.183877, 0.0072293
0.958945, 19, 1.12485, 0.0137719, 0.161097, 0.00820391
0.958945, 20, 1.19611, 0.0200997, 0.177262, 0.00720752
0.958945, 21, 1.19944, -0.0441261, 0.106225, 0.00805835
0.958945, 22, 1.13454, -0.0368192, 0.157791, 0.00607004
0.958945, 23, 1.16962, -0.0150832, 0.163735, 0.010641
0.958945, 24, 1.16949, 0.0258288, 0.158396, 0.00590224
0.958945, 25, 1.15096, -0.00155332, 0.19202, 0.00854962
0.958945, 26, 1.1817, 0.0443532, 0.154377, 0.00965582
0.958945, 27, 1.18762, 0.0258319, 0.157331, 0.00533079
0.958945, 28, 1.18439, -0.0232915, 0.17802, 0.00877921
0.958945, 29, 1.14592, -0.0630855, 0.135411, 0.00660093
0.958945, 30, 1.17097, 0.0549321, 0.135007, 0.00930537
0.958945, 31, 1.18511, -0.0503604, 0.120393, 0.00772355
0.958945, 32, 1.20495, -0.0296464, 0.165988, 0.0135021
0.958945, 33, 1.18125, -0.0398355, 0.256527, 0.00803079
0.958945, 34, 1.19078, -0.0490983, 0.279707, 0.0101342
0.978923, 0, 1.18002, -0.00482303, 0.184635, 0.00819878
0.978923, 1, 1.17738, -0.0529001, 0.153296, 0.00800486
0.978923, 2, 1.19284, 0.0648113, 0.0703841, 0.0080707
0.978923, 3, 1.14737, 0.0254775, 0.16652, 0.0102306
0.978923, 4, 1.17492, -0.0431225, 0.170554, 0.00944159
0.978923, 5, 1.12567, -0.016466, 0.159112, 0.00711282
0.978923, 6, 1.17717, 0.029113, 0.199232, 0.00515361
0.978923, 7, 1.21612, -0.00790628, 0.180936, 0.0110003
0.978923, 8, 1.18809, -0.0610142, 0.207367, 0.00829138
0.978923, 9, 1.15755, -0.0360435, 0.157584, 0.00568052
0.978923, 10, 1.1865, 0.019061, 0.161698, 0.00968651
0.978923, 11, 1.15068, -0.0218893, 0.159105, 0.00710507
0.978923, 12, 1.20412, 0.00102126, 0.162584, 0.00940573
0.978923, 13, 1.15248, -0.0297063, 0.189942, 0.005336
0.978923, 14, 1.21664, 0.048554, 0.111103, 0.0075014
0.978923, 15, 1.21995, 0.0484677, 0.144761, 0.00843851
0.978923, 16, 1.15949, 0.00203391, 0.173662, 0.0116318
0.978923, 17, 1.16462, 0.0215587, 0.156742, 0.00474262
0.978923, 18, 1.17251, 0.0439887, 0.182516, 0.0072293
0.978923, 19, 1.12672, 0.0143698, 0.16025, 0.00820391
0.978923, 20, 1.2125, 0.0200997, 0.161848, 0.00720752
0.978923, 21, 1.21937, -0.0441261, 0.0737417, 0.00805835
0.978923, 22, 1.14061, -0.0385891, 0.156895, 0.00607004
0.978923, 23, 1.17861, -0.00975369, 0.164236, 0.010641
0.978923, 24, 1.17566, 0.0350537, 0.157902, 0.00590224
0.978923, 25, 1.16612, -0.0133185, 0.196428, 0.00854962
0.978923, 26, 1.20014, 0.0513208, 0.125937, 0.00965582
0.978923, 27, 1.19781, 0.0311226, 0.157331, 0.00533079
0.978923, 28, 1.19543, -0.0204086, 0.181558, 0.00877921
0.978923, 29, 1.16061, -0.0720771, 0.114387, 0.00660093
0.978923, 30, 1.19261, 0.0596145, 0.107661, 0.00930537
0.978923, 31, 1.20422, -0.0561009, 0.0914319, 0.00772355
0.978923, 32, 1.22324, -0.0355274, 0.165587, 0.0135021
0.978923, 33, 1.2027, -0.0398355, 0.248232, 0.00803079
0.978923, 34, 1.2105, -0.0490983, 0.27592, 0.0101342
0.998901, 0, 1.18984, 0.00156244, 0.189362, 0.00819878
0.998901, 1, 1.18821, -0.0657901, 0.144758, 0.00800486
0.998901, 2, 1.21016, 0.070966, 0.038044, 0.0080707
0.998901, 3, 1.15222, 0.0249152, 0.16694, 0.0102306
0.998901, 4, 1.1847, -0.0577264, 0.160365, 0.00944159
0.998901, 5, 1.12853, -0.0177546, 0.159112, 0.00711282
0.998901, 6, 1.18518, 0.0408497, 0.204492, 0.00515361
0.998901, 7, 1.23137, -0.00104472, 0.17346, 0.0110003
0.998901, 8, 1.18732, -0.0771911, 0.22147, 0.00829138
0.998901, 9, 1.16214, -0.0400242, 0.155063, 0.00568052
0.998901, 10, 1.19382, 0.025535, 0.161685, 0.00968651
0.998901, 11, 1.15629, -0.0212259, 0.159105, 0.00710507
0.998901, 12, 1.21538, 0.0048829, 0.161392, 0.00940573
0.998901, 13, 1.16323, -0.031875, 0.191107, 0.005336
0.998901, 14, 1.23624, 0.048554, 0.0747036, 0.0075014
0.998901, 15, 1.24027, 0.0484677, 0.108362, 0.00843851
0.998901, 16, 1.16661, -0.00105984, 0.172967, 0.0116318
0.998901, 17, 1.1632, 0.0264156, 0.156742, 0.00474262
0.998901, 18, 1.19426, 0.0513286, 0.177239, 0.0072293
0.998901, 19, 1.12717, 0.0145157, 0.160203, 0.00820391
0.998901, 20, 1.22168, 0.0200997, 0.165839, 0.00720752
0.998901, 21, 1.2393, -0.0441261, 0.0373426, 0.00805835
0.998901, 22, 1.14617, -0.0410163, 0.153669, 0.00607004
0.998901, 23, 1.18794, -0.00829214, 0.162976, 0.010641
0.998901, 24, 1.17877, 0.0462302, 0.155902, 0.00590224
0.998901, 25, 1.18127, -0.0250837, 0.19692, 0.00854962
0.998901, 26, 1.21864, 0.0583759, 0.0937842, 0.00965582
0.998901, 27, 1.20881, 0.0401404, 0.156666, 0.00533079
0.998901, 28, 1.20353, -0.0162992, 0.183969, 0.00877921
0.998901, 29, 1.17531, -0.0810688, 0.089448, 0.00660093
0.998901, 30, 1.21414, 0.0642852, 0.0762355, 0.00930537
0.998901, 31, 1.22332, -0.0618413, 0.0585552, 0.00772355
0.998901, 32, 1.24071, -0.0412472, 0.16525, 0.0135021
0.998901, 33, 1.22414, -0.0398355, 0.236021, 0.00803079
0.998901, 34, 1.23021, -0.0490983, 0.268218, 0.0101342
0.998901, 35, 1.22552, 0.0279914, 0.225096, 0.00618034
1.01888, 0, 1.19965, 0.00794792, 0.190174, 0.00819878
1.01888, 1, 1.19936, -0.078591, 0.130433, 0.00800486
1.01888, 2, 1.2245, 0.0813815, 0.0155088, 0.0080707
1.01888, 3, 1.15581, 0.0245214, 0.165343, 0.0102306
1.01888, 4, 1.19429, -0.0723846, 0.1474, 0.00944159
1.01888, 5, 1.13063, -0.0186973, 0.159112, 0.00711282
1.01888, 6, 1.1932, 0.0525864, 0.205836, 0.00515361
1.01888, 7, 1.24787, 0.00605416, 0.163749, 0.0110003
1.01888, 8, 1.18655, -0.093368, 0.231658, 0.00829138
1.01888, 9, 1.16672, -0.0440014, 0.148648, 0.00568052
1.01888, 10, 1.20014, 0.0311362, 0.161685, 0.00968651
1.01888, 11, 1.16058, -0.0207167, 0.159105, 0.00710507
1.01888, 12, 1.22258, 0.00665, 0.161757, 0.00940573
1.01888, 13, 1.17398, -0.0340437, 0.188357, 0.005336
1.01888, 14, 1.25584, 0.048554, 0.0343891, 0.0075014
1.01888, 15, 1.26058, 0.0484677, 0.0680472, 0.00843851
1.01888, 16, 1.17012, -0.00424785, 0.169356, 0.0116318
1.01888, 17, 1.16781, 0.0274794, 0.156742, 0.00474262
1.01888, 18, 1.21602, 0.0586685, 0.168047, 0.0072293
1.01888, 19, 1.12717, 0.0145155, 0.160203, 0.00820391
1.01888, 20, 1.23147, 0.0210045, 0.16567, 0.00720752
1.01888, 21, 1.2507, -0.0484812, 0.0312339, 0.00805835
1.01888, 22, 1.1517, -0.0434846, 0.146594, 0.00607004
1.01888, 23, 1.19978, -0.0069157, 0.162657, 0.010641
1.01888, 24, 1.18187, 0.0574067, 0.149986, 0.00590224
1.01888, 25, 1.19642, -0.0368488, 0.193496, 0.00854962
1.01888, 26, 1.23842, 0.0655677, 0.0596378, 0.00965582
1.01888, 27, 1.21971, 0.0490793, 0.152427, 0.00533079
1.01888, 28, 1.21163, -0.0121899, 0.182464, 0.00877921
1.01888, 29, 1.19, -0.0900604, 0.0605937, 0.00660093
1.01888, 30, 1.23425, 0.0688032, 0.0387476, 0.00930537
1.01888, 31, 1.24243, -0.0675818, 0.0217631, 0.00772355
1.01888, 32, 1.25819, -0.0469669, 0.160997, 0.0135021
1.01888, 33, 1.24558, -0.0398355, 0.219896, 0.00803079
1.01888, 34, 1.24992, -0.0490983, 0.256601, 0.0101342
1.01888, 35, 1.24574, 0.0279914, 0.222537, 0.00618034
1.01888, 36, 1.22195, 0.0340283, 0.298566, 0.0059512
1.01888, 37, 1.22641, -0.0478032, 0.269832, 0.0130477
1.03886, 0, 1.20947, 0.0143334, 0.18707, 0.00819878
1.03886, 1, 1.21062, -0.0913612, 0.111551, 0.00800486
1.03886, 2, 1.2346, 0.0976595, 0.00829949, 0.0080707
1.03886, 3, 1.15852, 0.0239014, 0.162581, 0.0102306
1.03886, 4, 1.20381, -0.0870615, 0.130911, 0.00944159
1.03886, 5, 1.13195, -0.0192941, 0.159112, 0.00711282
1.03886, 6, 1.20121, 0.0643231, 0.203265, 0.00515361
1.03886, 7, 1.25885, 0.0111066, 0.166467, 0.0110003
1.03886, 37, 1.24697, -0.0478032, 0.267243, 0.0130477
1.03886, 9, 1.1713, -0.0479786, 0.138319, 0.00568052
1.03886, 10, 1.20548, 0.0358714, 0.161647, 0.00968651
1.03886, 11, 1.16155, -0.0219005, 0.159169, 0.00710507
1.03886, 12, 1.22862, 0.00794332, 0.161405, 0.00940573
1.03886, 13, 1.18473, -0.0362123, 0.181691, 0.005336
1.03886, 14, 1.26358, 0.0536772, 0.0233396, 0.0075014
1.03886, 15, 1.28322, 0.0480945, 0.0305378, 0.00843851
1.03886, 16, 1.17399, -0.00668334, 0.163728, 0.0116318
1.03886, 17, 1.17225, 0.0294652, 0.156742, 0.00474262
1.03886, 18, 1.23777, 0.0660084, 0.154939, 0.0072293
1.03886, 19, 1.12717, 0.0145155, 0.160203, 0.00820391
1.03886, 20, 1.2416, 0.0224226, 0.161447, 0.00720752
1.03886, 21, 1.25827, -0.0547011, 0.0362195, 0.00805835
1.03886, 22, 1.15723, -0.0459529, 0.135603, 0.00607004
1.03886, 23, 1.20915, -0.00557553, 0.162914, 0.010641
1.03886, 24, 1.18497, 0.0685832, 0.140155, 0.00590224
1.03886, 25, 1.21158, -0.048614, 0.186158, 0.00854962
1.03886, 26, 1.26024, 0.071634, 0.0381694, 0.00965582
1.03886, 27, 1.23061, 0.0580181, 0.144273, 0.00533079
1.03886, 28, 1.22054, -0.00833179, 0.179268, 0.00877921
1.03886, 29, 1.20469, -0.0990521, 0.027824, 0.00660093
1.03886, 30, 1.24628, 0.0767791, 0.0220211, 0.00930537
1.03886, 31, 1.25128, -0.0759836, 0.0246786, 0.00772355
1.03886, 32, 1.27566, -0.0526867, 0.15283, 0.0135021
1.03886, 33, 1.26702, -0.0398355, 0.199854, 0.00803079
1.03886, 34, 1.26963, -0.0490983, 0.241069, 0.0101342
1.03886, 35, 1.26597, 0.0279914, 0.216063, 0.00618034
1.03886, 36, 1.24066, 0.0340283, 0.294145, 0.0059512
1.05883, 0, 1.21928, 0.0207189, 0.180051, 0.00819878
1.05883, 1, 1.22188, -0.104131, 0.0887542, 0.00800486
1.05883, 35, 1.28619, 0.0279914, 0.205674, 0.00618034
1.05883, 3, 1.15956, 0.0234473, 0.162279, 0.0102306
1.05883, 4, 1.21333, -0.101738, 0.110507, 0.00944159
1.05883, 5, 1.13251, -0.019545, 0.159112, 0.00711282
1.05883, 6, 1.20922, 0.0760598, 0.196779, 0.00515361
1.05883, 7, 1.26931, 0.0159576, 0.16678, 0.0110003
1.05883, 37, 1.26753, -0.0478032, 0.260738, 0.0130477
1.05883, 9, 1.17589, -0.0519559, 0.124074, 0.00568052
1.05883, 10, 1.21023, 0.0402529, 0.160138, 0.00968651
1.05883, 11, 1.16015, -0.0242315, 0.159105, 0.00710507
1.05883, 12, 1.23356, 0.00899783, 0.161405, 0.00940573
1.05883, 13, 1.19548, -0.038381, 0.17111, 0.005336
1.05883, 14, 1.26602, 0.0602426, 0.0245566, 0.0075014
1.05883, 15, 1.30585, 0.0495714, 0.0298215, 0.00843851
1.05883, 16, 1.17551, -0.00809452, 0.164988, 0.0116318
1.05883, 17, 1.17548, 0.0309113, 0.156742, 0.00474262
1.05883, 18, 1.25953, 0.0733484, 0.137917, 0.0072293
1.05883, 19, 1.1281, 0.0145205, 0.159025, 0.00820391
1.05883, 20, 1.24944, 0.0233468, 0.1595, 0.00720752
1.05883, 21, 1.26584, -0.0609211, 0.0372898, 0.00805835
1.05883, 22, 1.16277, -0.0484212, 0.120697, 0.00607004
1.05883, 23, 1.21457, -0.00433802, 0.162718, 0.010641
1.05883, 24, 1.18807, 0.0797597, 0.126409, 0.00590224
1.05883, 25, 1.22673, -0.0603791, 0.174904, 0.00854962
1.05883, 26, 1.28484, 0.0761607, 0.035423, 0.00965582
1.05883, 27, 1.24151, 0.066957, 0.132203, 0.00533079
1.05883, 28, 1.23198, -0.00524615, 0.17889, 0.00877921
1.05883, 36, 1.25937, 0.0340283, 0.285809, 0.0059512
1.05883, 30, 1.25031, 0.0879912, 0.0260017, 0.00930537
1.05883, 31, 1.25934, -0.0845314, 0.0268079, 0.00772355
1.05883, 32, 1.29313, -0.0584064, 0.140746, 0.0135021
1.05883, 33, 1.28847, -0.0398355, 0.175898, 0.00803079
1.05883, 34, 1.28934, -0.0490983, 0.221621, 0.0101342
1.07881, 0, 1.2291, 0.0271044, 0.169117, 0.00819878
1.07881, 1, 1.23315, -0.116902, 0.062042, 0.00800486
1.07881, 35, 1.30641, 0.0279914, 0.191369, 0.00618034
1.07881, 3, 1.16043, 0.0233358, 0.161612, 0.0102306
1.07881, 4, 1.22285, -0.116415, 0.086187, 0.00944159
1.07881, 5, 1.13387, -0.0195712, 0.156665, 0.00711282
1.07881, 6, 1.21723, 0.0877965, 0.186377, 0.00515361
1.07881, 7, 1.27976, 0.0208087, 0.163177, 0.0110003
1.07881, 37, 1.28808, -0.0478032, 0.250317, 0.0130477
1.07881, 9, 1.18047, -0.0559331, 0.105913, 0.00568052
1.07881, 10, 1.21485, 0.0447065, 0.155332, 0.00968651
1.07881, 11, 1.15945, -0.0254075, 0.159105, 0.00710507
1.07881, 12, 1.23767, 0.00987628, 0.161405, 0.00940573
1.07881, 13, 1.20623, -0.0405497, 0.156613, 0.005336
1.07881, 14, 1.26847, 0.0668081, 0.0218583, 0.0075014
1.07881, 15, 1.327, 0.051786, 0.0324812, 0.00843851
1.07881, 16, 1.17682, -0.00923806, 0.163916, 0.0116318
1.07881, 17, 1.1775, 0.0318177, 0.156742, 0.00474262
1.07881, 18, 1.28129, 0.0806883, 0.116978, 0.0072293
1.07881, 19, 1.12953, 0.0145164, 0.156043, 0.00820391
1.07881, 20, 1.25516, 0.0239274, 0.159207, 0.00720752
1.07881, 21, 1.27341, -0.067141, 0.0344447, 0.00805835
1.07881, 22, 1.1683, -0.0508895, 0.101875, 0.00607004
1.07881, 23, 1.21867, -0.00340281, 0.16264, 0.010641
1.07881, 24, 1.19117, 0.0909362, 0.108747, 0.00590224
1.07881, 25, 1.24189, -0.0721443, 0.159734, 0.00854962
1.07881, 26, 1.30945, 0.0806875, 0.0287612, 0.00965582
1.07881, 27, 1.25241, 0.0758958, 0.116218, 0.00533079
1.07881, 28, 1.24341, -0.00216051, 0.174597, 0.00877921
1.07881, 36, 1.27808, 0.0340283, 0.273557, 0.0059512
1.07881, 30, 1.25434, 0.0992033, 0.0260669, 0.00930537
1.07881, 31, 1.26739, -0.0930793, 0.0250218, 0.00772355
1.07881, 32, 1.3106, -0.0641262, 0.124748, 0.0135021
1.07881, 33, 1.30692, -0.0440777, 0.157367, 0.00803079
1.07881, 34, 1.30906, -0.0490983, 0.198257, 0.0101342
1.09879, 0, 1.23712, 0.0321964, 0.161538, 0.00819878
1.09879, 1, 1.24441, -0.129672, 0.0314143, 0.00800486
1.09879, 35, 1.32664, 0.0279914, 0.173149, 0.00618034
1.09879, 3, 1.16261, 0.0233355, 0.158218, 0.0102306
1.09879, 4, 1.23237, -0.131092, 0.0579518, 0.00944159
1.09879, 5, 1.13414, -0.019568, 0.154197, 0.00711282
1.09879, 6, 1.22525, 0.0995332, 0.17206, 0.00515361
1.09879, 7, 1.28759, 0.0244088, 0.163778, 0.0110003
1.09879, 37, 1.30864, -0.0478032, 0.235981, 0.0130477
1.09879, 9, 1.18505, -0.0599104, 0.0838373, 0.00568052
1.09879, 10, 1.21946, 0.0491602, 0.14661, 0.00968651
1.09879, 11, 1.16013, -0.0256696, 0.157795, 0.00710507
1.09879, 12, 1.24144, 0.0111589, 0.161405, 0.00940573
1.09879, 13, 1.21698, -0.0427184, 0.138202, 0.005336
1.09879, 14, 1.2706, 0.0730462, 0.0181541, 0.0075014
1.09879, 15, 1.34816, 0.0540005, 0.0312255, 0.00843851
1.09879, 16, 1.17921, -0.00943988, 0.161496, 0.0116318
1.09879, 17, 1.17843, 0.0322334, 0.156742, 0.00474262
1.09879, 18, 1.30304, 0.0880282, 0.0921248, 0.0072293
1.09879, 19, 1.12941, 0.0145171, 0.153759, 0.00820391
1.09879, 20, 1.25962, 0.0243806, 0.159207, 0.00720752
1.09879, 21, 1.28098, -0.073361, 0.0276843, 0.00805835
1.09879, 22, 1.17383, -0.0533578, 0.0791384, 0.00607004
1.09879, 23, 1.22186, -0.00267459, 0.16264, 0.010641
1.09879, 24, 1.19427, 0.102113, 0.08717, 0.00590224
1.09879, 25, 1.25704, -0.0839095, 0.140649, 0.00854962
1.09879, 26, 1.33406, 0.0852142, 0.0181841, 0.00965582
1.09879, 27, 1.26331, 0.0848347, 0.0963174, 0.00533079
1.09879, 28, 1.25471, -0.00106954, 0.169549, 0.00877921
1.09879, 36, 1.2968, 0.0340283, 0.25739, 0.0059512
1.09879, 30, 1.25837, 0.110415, 0.0222166, 0.00930537
1.09879, 31, 1.27545, -0.101627, 0.0193203, 0.00772355
1.09879, 32, 1.32807, -0.069846, 0.104834, 0.0135021
1.09879, 33, 1.31968, -0.0562337, 0.152526, 0.00803079
1.09879, 34, 1.32877, -0.0490983, 0.170979, 0.0101342
1.11877, 0, 1.24187, 0.0349417, 0.163053, 0.00819878
1.11877, 38, 1.32157, 0.0440962, 0.206259, 0.00878353
1.11877, 35, 1.34387, 0.0279914, 0.158818, 0.00618034
1.11877, 3, 1.16343, 0.0233367, 0.155466, 0.0102306
1.11877, 4, 1.24189, -0.145769, 0.0258012, 0.00944159
1.11877, 5, 1.13383, -0.0195678, 0.152665, 0.00711282
1.11877, 6, 1.23326, 0.11127, 0.153827, 0.00515361
1.11877, 7, 1.29458, 0.0276215, 0.163105, 0.0110003
1.11877, 37, 1.3292, -0.0478032, 0.21773, 0.0130477
1.11877, 9, 1.18963, -0.0638876, 0.0578461, 0.00568052
1.11877, 10, 1.22408, 0.0536138, 0.133973, 0.00968651
1.11877, 11, 1.16099, -0.025672, 0.155168, 0.00710507
1.11877, 12, 1.24439, 0.0122561, 0.161405, 0.00940573
1.11877, 13, 1.22773, -0.0448871, 0.115874, 0.005336
1.11877, 14, 1.27233, 0.0788254, 0.0144308, 0.0075014
1.11877, 15, 1.36931, 0.056215, 0.0260545, 0.00843851
1.11877, 16, 1.18107, -0.00944225, 0.158202, 0.0116318
1.11877, 17, 1.17861, 0.0323138, 0.156742, 0.00474262
1.11877, 18, 1.3248, 0.0953682, 0.0633558, 0.0072293
1.11877, 19, 1.12822, 0.0145169, 0.152407, 0.00820391
1.11877, 20, 1.26324, 0.0247484, 0.159207, 0.00720752
1.11877, 21, 1.28855, -0.079581, 0.0170084, 0.00805835
1.11877, 22, 1.17937, -0.0558261, 0.0524861, 0.00607004
1.11877, 23, 1.22423, -0.00213391, 0.16264, 0.010641
1.11877, 24, 1.19738, 0.113289, 0.0616776, 0.00590224
1.11877, 25, 1.2722, -0.0956746, 0.117649, 0.00854962
1.11877, 26, 1.35866, 0.089741, 0.00369154, 0.00965582
1.11877, 27, 1.27421, 0.0937735, 0.0725015, 0.00533079
1.11877, 28, 1.26599, -0.000478456, 0.161387, 0.00877921
1.11877, 36, 1.31551, 0.0340283, 0.237307, 0.0059512
1.11877, 30, 1.2624, 0.121627, 0.0144511, 0.00930537
1.11877, 31, 1.28351, -0.110175, 0.00970339, 0.00772355
1.11877, 32, 1.34554, -0.0755657, 0.0810046, 0.0135021
1.11877, 33, 1.33243, -0.0683897, 0.143769, 0.00803079
1.11877, 34, 1.34848, -0.0490983, 0.139785, 0.0101342
1.13875, 0, 1.24661, 0.0376871, 0.160652, 0.00819878
1.13875, 38, 1.33993, 0.0440962, 0.203422, 0.00878353
1.13875, 35, 1.35402, 0.0279914, 0.158649, 0.00618034
1.13875, 3, 1.16304, 0.0233346, 0.153505, 0.0102306
1.13875, 32, 1.36301, -0.0812855, 0.0532599, 0.0135021
1.13875, 5, 1.13187, -0.0195677, 0.152022, 0.00711282
1.13875, 6, 1.24127, 0.123007, 0.131679, 0.00515361
1.13875, 7, 1.30031, 0.0302558, 0.162999, 0.0110003
1.13875, 37, 1.34976, -0.0478032, 0.195564, 0.0130477
1.13875, 9, 1.19421, -0.0678649, 0.0279395, 0.00568052
1.13875, 10, 1.22869, 0.0580675, 0.117421, 0.00968651
1.13875, 11, 1.1606, -0.0256719, 0.153303, 0.00710507
1.13875, 12, 1.24654, 0.0130593, 0.161405, 0.00940573
1.13875, 13, 1.23847, -0.0470558, 0.0896318, 0.005336
1.13875, 14, 1.27406, 0.0846046, 0.00679217, 0.0075014
1.13875, 15, 1.38833, 0.0593308, 0.0231923, 0.00843851
1.13875, 16, 1.18131, -0.00944794, 0.155504, 0.0116318
1.13875, 17, 1.1792, 0.0323139, 0.155239, 0.00474262
1.13875, 18, 1.34655, 0.102708, 0.0306715, 0.0072293
1.13875, 33, 1.34518, -0.0805457, 0.131096, 0.00803079
1.13875, 20, 1.26602, 0.0250309, 0.159207, 0.00720752
1.13875, 21, 1.29612, -0.0858009, 0.00241721, 0.00805835
1.13875, 22, 1.1849, -0.0582945, 0.0219184, 0.00607004
1.13875, 23, 1.22578, -0.0017808, 0.16264, 0.010641
1.13875, 24, 1.20048, 0.124466, 0.0322697, 0.00590224
1.13875, 25, 1.28735, -0.10744, 0.0907335, 0.00854962
1.13875, 34, 1.36819, -0.0490983, 0.104675, 0.0101342
1.13875, 27, 1.28512, 0.102712, 0.0447702, 0.00533079
1.13875, 28, 1.2737, -0.000158658, 0.162497, 0.00877921
1.13875, 36, 1.33422, 0.0340283, 0.21331, 0.0059512
1.13875, 30, 1.26643, 0.13284, 0.00277009, 0.00930537
1.15872, 0, 1.25061, 0.0409157, 0.158115, 0.00819878
1.15872, 38, 1.35971, 0.046553, 0.191787, 0.00878353
1.15872, 35, 1.36273, 0.0279914, 0.15818, 0.00618034
1.15872, 3, 1.16159, 0.0233347, 0.152333, 0.0102306
1.15872, 32, 1.38048, -0.0870052, 0.0215999, 0.0135021
1.15872, 28, 1.2811, 0.000139129, 0.160745, 0.00877921
1.15872, 6, 1.24928, 0.134743, 0.105616, 0.00515361
1.15872, 7, 1.30519, 0.0325028, 0.162999, 0.0110003
1.15872, 37, 1.37031, -0.0478032, 0.169482, 0.0130477
1.15872, 9, 1.19675, -0.0720686, 0.0169534, 0.00568052
1.15872, 10, 1.23331, 0.0625212, 0.0969535, 0.00968651
1.15872, 11, 1.15946, -0.0256719, 0.152264, 0.00710507
1.15872, 12, 1.24791, 0.0135685, 0.161405, 0.00940573
1.15872, 13, 1.24922, -0.0492245, 0.0594738, 0.005336
1.15872, 39, 1.3508, -0.00574068, 0.222558, 0.00751781
1.15872, 15, 1.40559, 0.0631226, 0.0215015, 0.00843851
1.15872, 16, 1.18037, -0.00944692, 0.153541, 0.0116318
1.15872, 17, 1.17923, 0.0323139, 0.153449, 0.00474262
1.15872, 27, 1.29602, 0.111651, 0.0131235, 0.00533079
1.15872, 33, 1.35793, -0.0927017, 0.114509, 0.00803079
1.15872, 20, 1.26796, 0.0252281, 0.159207, 0.00720752
1.15872, 36, 1.34832, 0.0261295, 0.201094, 0.0059512
1.15872, 22, 1.18694, -0.0621665, 0.0207246, 0.00607004
1.15872, 23, 1.22783, -0.00170762, 0.160536, 0.010641
1.15872, 34, 1.38791, -0.0490983, 0.0656504, 0.0101342
1.15872, 25, 1.3025, -0.119205, 0.0599026, 0.00854962
1.1787, 0, 1.25436, 0.0443021, 0.152937, 0.00819878
1.1787, 38, 1.37958, 0.0491361, 0.175982, 0.00878353
1.1787, 35, 1.36991, 0.0279914, 0.15818, 0.00618034
1.1787, 23, 1.2292, -0.00170545, 0.157733, 0.010641
1.1787, 34, 1.40673, -0.0497141, 0.0271707, 0.0101342
1.1787, 28, 1.28669, 0.000374894, 0.160778, 0.00877921
1.1787, 6, 1.25729, 0.14648, 0.0756372, 0.00515361
1.1787, 7, 1.30931, 0.0343974, 0.162999, 0.0110003
1.1787, 37, 1.39033, -0.0502752, 0.140631, 0.0130477
1.1787, 9, 1.19822, -0.0763142, 0.0136485, 0.00568052
1.1787, 10, 1.23793, 0.0669749, 0.0725705, 0.00968651
1.1787, 25, 1.31766, -0.13097, 0.0251562, 0.00854962
1.1787, 12, 1.24849, 0.0137837, 0.161405, 0.00940573
1.1787, 13, 1.25997, -0.0513931, 0.0254005, 0.005336
1.1787, 39, 1.36825, -0.00574068, 0.217791, 0.00751781
1.1787, 15, 1.4214, 0.0672763, 0.0203885, 0.00843851
1.1787, 16, 1.17867, -0.00944916, 0.15238, 0.0116318
1.1787, 17, 1.17854, 0.0323139, 0.152373, 0.00474262
1.1787, 40, 1.40052, 0.0237541, 0.292388, 0.0103566
1.1787, 33, 1.37069, -0.104858, 0.0940057, 0.00803079
1.1787, 20, 1.26906, 0.0253401, 0.159207, 0.00720752
1.1787, 36, 1.36219, 0.0178245, 0.18578, 0.0059512
1.1787, 22, 1.18864, -0.0659852, 0.0182757, 0.00607004
1.19868, 0, 1.25811, 0.0476885, 0.143843, 0.00819878
1.19868, 38, 1.39944, 0.0517193, 0.156262, 0.00878353
1.19868, 35, 1.37604, 0.0279914, 0.15818, 0.00618034
1.19868, 23, 1.22997, -0.00170555, 0.155493, 0.010641
1.19868, 34, 1.41323, -0.0576972, 0.0418914, 0.0101342
1.19868, 28, 1.29122, 0.000565521, 0.160778, 0.00877921
1.19868, 6, 1.26531, 0.158217, 0.0417431, 0.00515361
1.19868, 7, 1.31269, 0.0359589, 0.162957, 0.0110003
1.19868, 37, 1.40972, -0.0556221, 0.109207, 0.0130477
1.19868, 9, 1.19969, -0.0805599, 0.00642824, 0.00568052
1.19868, 10, 1.24254, 0.0714286, 0.0442722, 0.00968651
1.19868, 22, 1.18968, -0.0691803, 0.0174663, 0.00607004
1.19868, 12, 1.25049, 0.0137866, 0.158727, 0.00940573
1.19868, 13, 1.26439, -0.0551128, 0.0202558, 0.005336
1.19868, 39, 1.38571, -0.00574068, 0.209109, 0.00751781
1.19868, 15, 1.4363, 0.0718244, 0.0192419, 0.00843851
1.19868, 36, 1.37606, 0.00951954, 0.166551, 0.0059512
1.19868, 20, 1.26933, 0.0253682, 0.159207, 0.00720752
1.19868, 40, 1.41624, 0.0237541, 0.2874, 0.0103566
1.19868, 33, 1.38344, -0.117014, 0.0695872, 0.00803079
1.21866, 0, 1.26186, 0.0510749, 0.130834, 0.00819878
1.21866, 38, 1.41931, 0.0543024, 0.132627, 0.00878353
1.21866, 35, 1.38133, 0.0279914, 0.15818, 0.00618034
1.21866, 23, 1.2294, -0.00170586, 0.153722, 0.010641
1.21866, 34, 1.41972, -0.0656804, 0.0526967, 0.0101342
1.21866, 28, 1.29491, 0.00072074, 0.160778, 0.00877921
1.21866, 6, 1.27332, 0.169953, 0.00393368, 0.00515361
1.21866, 7, 1.3154, 0.0373967, 0.162735, 0.0110003
1.21866, 37, 1.42911, -0.0609691, 0.0738665, 0.0130477
1.21866, 33, 1.39619, -0.12917, 0.0412534, 0.00803079
1.21866, 10, 1.2467, 0.0778944, 0.0193895, 0.00968651
1.21866, 22, 1.19041, -0.072103, 0.0166939, 0.00607004
1.21866, 12, 1.25137, 0.013785, 0.156368, 0.00940573
1.21866, 13, 1.26717, -0.0588415, 0.0193158, 0.005336
1.21866, 39, 1.40316, -0.00574068, 0.196512, 0.00751781
1.21866, 15, 1.45072, 0.076635, 0.0164259, 0.00843851
1.21866, 36, 1.38488, 0.00330971, 0.158452, 0.0059512
1.21866, 20, 1.26933, 0.0253682, 0.159207, 0.00720752
1.21866, 40, 1.43197, 0.0237541, 0.278496, 0.0103566
1.21866, 41, 1.39955, -0.0164488, 0.260581, 0.00602775
1.23864, 0, 1.26561, 0.0544613, 0.11391, 0.00819878
1.23864, 38, 1.43917, 0.0568855, 0.105076, 0.00878353
1.23864, 35, 1.38577, 0.0279914, 0.15818, 0.00618034
1.23864, 23, 1.22812, -0.00170588, 0.152558, 0.010641
1.23864, 34, 1.41775, -0.0782938, 0.0170992, 0.0101342
1.23864, 28, 1.29776, 0.000840543, 0.160778, 0.00877921
1.23864, 41, 1.41568, -0.0164488, 0.257429, 0.00602775
1.23864, 7, 1.31777, 0.0378442, 0.161687, 0.0110003
1.23864, 37, 1.45246, -0.0641464, 0.0545194, 0.0130477
1.23864, 33, 1.40894, -0.141326, 0.00900417, 0.00803079
1.23864, 10, 1.24895, 0.0922212, 0.0199442, 0.00968651
1.23864, 22, 1.19088, -0.0750691, 0.0143853, 0.00607004
1.23864, 12, 1.25127, 0.0137852, 0.154456, 0.00940573
1.23864, 13, 1.26936, -0.0624042, 0.0184177, 0.005336
1.23864, 39, 1.42062, -0.00574068, 0.179999, 0.00751781
1.23864, 15, 1.46513, 0.0814542, 0.00973194, 0.00843851
1.23864, 36, 1.38982, -0.0010262, 0.157951, 0.0059512
1.23864, 20, 1.27058, 0.0253681, 0.15705, 0.00720752
1.23864, 40, 1.4477, 0.0237541, 0.265677, 0.0103566
1.23864, 42, 1.40749, -0.00027437, 0.210857, 0.00858117
1.25861, 0, 1.26936, 0.0578477, 0.0930707, 0.00819878
1.25861, 38, 1.45903, 0.0594687, 0.07361, 0.00878353
1.25861, 35, 1.38938, 0.0279914, 0.15818, 0.00618034
1.25861, 23, 1.22647, -0.00170619, 0.152036, 0.010641
1.25861, 40, 1.46343, 0.0237541, 0.248942, 0.0103566
1.25861, 28, 1.29982, 0.000893511, 0.159716, 0.00877921
1.25861, 41, 1.43181, -0.0164488, 0.250362, 0.00602775
1.25861, 7, 1.32736, 0.0154108, 0.168459, 0.0110003
1.25861, 37, 1.47599, -0.067227, 0.0321493, 0.0130477
1.25861, 42, 1.42153, -0.00027437, 0.205698, 0.00858117
1.25861, 10, 1.2512, 0.106548, 0.0165835, 0.00968651
1.25861, 22, 1.19131, -0.0780963, 0.00839171, 0.00607004
1.25861, 12, 1.25043, 0.0137851, 0.153079, 0.00940573
1.25861, 13, 1.27107, -0.0657799, 0.0175667, 0.005336
1.25861, 39, 1.43808, -0.00574068, 0.159571, 0.00751781
1.25861, 43, 1.44999, 0.0490918, 0.203116, 0.0132143
1.25861, 36, 1.39362, -0.00434565, 0.157951, 0.0059512
1.25861, 20, 1.27101, 0.0253682, 0.155104, 0.00720752
1.27859, 0, 1.27311, 0.0612341, 0.0683157, 0.00819878
1.27859, 38, 1.4789, 0.0620518, 0.0382285, 0.00878353
1.27859, 35, 1.39213, 0.0279914, 0.15818, 0.00618034
1.27859, 20, 1.2707, 0.0253682, 0.153604, 0.00720752
1.27859, 40, 1.47916, 0.0237541, 0.228293, 0.0103566
1.27859, 28, 1.30099, 0.000893299, 0.157447, 0.00877921
1.27859, 41, 1.44795, -0.0164488, 0.23938, 0.00602775
1.27859, 7, 1.34561, -0.010748, 0.163324, 0.0110003
1.27859, 37, 1.49426, -0.0722527, 0.0318815, 0.0130477
1.27859, 42, 1.43558, -0.00027437, 0.196624, 0.00858117
1.27859, 10, 1.25345, 0.120875, 0.00930739, 0.00968651
1.27859, 36, 1.39672, -0.00706069, 0.157951, 0.0059512
1.27859, 12, 1.24912, 0.0137852, 0.15227, 0.00940573
1.27859, 13, 1.27244, -0.0690785, 0.0167351, 0.005336
1.27859, 39, 1.44619, -0.00574068, 0.162924, 0.00751781
1.27859, 43, 1.46347, 0.0490918, 0.199541, 0.0132143
1.29857, 0, 1.27686, 0.0646205, 0.0396454, 0.00819878
1.29857, 38, 1.49186, 0.0672893, 0.0269228, 0.00878353
1.29857, 35, 1.39405, 0.0279914, 0.15818, 0.00618034
1.29857, 20, 1.26985, 0.0253682, 0.152595, 0.00720752
1.29857, 40, 1.49489, 0.0237541, 0.203727, 0.0103566
1.29857, 28, 1.3013, 0.000893052, 0.155507, 0.00877921
1.29857, 41, 1.46408, -0.0164488, 0.224481, 0.00602775
1.29857, 7, 1.36164, -0.0337394, 0.164887, 0.0110003
1.29857, 37, 1.50993, -0.0782006, 0.0399427, 0.0130477
1.29857, 42, 1.44962, -0.00027437, 0.183635, 0.00858117
1.29857, 39, 1.45417, -0.00574068, 0.16264, 0.00751781
1.29857, 36, 1.3992, -0.0092207, 0.157951, 0.0059512
1.29857, 43, 1.47694, 0.0490918, 0.192051, 0.0132143
1.29857, 13, 1.27354, -0.0722987, 0.0158154, 0.005336
1.31855, 0, 1.27965, 0.0689056, 0.0227083, 0.00819878
1.31855, 38, 1.49925, 0.0745954, 0.0339368, 0.00878353
1.31855, 35, 1.39512, 0.0279914, 0.15818, 0.00618034
1.31855, 20, 1.26871, 0.0253682, 0.152092, 0.00720752
1.31855, 40, 1.51062, 0.0237541, 0.175247, 0.0103566
1.31855, 28, 1.30091, 0.00089307, 0.153956, 0.00877921
1.31855, 41, 1.48022, -0.0164488, 0.205668, 0.00602775
1.31855, 7, 1.37768, -0.0567308, 0.162535, 0.0110003
1.31855, 37, 1.52561, -0.0841484, 0.0440886, 0.0130477
1.31855, 42, 1.46271, 0.00154242, 0.17376, 0.00858117
1.31855, 39, 1.46071, -0.00670814, 0.159849, 0.00751781
1.31855, 36, 1.40103, -0.0108257, 0.157951, 0.0059512
1.31855, 43, 1.49042, 0.0490918, 0.180645, 0.0132143
1.31855, 13, 1.27456, -0.0755266, 0.0124924, 0.005336
1.33853, 0, 1.28084, 0.0745122, 0.0271865, 0.00819878
1.33853, 38, 1.50664, 0.0819016, 0.0370354, 0.00878353
1.33853, 35, 1.39537, 0.0279914, 0.15818, 0.00618034
1.33853, 13, 1.27558, -0.0787523, 0.00526922, 0.005336
1.33853, 40, 1.52043, 0.0237541, 0.169279, 0.0103566
1.33853, 28, 1.3, 0.000893096, 0.152841, 0.00877921
1.33853, 41, 1.49635, -0.0164488, 0.182939, 0.00602775
1.33853, 7, 1.39372, -0.0797222, 0.156267, 0.0110003
1.33853, 37, 1.54129, -0.0900963, 0.0443191, 0.0130477
1.33853, 42, 1.4746, 0.00583241, 0.169358, 0.00858117
1.33853, 39, 1.46412, -0.00783616, 0.159517, 0.00751781
1.33853, 36, 1.40223, -0.0118756, 0.157951, 0.0059512
1.33853, 43, 1.5039, 0.0490918, 0.165324, 0.0132143
1.35851, 0, 1.28203, 0.0801189, 0.0277493, 0.00819878
1.35851, 38, 1.51403, 0.0892077, 0.0362186, 0.00878353
1.35851, 35, 1.39537, 0.0279914, 0.15818, 0.00618034
1.35851, 43, 1.51738, 0.0490918, 0.146088, 0.0132143
1.35851, 40, 1.52566, 0.0237541, 0.179391, 0.0103566
1.35851, 28, 1.29875, 0.000893081, 0.152193, 0.00877921
1.35851, 41, 1.51197, -0.0164488, 0.158113, 0.00602775
1.35851, 7, 1.40975, -0.102714, 0.146083, 0.0110003
1.35851, 37, 1.55697, -0.0960441, 0.0406343, 0.0130477
1.35851, 42, 1.48648, 0.0101224, 0.161041, 0.00858117
1.35851, 39, 1.46617, -0.00851156, 0.159517, 0.00751781
1.35851, 36, 1.4028, -0.0123705, 0.157951, 0.0059512
1.35851, 44, 1.49938, -0.0254189, 0.272446, 0.00611989
1.37848, 0, 1.28323, 0.0857256, 0.0243968, 0.00819878
1.37848, 38, 1.52143, 0.0965139, 0.0314864, 0.00878353
1.37848, 35, 1.39537, 0.0279914, 0.15818, 0.00618034
1.37848, 43, 1.53086, 0.0490918, 0.122936, 0.0132143
1.37848, 40, 1.53089, 0.0237541, 0.185587, 0.0103566
1.37848, 45, 1.5389, -0.00655514, 0.260977, 0.0098337
1.37848, 41, 1.51821, -0.0164488, 0.158866, 0.00602775
1.37848, 7, 1.42579, -0.125705, 0.131985, 0.0110003
1.37848, 37, 1.57265, -0.101992, 0.033034, 0.0130477
1.37848, 42, 1.49391, 0.0133032, 0.161979, 0.00858117
1.37848, 39, 1.46739, -0.00891487, 0.159517, 0.00751781
1.37848, 36, 1.40285, -0.012413, 0.157951, 0.0059512
1.37848, 44, 1.51273, -0.0254189, 0.269371, 0.00611989
1.39846, 0, 1.28442, 0.0913323, 0.0171288, 0.00819878
1.39846, 38, 1.52882, 0.10382, 0.0228388, 0.00878353
1.39846, 35, 1.39537, 0.0279914, 0.15818, 0.00618034
1.39846, 43, 1.54434, 0.0490918, 0.0958689, 0.0132143
1.39846, 40, 1.53612, 0.0237541, 0.187869, 0.0103566
1.39846, 45, 1.55112, -0.00655514, 0.255983, 0.0098337
1.39846, 41, 1.52354, -0.0164488, 0.158027, 0.00602775
1.39846, 7, 1.44183, -0.148696, 0.113971, 0.0110003
1.39846, 37, 1.58832, -0.10794, 0.0215184, 0.0130477
1.39846, 42, 1.50077, 0.0162725, 0.160703, 0.00858117
1.39846, 39, 1.46782, -0.00905455, 0.159517, 0.00751781
1.39846, 36, 1.40285, -0.012413, 0.157951, 0.0059512
1.39846, 44, 1.52609, -0.0254189, 0.262381, 0.00611989
1.41844, 0, 1.28561, 0.096939, 0.00594551, 0.00819878
1.41844, 38, 1.53621, 0.111126, 0.0102759, 0.00878353
1.41844, 35, 1.39537, 0.0279914, 0.15818, 0.00618034
1.41844, 43, 1.55782, 0.0490918, 0.0648863, 0.0132143
1.41844, 40, 1.54135, 0.0237541, 0.186235, 0.0103566
1.41844, 45, 1.56335, -0.00655514, 0.247075, 0.0098337
1.41844, 41, 1.52732, -0.0164488, 0.158027, 0.00602775
1.41844, 7, 1.45786, -0.171688, 0.0920413, 0.0110003
1.41844, 37, 1.604, -0.113888, 0.00608737, 0.0130477
1.41844, 42, 1.50602, 0.0185124, 0.16058, 0.00858117
1.41844, 39, 1.46782, -0.00905452, 0.159517, 0.00751781
1.41844, 36, 1.40285, -0.012413, 0.157951, 0.0059512
1.41844, 44, 1.53944, -0.0254189, 0.251476, 0.00611989
1.41844, 46, 1.54882, 0.0214203, 0.295774, 0.0078877
1.43842, 44, 1.5528, -0.0254189, 0.236655, 0.00611989
1.43842, 47, 1.58155, 0.0421104, 0.277246, 0.00908589
1.43842, 35, 1.39626, 0.0279914, 0.156447, 0.00618034
1.43842, 43, 1.5713, 0.0490918, 0.0299884, 0.0132143
1.43842, 40, 1.54658, 0.0237541, 0.180685, 0.0103566
1.43842, 45, 1.57557, -0.00655514, 0.23425, 0.0098337
1.43842, 41, 1.53025, -0.0164488, 0.158027, 0.00602775
1.43842, 7, 1.4739, -0.194679, 0.0661965, 0.0110003
1.43842, 46, 1.56007, 0.0214203, 0.291224, 0.0078877
1.43842, 42, 1.51035, 0.0203607, 0.16058, 0.00858117
1.43842, 39, 1.46782, -0.00905452, 0.159517, 0.00751781
1.43842, 36, 1.40306, -0.0124128, 0.15754, 0.0059512
1.4584, 44, 1.56615, -0.0254189, 0.217919, 0.00611989
1.4584, 47, 1.59346, 0.0421104, 0.273053, 0.00908589
1.4584, 35, 1.39661, 0.0279914, 0.154849, 0.00618034
1.4584, 43, 1.57549, 0.0564253, 0.0457514, 0.0132143
1.4584, 40, 1.55181, 0.0237541, 0.17122, 0.0103566
1.4584, 45, 1.58779, -0.00655514, 0.217511, 0.0098337
1.4584, 41, 1.53233, -0.0164488, 0.158027, 0.00602775
1.4584, 7, 1.48994, -0.217671, 0.0364364, 0.0110003
1.4584, 46, 1.57133, 0.0214203, 0.282759, 0.0078877
1.4584, 42, 1.51391, 0.0218781, 0.16058, 0.00858117
1.4584, 39, 1.46782, -0.00905452, 0.159517, 0.00751781
1.4584, 36, 1.40368, -0.012413, 0.15575, 0.0059512
1.47837, 44, 1.5795, -0.0254189, 0.195268, 0.00611989
1.47837, 47, 1.60537, 0.0421104, 0.264943, 0.00908589
1.47837, 35, 1.39639, 0.0279914, 0.153573, 0.00618034
1.47837, 43, 1.57929, 0.0639666, 0.059488, 0.0132143
1.47837, 40, 1.55602, 0.0237541, 0.163778, 0.0103566
1.47837, 45, 1.60001, -0.00655514, 0.196856, 0.0098337
1.47837, 41, 1.53358, -0.0164488, 0.158027, 0.00602775
1.47837, 7, 1.50597, -0.240662, 0.00276084, 0.0110003
1.47837, 46, 1.58258, 0.0214203, 0.270378, 0.0078877
1.47837, 42, 1.51669, 0.0230646, 0.16058, 0.00858117
1.47837, 39, 1.46782, -0.00905452, 0.159517, 0.00751781
1.47837, 36, 1.40368, -0.012413, 0.154263, 0.0059512
1.47837, 48, 1.56373, -0.0392847, 0.28256, 0.00635598
1.47837, 49, 1.58288, 0.0271513, 0.29229, 0.00714678
1.49835, 44, 1.59286, -0.0254189, 0.168701, 0.00611989
1.49835, 47, 1.61727, 0.0421104, 0.252918, 0.00908589
1.49835, 35, 1.39575, 0.0279914, 0.152664, 0.00618034
1.49835, 43, 1.58309, 0.0715079, 0.0693093, 0.0132143
1.49835, 40, 1.55759, 0.0237541, 0.167089, 0.0103566
1.49835, 45, 1.61223, -0.00655514, 0.172285, 0.0098337
1.49835, 41, 1.53398, -0.0164488, 0.158027, 0.00602775
1.49835, 49, 1.59474, 0.0271513, 0.289024, 0.00714678
1.49835, 46, 1.59384, 0.0214203, 0.254082, 0.0078877
1.49835, 42, 1.51869, 0.0239201, 0.16058, 0.00858117
1.49835, 39, 1.46782, -0.00905452, 0.159517, 0.00751781
1.49835, 36, 1.40364, -0.012413, 0.153174, 0.0059512
1.49835, 48, 1.57486, -0.0392847, 0.277061, 0.00635598
1.49835, 50, 1.62254, 0.0255135, 0.295267, 0.00538575
1.49835, 51, 1.61087, -0.0014395, 0.264641, 0.00772421
1.51833, 44, 1.60067, -0.0254189, 0.159481, 0.00611989
1.51833, 47, 1.62918, 0.0421104, 0.236978, 0.00908589
1.51833, 35, 1.39484, 0.0279914, 0.152147, 0.00618034
1.51833, 43, 1.58689, 0.0790492, 0.0752152, 0.0132143
1.51833, 40, 1.55917, 0.0237541, 0.166485, 0.0103566
1.51833, 45, 1.61938, -0.00655514, 0.167625, 0.0098337
1.51833, 41, 1.53398, -0.0164488, 0.158027, 0.00602775
1.51833, 49, 1.6066, 0.0271513, 0.281843, 0.00714678
1.51833, 46, 1.6051, 0.0214203, 0.233871, 0.0078877
1.51833, 42, 1.51992, 0.0244447, 0.16058, 0.00858117
1.51833, 39, 1.46782, -0.00905452, 0.159517, 0.00751781
1.51833, 36, 1.40292, -0.012413, 0.152418, 0.0059512
1.51833, 48, 1.58599, -0.0392847, 0.267646, 0.00635598
1.51833, 50, 1.63484, 0.0255135, 0.291264, 0.00538575
1.51833, 51, 1.62355, -0.0014395, 0.261995, 0.00772421
1.51833, 52, 1.58747, -0.00496973, 0.299206, 0.00846174
1.53831, 44, 1.60522, -0.0254189, 0.158575, 0.00611989
1.53831, 47, 1.64109, 0.0421104, 0.217123, 0.00908589
1.53831, 52, 1.59813, -0.00496973, 0.296657, 0.00846174
1.53831, 43, 1.59069, 0.0865905, 0.0772056, 0.0132143
1.53831, 40, 1.5607, 0.0237541, 0.162361, 0.0103566
1.53831, 45, 1.62307, -0.00655514, 0.174876, 0.0098337
1.53831, 41, 1.53398, -0.0164488, 0.158027, 0.00602775
1.53831, 49, 1.61846, 0.0271513, 0.270747, 0.00714678
1.53831, 46, 1.61635, 0.0214203, 0.209744, 0.0078877
1.53831, 42, 1.52038, 0.0246384, 0.16058, 0.00858117
1.53831, 39, 1.4684, -0.00905584, 0.158541, 0.00751781
1.53831, 36, 1.40198, -0.012413, 0.152045, 0.0059512
1.53831, 48, 1.59712, -0.0392847, 0.254317, 0.00635598
1.53831, 50, 1.64714, 0.0255135, 0.283345, 0.00538575
1.53831, 51, 1.63623, -0.0014395, 0.255433, 0.00772421
1.55829, 44, 1.60812, -0.0254189, 0.15812, 0.00611989
1.55829, 47, 1.653, 0.0421104, 0.193352, 0.00908589
1.55829, 52, 1.6088, -0.00496973, 0.290194, 0.00846174
1.55829, 43, 1.59449, 0.0941319, 0.0752807, 0.0132143
1.55829, 40, 1.56107, 0.0237541, 0.163147, 0.0103566
1.55829, 45, 1.62677, -0.00655514, 0.178211, 0.0098337
1.55829, 41, 1.53398, -0.0164488, 0.158027, 0.00602775
1.55829, 49, 1.63032, 0.0271513, 0.255736, 0.00714678
1.55829, 46, 1.62761, 0.0214203, 0.181702, 0.0078877
1.55829, 42, 1.52038, 0.0246393, 0.16058, 0.00858117
1.55829, 39, 1.4691, -0.00905533, 0.15673, 0.00751781
1.55829, 53, 1.63387, 0.0260148, 0.283705, 0.00471378
1.55829, 48, 1.60824, -0.0392847, 0.237071, 0.00635598
1.55829, 50, 1.65944, 0.0255135, 0.271511, 0.00538575
1.55829, 51, 1.64891, -0.0014395, 0.244956, 0.00772421
1.55829, 54, 1.65076, 0.0223647, 0.20877, 0.00793841
1.57826, 44, 1.60982, -0.0254189, 0.15812, 0.00611989
1.57826, 47, 1.66491, 0.0421104, 0.165666, 0.00908589
1.57826, 52, 1.61947, -0.00496973, 0.279814, 0.00846174
1.57826, 43, 1.59829, 0.101673, 0.0694405, 0.0132143
1.57826, 40, 1.56126, 0.0237541, 0.162398, 0.0103566
1.57826, 45, 1.63047, -0.00655514, 0.177632, 0.0098337
1.57826, 41, 1.53398, -0.0164488, 0.158027, 0.00602775
1.57826, 49, 1.64218, 0.0271513, 0.236809, 0.00714678
1.57826, 46, 1.63653, 0.0214203, 0.162083, 0.0078877
1.57826, 42, 1.52038, 0.0246393, 0.16058, 0.00858117
1.57826, 39, 1.46959, -0.00905544, 0.155217, 0.00751781
1.57826, 53, 1.64594, 0.0260148, 0.278598, 0.00471378
1.57826, 48, 1.61937, -0.0392847, 0.215911, 0.00635598
1.57826, 50, 1.67174, 0.0255135, 0.255762, 0.00538575
1.57826, 51, 1.66159, -0.0014395, 0.230563, 0.00772421
1.57826, 54, 1.66234, 0.0223647, 0.204571, 0.00793841
1.57826, 55, 1.63936, -0.0270486, 0.219182, 0.00668295
1.59824, 44, 1.61067, -0.0254189, 0.15812, 0.00611989
1.59824, 47, 1.6739, 0.0527543, 0.149476, 0.00908589
1.59824, 52, 1.63013, -0.00496973, 0.26552, 0.00846174
1.59824, 43, 1.60209, 0.109214, 0.0596848, 0.0132143
1.59824, 40, 1.56126, 0.0237541, 0.162355, 0.0103566
1.59824, 45, 1.63417, -0.00655514, 0.173136, 0.0098337
1.59824, 41, 1.53398, -0.0164488, 0.158027, 0.00602775
1.59824, 49, 1.65404, 0.0271513, 0.213967, 0.00714678
1.59824, 46, 1.63974, 0.0214203, 0.167934, 0.0078877
1.59824, 42, 1.52038, 0.0246393, 0.16058, 0.00858117
1.59824, 39, 1.46937, -0.00905545, 0.153945, 0.00751781
1.59824, 53, 1.65802, 0.0260148, 0.269576, 0.00471378
1.59824, 48, 1.6305, -0.0392847, 0.190835, 0.00635598
1.59824, 50, 1.68404, 0.0255135, 0.236097, 0.00538575
1.59824, 51, 1.67427, -0.0014395, 0.212255, 0.00772421
1.59824, 54, 1.67392, 0.0223647, 0.196456, 0.00793841
1.59824, 55, 1.65014, -0.0270486, 0.215422, 0.00668295
1.59824, 56, 1.65489, 0.016972, 0.291782, 0.00850789
1.61822, 44, 1.61078, -0.0254189, 0.15812, 0.00611989
1.61822, 47, 1.68173, 0.06748, 0.135341, 0.00908589
1.61822, 52, 1.6408, -0.00496973, 0.24731, 0.00846174
1.61822, 43, 1.60589, 0.116756, 0.0460138, 0.0132143
1.61822, 40, 1.56126, 0.0237541, 0.162355, 0.0103566
1.61822, 45, 1.63787, -0.00655514, 0.164726, 0.0098337
1.61822, 41, 1.53398, -0.0164488, 0.158027, 0.00602775
1.61822, 49, 1.6659, 0.0271513, 0.187209, 0.00714678
1.61822, 46, 1.64295, 0.0214203, 0.169869, 0.0078877
1.61822, 42, 1.5208, 0.024631, 0.159998, 0.00858117
1.61822, 39, 1.46874, -0.00905543, 0.152974, 0.00751781
1.61822, 53, 1.67009, 0.0260148, 0.256638, 0.00471378
1.61822, 48, 1.64163, -0.0392847, 0.161844, 0.00635598
1.61822, 50, 1.69634, 0.0255135, 0.212517, 0.00538575
1.61822, 51, 1.68695, -0.0014395, 0.190032, 0.00772421
1.61822, 54, 1.6855, 0.0223647, 0.184426, 0.00793841
1.61822, 55, 1.66093, -0.0270486, 0.207746, 0.00668295
1.61822, 56, 1.66663, 0.016972, 0.286706, 0.00850789
1.61822, 57, 1.66609, -0.044343, 0.268957, 0.00967408
1.6382, 44, 1.61078, -0.0254189, 0.15812, 0.00611989
1.6382, 47, 1.68957, 0.0822058, 0.11729, 0.00908589
1.6382, 52, 1.65147, -0.00496973, 0.225185, 0.00846174
1.6382, 43, 1.60969, 0.124297, 0.0284274, 0.0132143
1.6382, 40, 1.56126, 0.0237541, 0.162355, 0.0103566
1.6382, 45, 1.63968, -0.00655514, 0.164083, 0.0098337
1.6382, 41, 1.53398, -0.0164488, 0.158027, 0.00602775
1.6382, 49, 1.67718, 0.0271513, 0.159419, 0.00714678
1.6382, 46, 1.64616, 0.0214203, 0.167889, 0.0078877
1.6382, 42, 1.52181, 0.0246382, 0.158169, 0.00858117
1.6382, 39, 1.46783, -0.00905543, 0.152334, 0.00751781
1.6382, 53, 1.68217, 0.0260148, 0.239785, 0.00471378
1.6382, 48, 1.64868, -0.048019, 0.149837, 0.00635598
1.6382, 50, 1.70864, 0.0255135, 0.185022, 0.00538575
1.6382, 51, 1.69963, -0.0014395, 0.163893, 0.00772421
1.6382, 54, 1.69708, 0.0223647, 0.168481, 0.00793841
1.6382, 55, 1.67172, -0.0270486, 0.196154, 0.00668295
1.6382, 56, 1.67838, 0.016972, 0.277714, 0.00850789
1.6382, 57, 1.67616, -0.044343, 0.265325, 0.00967408
1.65818, 44, 1.61078, -0.0254189, 0.15812, 0.00611989
1.65818, 47, 1.69741, 0.0969315, 0.0953235, 0.00908589
1.65818, 52, 1.66213, -0.00496973, 0.199144, 0.00846174
1.65818, 43, 1.61349, 0.131838, 0.00692561, 0.0132143
1.65818, 40, 1.56126, 0.0237541, 0.162355, 0.0103566
1.65818, 45, 1.64072, -0.00655514, 0.164109, 0.0098337
1.65818, 41, 1.53398, -0.0164488, 0.158027, 0.00602775
1.65818, 49, 1.68063, 0.0271513, 0.163514, 0.00714678
1.65818, 46, 1.64936, 0.0214203, 0.161994, 0.0078877
1.65818, 42, 1.52226, 0.0246378, 0.156518, 0.00858117
1.65818, 39, 1.46676, -0.00905543, 0.152037, 0.00751781
1.65818, 53, 1.69424, 0.0260148, 0.219017, 0.00471378
1.65818, 48, 1.65488, -0.0584762, 0.138171, 0.00635598
1.65818, 50, 1.72001, 0.0255135, 0.15748, 0.00538575
1.65818, 51, 1.70524, -0.0014395, 0.164504, 0.00772421
1.65818, 54, 1.70492, 0.0223647, 0.162224, 0.00793841
1.65818, 55, 1.68251, -0.0270486, 0.180647, 0.00668295
1.65818, 56, 1.69012, 0.016972, 0.264807, 0.00850789
1.65818, 57, 1.68624, -0.044343, 0.257778, 0.00967408
1.65818, 58, 1.69743, -0.0364273, 0.279211, 0.0102374
1.67815, 44, 1.61078, -0.0254189, 0.15812, 0.00611989
1.67815, 47, 1.70525, 0.111657, 0.0694418, 0.00908589
1.67815, 52, 1.6728, -0.00496973, 0.169188, 0.00846174
1.67815, 57, 1.69631, -0.044343, 0.246316, 0.00967408
1.67815, 40, 1.5616, 0.0237541, 0.161925, 0.0103566
1.67815, 45, 1.64153, -0.00655514, 0.162185, 0.0098337
1.67815, 41, 1.53458, -0.0164488, 0.156812, 0.00602775
1.67815, 49, 1.68408, 0.0271513, 0.163693, 0.00714678
1.67815, 46, 1.65097, 0.0214203, 0.160597, 0.0078877
1.67815, 42, 1.52224, 0.0246378, 0.155089, 0.00858117
1.67815, 58, 1.70712, -0.0364273, 0.275626, 0.0102374
1.67815, 53, 1.70632, 0.0260148, 0.194333, 0.00471378
1.67815, 48, 1.66108, -0.0689333, 0.122591, 0.00635598
1.67815, 50, 1.72314, 0.0255135, 0.157386, 0.00538575
1.67815, 51, 1.7095, -0.0014395, 0.166831, 0.00772421
1.67815, 54, 1.70946, 0.0223647, 0.16381, 0.00793841
1.67815, 55, 1.6933, -0.0270486, 0.161225, 0.00668295
1.67815, 56, 1.70186, 0.016972, 0.247985, 0.00850789
1.69813, 44, 1.61078, -0.0254189, 0.15812, 0.00611989
1.69813, 47, 1.71309, 0.126383, 0.0396447, 0.00908589
1.69813, 52, 1.67799, -0.00496973, 0.166683, 0.00846174
1.69813, 57, 1.70639, -0.044343, 0.230938, 0.00967408
1.69813, 40, 1.56288, 0.0237541, 0.160057, 0.0103566
1.69813, 45, 1.64172, -0.00655514, 0.161899, 0.0098337
1.69813, 41, 1.53494, -0.0164488, 0.15544, 0.00602775
1.69813, 49, 1.68753, 0.0271513, 0.159957, 0.00714678
1.69813, 46, 1.65164, 0.0214203, 0.159887, 0.0078877
1.69813, 42, 1.5218, 0.0246378, 0.153921, 0.00858117
1.69813, 58, 1.71681, -0.0364273, 0.268125, 0.0102374
1.69813, 53, 1.7187, 0.0276922, 0.175034, 0.00471378
1.69813, 48, 1.66728, -0.0793904, 0.103095, 0.00635598
1.69813, 50, 1.72643, 0.0257393, 0.157386, 0.00538575
1.69813, 51, 1.71376, -0.0014395, 0.165241, 0.00772421
1.69813, 54, 1.71314, 0.0218982, 0.160505, 0.00793841
1.69813, 55, 1.69809, -0.0270486, 0.160462, 0.00668295
1.69813, 56, 1.7136, 0.016972, 0.227248, 0.00850789
1.69813, 59, 1.71595, 0.0045839, 0.294223, 0.0107767
1.71811, 44, 1.61078, -0.0254189, 0.15812, 0.00611989
1.71811, 47, 1.72093, 0.141109, 0.00593218, 0.00908589
1.71811, 52, 1.68099, -0.00496973, 0.172446, 0.00846174
1.71811, 57, 1.71646, -0.044343, 0.211645, 0.00967408
1.71811, 40, 1.5638, 0.0237541, 0.158432, 0.0103566
1.71811, 45, 1.64172, -0.00655514, 0.161833, 0.0098337
1.71811, 41, 1.53567, -0.0164488, 0.154327, 0.00602775
1.71811, 49, 1.68914, 0.0271513, 0.159149, 0.00714678
1.71811, 46, 1.65165, 0.0214203, 0.159887, 0.0078877
1.71811, 42, 1.52105, 0.0246378, 0.153041, 0.00858117
1.71811, 58, 1.7265, -0.0364273, 0.256709, 0.0102374
1.71811, 53, 1.73185, 0.0336178, 0.175471, 0.00471378
1.71811, 48, 1.67348, -0.0898475, 0.0796834, 0.00635598
1.71811, 50, 1.7323, 0.0264962, 0.157386, 0.00538575
1.71811, 51, 1.71802, -0.0014395, 0.159737, 0.00772421
1.71811, 54, 1.71336, 0.021407, 0.160171, 0.00793841
1.71811, 55, 1.70201, -0.0270486, 0.158938, 0.00668295
1.71811, 56, 1.72534, 0.016972, 0.202595, 0.00850789
1.71811, 59, 1.72512, 0.0045839, 0.292145, 0.0107767
1.73809, 44, 1.61078, -0.0254189, 0.15812, 0.00611989
1.73809, 59, 1.73429, 0.0045839, 0.28615, 0.0107767
1.73809, 52, 1.68398, -0.00496973, 0.174293, 0.00846174
1.73809, 57, 1.72654, -0.044343, 0.188436, 0.00967408
1.73809, 40, 1.56414, 0.0237541, 0.156968, 0.0103566
1.73809, 45, 1.64172, -0.00655514, 0.161833, 0.0098337
1.73809, 41, 1.53523, -0.0164488, 0.153448, 0.00602775
1.73809, 49, 1.68938, 0.0271513, 0.159146, 0.00714678
1.73809, 46, 1.65165, 0.0214203, 0.159887, 0.0078877
1.73809, 42, 1.52011, 0.0246378, 0.152446, 0.00858117
1.73809, 58, 1.73618, -0.0364273, 0.241378, 0.0102374
1.73809, 53, 1.74501, 0.0395433, 0.171992, 0.00471378
1.73809, 48, 1.67968, -0.100305, 0.0523566, 0.00635598
1.73809, 50, 1.73686, 0.0270841, 0.157386, 0.00538575
1.73809, 51, 1.71978, -0.0014395, 0.159791, 0.00772421
1.73809, 54, 1.71338, 0.0213285, 0.159938, 0.00793841
1.73809, 55, 1.70404, -0.0270486, 0.158683, 0.00668295
1.73809, 56, 1.73708, 0.016972, 0.174026, 0.00850789
1.75807, 44, 1.61078, -0.0254189, 0.15812, 0.00611989
1.75807, 59, 1.74346, 0.0045839, 0.276241, 0.0107767
1.75807, 52, 1.68698, -0.00496973, 0.172226, 0.00846174
1.75807, 57, 1.73662, -0.044343, 0.161312, 0.00967408
1.75807, 40, 1.56409, 0.0237541, 0.155701, 0.0103566
1.75807, 45, 1.64172, -0.00655514, 0.161833, 0.0098337
1.75807, 41, 1.53456, -0.0164488, 0.152793, 0.00602775
1.75807, 49, 1.68938, 0.0271513, 0.159146, 0.00714678
1.75807, 46, 1.65165, 0.0214203, 0.159887, 0.0078877
1.75807, 42, 1.51907, 0.0246378, 0.152114, 0.00858117
1.75807, 58, 1.74582, -0.0363923, 0.222176, 0.0102374
1.75807, 53, 1.75816, 0.0454689, 0.164598, 0.00471378
1.75807, 48, 1.68589, -0.110762, 0.0211145, 0.00635598
1.75807, 50, 1.73816, 0.0330976, 0.157386, 0.00538575
1.75807, 51, 1.72032, -0.0014395, 0.159724, 0.00772421
1.75807, 54, 1.71338, 0.0213285, 0.159938, 0.00793841
1.75807, 55, 1.705, -0.0270486, 0.158683, 0.00668295
1.75807, 56, 1.74849, 0.0092619, 0.161114, 0.00850789
1.75807, 60, 1.75883, -0.0452851, 0.222511, 0.00517757
1.77804, 44, 1.61078, -0.0254189, 0.15812, 0.00611989
1.77804, 59, 1.75262, 0.0045839, 0.262416, 0.0107767
1.77804, 52, 1.68997, -0.00496973, 0.166242, 0.00846174
1.77804, 57, 1.74592, -0.0498246, 0.13384, 0.00967408
1.77804, 40, 1.56372, 0.0237541, 0.154632, 0.0103566
1.77804, 45, 1.64172, -0.00655514, 0.161833, 0.0098337
1.77804, 41, 1.53379, -0.0164488, 0.152354, 0.00602775
1.77804, 49, 1.68938, 0.0271513, 0.159146, 0.00714678
1.77804, 46, 1.65165, 0.0214203, 0.159887, 0.0078877
1.77804, 60, 1.77113, -0.0475852, 0.21662, 0.00517757
1.77804, 58, 1.75505, -0.0360947, 0.199396, 0.0102374
1.77804, 53, 1.77131, 0.0513944, 0.153289, 0.00471378
1.77804, 61, 1.74439, 0.0117561, 0.221834, 0.00662365
1.77804, 50, 1.73864, 0.0401005, 0.156315, 0.00538575
1.77804, 51, 1.72032, -0.0014395, 0.159724, 0.00772421
1.77804, 54, 1.71338, 0.0213285, 0.159938, 0.00793841
1.77804, 55, 1.70517, -0.0270486, 0.158683, 0.00668295
1.77804, 56, 1.75751, -0.00217692, 0.16212, 0.00850789
1.77804, 62, 1.76649, 0.0297419, 0.268784, 0.0107983
1.79802, 44, 1.61078, -0.0254189, 0.15812, 0.00611989
1.79802, 59, 1.76179, 0.0045839, 0.244675, 0.0107767
1.79802, 52, 1.69221, -0.00496973, 0.161323, 0.00846174
1.79802, 57, 1.75497, -0.0570561, 0.103608, 0.00967408
1.79802, 40, 1.56311, 0.0237541, 0.153755, 0.0103566
1.79802, 45, 1.64172, -0.00655514, 0.161833, 0.0098337
1.79802, 41, 1.53297, -0.0164488, 0.152116, 0.00602775
1.79802, 49, 1.68938, 0.0271513, 0.159146, 0.00714678
1.79802, 46, 1.65165, 0.0214203, 0.159887, 0.0078877
1.79802, 60, 1.78342, -0.0498853, 0.206813, 0.00517757
1.79802, 58, 1.76429, -0.0357972, 0.172701, 0.0102374
1.79802, 53, 1.78447, 0.05732, 0.138064, 0.00471378
1.79802, 61, 1.75299, 0.0117561, 0.21619, 0.00662365
1.79802, 50, 1.73911, 0.0470537, 0.151461, 0.00538575
1.79802, 51, 1.72032, -0.0014395, 0.159724, 0.00772421
1.79802, 54, 1.71338, 0.0213285, 0.159938, 0.00793841
1.79802, 55, 1.70517, -0.0270486, 0.158683, 0.00668295
1.79802, 56, 1.7663, -0.0131249, 0.160666, 0.00850789
1.79802, 62, 1.77409, 0.0297419, 0.265668, 0.0107983
1.818, 44, 1.61078, -0.0254189, 0.15812, 0.00611989
1.818, 59, 1.77096, 0.0045839, 0.223019, 0.0107767
1.818, 52, 1.69305, -0.00496973, 0.16138, 0.00846174
1.818, 57, 1.76402, -0.0642877, 0.0694612, 0.00967408
1.818, 40, 1.56231, 0.0237541, 0.153064, 0.0103566
1.818, 45, 1.64172, -0.00655514, 0.161833, 0.0098337
1.818, 62, 1.7817, 0.0297419, 0.258637, 0.0107983
1.818, 49, 1.68938, 0.0271513, 0.159146, 0.00714678
1.818, 46, 1.65165, 0.0214203, 0.159887, 0.0078877
1.818, 60, 1.79572, -0.0521854, 0.193091, 0.00517757
1.818, 58, 1.76966, -0.038914, 0.168382, 0.0102374
1.818, 53, 1.79762, 0.0632455, 0.118924, 0.00471378
1.818, 61, 1.76159, 0.0117561, 0.206631, 0.00662365
1.818, 50, 1.73959, 0.0540068, 0.142692, 0.00538575
1.818, 51, 1.72032, -0.0014395, 0.159724, 0.00772421
1.818, 54, 1.71338, 0.0213285, 0.159938, 0.00793841
1.818, 55, 1.70517, -0.0270486, 0.158683, 0.00668295
1.818, 56, 1.77363, -0.0184932, 0.161319, 0.00850789
1.83798, 44, 1.61078, -0.0254189, 0.15812, 0.00611989
1.83798, 59, 1.7808, 0.00404592, 0.199313, 0.0107767
1.83798, 52, 1.69348, -0.00496973, 0.160469, 0.00846174
1.83798, 57, 1.77307, -0.0715192, 0.0313987, 0.00967408
1.83798, 40, 1.56138, 0.0237541, 0.152552, 0.0103566
1.83798, 45, 1.64172, -0.00655514, 0.161833, 0.0098337
1.83798, 62, 1.78931, 0.0297419, 0.24769, 0.0107983
1.83798, 49, 1.68938, 0.0271513, 0.159146, 0.00714678
1.83798, 46, 1.65165, 0.0214203, 0.159887, 0.0078877
1.83798, 60, 1.80801, -0.0544855, 0.175454, 0.00517757
1.83798, 58, 1.77272, -0.0445221, 0.175773, 0.0102374
1.83798, 53, 1.81077, 0.0691711, 0.0958682, 0.00471378
1.83798, 61, 1.76729, 0.0140731, 0.185124, 0.00662365
1.83798, 50, 1.74007, 0.0609599, 0.130008, 0.00538575
1.83798, 51, 1.72032, -0.0014395, 0.159724, 0.00772421
1.83798, 54, 1.71338, 0.0213285, 0.159938, 0.00793841
1.83798, 55, 1.70517, -0.0270486, 0.158683, 0.00668295
1.83798, 56, 1.78028, -0.0201664, 0.160583, 0.00850789
1.83798, 63, 1.75064, -0.0390173, 0.297991, 0.00761503
1.85796, 44, 1.61117, -0.0254189, 0.157034, 0.00611989
1.85796, 59, 1.79097, 0.00324949, 0.172592, 0.0107767
1.85796, 52, 1.69348, -0.00496973, 0.160461, 0.00846174
1.85796, 57, 1.77844, -0.0840838, 0.024744, 0.00967408
1.85796, 40, 1.56036, 0.0237541, 0.152216, 0.0103566
1.85796, 45, 1.64172, -0.00655514, 0.161833, 0.0098337
1.85796, 62, 1.79692, 0.0297419, 0.232828, 0.0107983
1.85796, 49, 1.68938, 0.0271513, 0.159146, 0.00714678
1.85796, 46, 1.65165, 0.0214203, 0.159887, 0.0078877
1.85796, 60, 1.82031, -0.0567856, 0.153901, 0.00517757
1.85796, 58, 1.77577, -0.0501303, 0.179249, 0.0102374
1.85796, 53, 1.82393, 0.0750966, 0.0688974, 0.00471378
1.85796, 61, 1.77134, 0.0172844, 0.1589, 0.00662365
1.85796, 50, 1.74054, 0.067913, 0.113408, 0.00538575
1.85796, 51, 1.72032, -0.0014395, 0.159724, 0.00772421
1.85796, 54, 1.71338, 0.0213285, 0.159938, 0.00793841
1.85796, 55, 1.70517, -0.0270486, 0.158683, 0.00668295
1.85796, 56, 1.78611, -0.020667, 0.160507, 0.00850789
1.85796, 63, 1.75856, -0.0390173, 0.294086, 0.00761503
1.85796, 64, 1.7515, -0.0365381, 0.228129, 0.0109536
1.87793, 44, 1.61133, -0.0254189, 0.156004, 0.00611989
1.87793, 59, 1.79635, 0.00279958, 0.170362, 0.0107767
1.87793, 52, 1.69348, -0.00496973, 0.160461, 0.00846174
1.87793, 57, 1.78223, -0.0988266, 0.0290867, 0.00967408
1.87793, 64, 1.75833, -0.0365381, 0.224151, 0.0109536
1.87793, 45, 1.64193, -0.00655514, 0.161503, 0.0098337
1.87793, 62, 1.80452, 0.0297419, 0.214051, 0.0107983
1.87793, 49, 1.68938, 0.0271513, 0.159146, 0.00714678
1.87793, 46, 1.65165, 0.0214203, 0.159887, 0.0078877
1.87793, 60, 1.8326, -0.0590857, 0.128433, 0.00517757
1.87793, 58, 1.77882, -0.0557384, 0.178809, 0.0102374
1.87793, 53, 1.83708, 0.0810222, 0.0380111, 0.00471378
1.87793, 61, 1.77235, 0.0179712, 0.161679, 0.00662365
1.87793, 50, 1.74102, 0.0748662, 0.0928932, 0.00538575
1.87793, 51, 1.72032, -0.0014395, 0.159724, 0.00772421
1.87793, 54, 1.71338, 0.0213285, 0.159938, 0.00793841
1.87793, 55, 1.70517, -0.0270486, 0.158683, 0.00668295
1.87793, 56, 1.79097, -0.0210406, 0.160507, 0.00850789
1.87793, 63, 1.76648, -0.0390173, 0.286265, 0.00761503
1.89791, 44, 1.61128, -0.0254189, 0.155084, 0.00611989
1.89791, 59, 1.79901, 0.00255321, 0.179811, 0.0107767
1.89791, 52, 1.69348, -0.00496973, 0.160461, 0.00846174
1.89791, 57, 1.78602, -0.11357, 0.029514, 0.00967408
1.89791, 64, 1.76516, -0.0365381, 0.216259, 0.0109536
1.89791, 45, 1.64266, -0.00655514, 0.160205, 0.0098337
1.89791, 62, 1.81213, 0.0297419, 0.191358, 0.0107983
1.89791, 49, 1.68938, 0.0271513, 0.159146, 0.00714678
1.89791, 46, 1.65165, 0.0214203, 0.159887, 0.0078877
1.89791, 60, 1.8449, -0.0613858, 0.0990492, 0.00517757
1.89791, 58, 1.78187, -0.0613466, 0.174454, 0.0102374
1.89791, 53, 1.85023, 0.0869477, 0.0032095, 0.00471378
1.89791, 61, 1.77335, 0.0186579, 0.160542, 0.00662365
1.89791, 50, 1.7415, 0.0818193, 0.0684627, 0.00538575
1.89791, 51, 1.72032, -0.0014395, 0.159724, 0.00772421
1.89791, 54, 1.71338, 0.0213285, 0.159938, 0.00793841
1.89791, 55, 1.70517, -0.0270486, 0.158683, 0.00668295
1.89791, 56, 1.79499, -0.0213497, 0.160507, 0.00850789
1.89791, 63, 1.7744, -0.0390173, 0.27453, 0.00761503
1.91789, 44, 1.61104, -0.0254189, 0.154287, 0.00611989
1.91789, 59, 1.80167, 0.00230683, 0.185344, 0.0107767
1.91789, 52, 1.69348, -0.00496973, 0.160461, 0.00846174
1.91789, 57, 1.78981, -0.128312, 0.0260259, 0.00967408
1.91789, 64, 1.772, -0.0365381, 0.204451, 0.0109536
1.91789, 45, 1.64334, -0.00655513, 0.159054, 0.0098337
1.91789, 62, 1.81974, 0.0297419, 0.16475, 0.0107983
1.91789, 49, 1.68938, 0.0271513, 0.159146, 0.00714678
1.91789, 46, 1.65165, 0.0214203, 0.159887, 0.0078877
1.91789, 60, 1.85719, -0.0636859, 0.0657503, 0.00517757
1.91789, 58, 1.78492, -0.0669547, 0.166184, 0.0102374
1.91789, 63, 1.78232, -0.0390173, 0.258878, 0.00761503
1.91789, 61, 1.77395, 0.0190712, 0.158623, 0.00662365
1.91789, 50, 1.74198, 0.0887724, 0.0401169, 0.00538575
1.91789, 51, 1.72032, -0.0014395, 0.159724, 0.00772421
1.91789, 54, 1.71338, 0.0213285, 0.159938, 0.00793841
1.91789, 55, 1.70517, -0.0270486, 0.158683, 0.00668295
1.91789, 56, 1.79817, -0.0215941, 0.160507, 0.00850789
1.91789, 65, 1.80577, -0.0176272, 0.285117, 0.00834604
1.93787, 44, 1.61064, -0.0254189, 0.153621, 0.00611989
1.93787, 59, 1.80434, 0.00206045, 0.186962, 0.0107767
1.93787, 52, 1.69348, -0.00496973, 0.160461, 0.00846174
1.93787, 57, 1.7936, -0.143055, 0.0186225, 0.00967408
1.93787, 64, 1.77883, -0.0365381, 0.188727, 0.0109536
1.93787, 45, 1.64365, -0.00655516, 0.15798, 0.0098337
1.93787, 62, 1.82206, 0.0297419, 0.172896, 0.0107983
1.93787, 49, 1.68938, 0.0271513, 0.159146, 0.00714678
1.93787, 46, 1.65187, 0.0214203, 0.159481, 0.0078877
1.93787, 60, 1.86949, -0.065986, 0.028536, 0.00517757
1.93787, 58, 1.78797, -0.0725629, 0.153998, 0.0102374
1.93787, 63, 1.79024, -0.0390173, 0.239312, 0.00761503
1.93787, 61, 1.77395, 0.0190717, 0.158623, 0.00662365
1.93787, 50, 1.74245, 0.0957255, 0.00785567, 0.00538575
1.93787, 51, 1.72032, -0.0014395, 0.159724, 0.00772421
1.93787, 54, 1.71338, 0.0213285, 0.159938, 0.00793841
1.93787, 55, 1.70517, -0.0270486, 0.158683, 0.00668295
1.93787, 56, 1.80051, -0.0217738, 0.160507, 0.00850789
1.93787, 65, 1.81285, -0.0176272, 0.28083, 0.00834604
1.93787, 66, 1.8103, -0.0319847, 0.296568, 0.00911519
1.95785, 44, 1.61014, -0.0254189, 0.153087, 0.00611989
1.95785, 59, 1.807, 0.00181407, 0.184664, 0.0107767
1.95785, 52, 1.69348, -0.00496973, 0.160461, 0.00846174
1.95785, 57, 1.79738, -0.157798, 0.00730366, 0.00967408
1.95785, 64, 1.78567, -0.0365381, 0.169088, 0.0109536
1.95785, 45, 1.64373, -0.00655514, 0.157013, 0.0098337
1.95785, 62, 1.82383, 0.0297419, 0.180855, 0.0107983
1.95785, 49, 1.68938, 0.0271513, 0.159146, 0.00714678
1.95785, 46, 1.65232, 0.0214203, 0.158466, 0.0078877
1.95785, 60, 1.87594, -0.0696629, 0.0164244, 0.00517757
1.95785, 58, 1.79103, -0.078171, 0.137897, 0.0102374
1.95785, 63, 1.79816, -0.0390173, 0.21583, 0.00761503
1.95785, 61, 1.77395, 0.0190717, 0.158623, 0.00662365
1.95785, 66, 1.81681, -0.0319847, 0.293426, 0.00911519
1.95785, 51, 1.72032, -0.0014395, 0.159724, 0.00772421
1.95785, 54, 1.71338, 0.0213285, 0.159938, 0.00793841
1.95785, 55, 1.70517, -0.0270486, 0.158683, 0.00668295
1.95785, 56, 1.80201, -0.021889, 0.160507, 0.00850789
1.95785, 65, 1.81994, -0.0176272, 0.272628, 0.00834604
1.97782, 44, 1.61021, -0.0254292, 0.152722, 0.00611989
1.97782, 59, 1.80966, 0.0015677, 0.178452, 0.0107767
1.97782, 52, 1.69348, -0.00496973, 0.160461, 0.00846174
1.97782, 67, 1.82053, 0.0285277, 0.272856, 0.00943578
1.97782, 64, 1.78896, -0.0382423, 0.168734, 0.0109536
1.97782, 45, 1.64346, -0.00655514, 0.156111, 0.0098337
1.97782, 62, 1.82559, 0.0297419, 0.184899, 0.0107983
1.97782, 49, 1.68938, 0.0271513, 0.159146, 0.00714678
1.97782, 46, 1.65255, 0.0214203, 0.157556, 0.0078877
1.97782, 60, 1.87942, -0.0737233, 0.0146816, 0.00517757
1.97782, 58, 1.79408, -0.0837792, 0.11788, 0.0102374
1.97782, 63, 1.80607, -0.0390173, 0.188433, 0.00761503
1.97782, 61, 1.77395, 0.0190717, 0.158623, 0.00662365
1.97782, 66, 1.82332, -0.0319847, 0.286369, 0.00911519
1.97782, 51, 1.72032, -0.0014395, 0.159724, 0.00772421
1.97782, 54, 1.71338, 0.0213285, 0.159938, 0.00793841
1.97782, 55, 1.70517, -0.0270486, 0.158683, 0.00668295
1.97782, 56, 1.80267, -0.0219395, 0.160507, 0.00850789
1.97782, 65, 1.82702, -0.0176272, 0.26051, 0.00834604
1.9978, 44, 1.60943, -0.0254218, 0.152413, 0.00611989
1.9978, 59, 1.81232, 0.00132132, 0.168323, 0.0107767
1.9978, 52, 1.69348, -0.00496973, 0.160461, 0.00846174
1.9978, 67, 1.82655, 0.0285277, 0.268471, 0.00943578
1.9978, 64, 1.79066, -0.0406625, 0.174529, 0.0109536
1.9978, 45, 1.64337, -0.00655514, 0.155435, 0.0098337
1.9978, 62, 1.82735, 0.0297419, 0.185028, 0.0107983
1.9978, 49, 1.68938, 0.0271513, 0.159146, 0.00714678
1.9978, 46, 1.6526, 0.0214203, 0.156756, 0.0078877
1.9978, 60, 1.88284, -0.0777559, 0.00931978, 0.00517757
1.9978, 58, 1.79713, -0.0893873, 0.0939484, 0.0102374
1.9978, 63, 1.81387, -0.0394026, 0.158231, 0.00761503
1.9978, 61, 1.77395, 0.0190717, 0.158623, 0.00662365
1.9978, 66, 1.82982, -0.0319847, 0.275397, 0.00911519
1.9978, 51, 1.72032, -0.0014395, 0.159724, 0.00772421
1.9978, 54, 1.71338, 0.0213285, 0.159938, 0.00793841
1.9978, 55, 1.70517, -0.0270486, 0.158683, 0.00668295
1.9978, 56, 1.8027, -0.021942, 0.160507, 0.00850789
1.9978, 65, 1.83411, -0.0176272, 0.244477, 0.00834604
2.01778, 44, 1.60881, -0.0254222, 0.152213, 0.00611989
2.01778, 59, 1.81384, 0.00118091, 0.16548, 0.0107767
2.01778, 52, 1.69348, -0.00496973, 0.160461, 0.00846174
2.01778, 67, 1.83258, 0.0285277, 0.260171, 0.00943578
2.01778, 64, 1.79236, -0.0430827, 0.176409, 0.0109536
2.01778, 45, 1.643, -0.00655514, 0.15482, 0.0098337
2.01778, 62, 1.82912, 0.0297419, 0.181241, 0.0107983
2.01778, 49, 1.68938, 0.0271513, 0.159146, 0.00714678
2.01778, 46, 1.6525, 0.0214203, 0.156065, 0.0078877
2.01778, 60, 1.88626, -0.0817885, 4.26272e-05, 0.00517757
2.01778, 58, 1.80018, -0.0949954, 0.0661011, 0.0102374
2.01778, 63, 1.81735, -0.0499495, 0.157742, 0.00761503
2.01778, 61, 1.77395, 0.0190717, 0.158623, 0.00662365
2.01778, 66, 1.83633, -0.0319847, 0.260509, 0.00911519
2.01778, 51, 1.72032, -0.0014395, 0.159724, 0.00772421
2.01778, 54, 1.71338, 0.0213285, 0.159938, 0.00793841
2.01778, 55, 1.70517, -0.0270486, 0.158683, 0.00668295
2.01778, 56, 1.8027, -0.021942, 0.160507, 0.00850789
2.01778, 65, 1.84119, -0.0176272, 0.224529, 0.00834604
2.01778, 68, 1.80602, 0.0422084, 0.237325, 0.00761525
2.03776, 44, 1.60819, -0.025422, 0.15209, 0.00611989
2.03776, 59, 1.81439, 0.0011302, 0.167849, 0.0107767
2.03776, 52, 1.69348, -0.00496973, 0.160461, 0.00846174
2.03776, 67, 1.8386, 0.0285277, 0.247955, 0.00943578
2.03776, 64, 1.79407, -0.0455029, 0.174373, 0.0109536
2.03776, 45, 1.64255, -0.00655514, 0.154309, 0.0098337
2.03776, 62, 1.83088, 0.0297419, 0.173539, 0.0107983
2.03776, 49, 1.68938, 0.0271513, 0.159146, 0.00714678
2.03776, 46, 1.65228, 0.0214203, 0.155477, 0.0078877
2.03776, 68, 1.81077, 0.0422084, 0.232419, 0.00761525
2.03776, 58, 1.80323, -0.100604, 0.0343384, 0.0102374
2.03776, 63, 1.82083, -0.0604963, 0.153338, 0.00761503
2.03776, 61, 1.77395, 0.0190717, 0.158623, 0.00662365
2.03776, 66, 1.84284, -0.0319847, 0.241706, 0.00911519
2.03776, 51, 1.72032, -0.0014395, 0.159724, 0.00772421
2.03776, 54, 1.71338, 0.0213285, 0.159938, 0.00793841
2.03776, 55, 1.70517, -0.0270486, 0.158683, 0.00668295
2.03776, 56, 1.8027, -0.021942, 0.160507, 0.00850789
2.03776, 65, 1.84828, -0.0176272, 0.200665, 0.00834604
2.03776, 69, 1.81182, 0.0109862, 0.255678, 0.0110322
2.05774, 44, 1.60757, -0.0254222, 0.152028, 0.00611989
2.05774, 59, 1.81495, 0.00107948, 0.166304, 0.0107767
2.05774, 52, 1.69348, -0.00496973, 0.160461, 0.00846174
2.05774, 67, 1.84463, 0.0285277, 0.231824, 0.00943578
2.05774, 64, 1.79577, -0.0479232, 0.168422, 0.0109536
2.05774, 45, 1.64205, -0.00655514, 0.153894, 0.0098337
2.05774, 62, 1.8326, 0.0297419, 0.162811, 0.0107983
2.05774, 49, 1.68938, 0.0271513, 0.159146, 0.00714678
2.05774, 46, 1.65198, 0.0214203, 0.154987, 0.0078877
2.05774, 68, 1.81552, 0.0422084, 0.223598, 0.00761525
2.05774, 69, 1.81612, 0.0109862, 0.2507, 0.0110322
2.05774, 63, 1.82432, -0.0710432, 0.145018, 0.00761503
2.05774, 61, 1.77395, 0.0190717, 0.158623, 0.00662365
2.05774, 66, 1.84935, -0.0319847, 0.218987, 0.00911519
2.05774, 51, 1.72032, -0.0014395, 0.159724, 0.00772421
2.05774, 54, 1.71338, 0.0213285, 0.159938, 0.00793841
2.05774, 55, 1.70517, -0.0270486, 0.158683, 0.00668295
2.05774, 56, 1.8027, -0.021942, 0.160507, 0.00850789
2.05774, 65, 1.85537, -0.0176272, 0.172886, 0.00834604
2.07771, 65, 1.85932, -0.0176272, 0.165149, 0.00834604
2.07771, 59, 1.81538, 0.00103934, 0.163316, 0.0107767
2.07771, 52, 1.69348, -0.00496973, 0.160461, 0.00846174
2.07771, 67, 1.85065, 0.0285277, 0.211778, 0.00943578
2.07771, 64, 1.79747, -0.0503434, 0.158556, 0.0109536
2.07771, 45, 1.64152, -0.00655514, 0.153566, 0.0098337
2.07771, 62, 1.83292, 0.0297419, 0.166998, 0.0107983
2.07771, 49, 1.68938, 0.0271513, 0.159146, 0.00714678
2.07771, 46, 1.65161, 0.0214203, 0.154588, 0.0078877
2.07771, 68, 1.82027, 0.0422084, 0.210861, 0.00761525
2.07771, 69, 1.82041, 0.0109862, 0.241807, 0.0110322
2.07771, 63, 1.8278, -0.0815901, 0.132783, 0.00761503
2.07771, 61, 1.77395, 0.0190717, 0.158623, 0.00662365
2.07771, 66, 1.85585, -0.0319847, 0.192354, 0.00911519
2.07771, 51, 1.72032, -0.0014395, 0.159724, 0.00772421
2.07771, 54, 1.71338, 0.0213285, 0.159938, 0.00793841
2.07771, 55, 1.70517, -0.0270486, 0.158683, 0.00668295
2.07771, 56, 1.8027, -0.021942, 0.160507, 0.00850789
2.09769, 65, 1.86207, -0.0113928, 0.161405, 0.00834604
2.09769, 59, 1.81548, 0.00103078, 0.163401, 0.0107767
2.09769, 52, 1.69348, -0.00496973, 0.160461, 0.00846174
2.09769, 67, 1.85668, 0.0285277, 0.187816, 0.00943578
2.09769, 64, 1.79917, -0.0527636, 0.144774, 0.0109536
2.09769, 45, 1.64097, -0.00655514, 0.153304, 0.0098337
2.09769, 62, 1.83325, 0.0297419, 0.16727, 0.0107983
2.09769, 49, 1.68938, 0.0271513, 0.159146, 0.00714678
2.09769, 46, 1.65121, 0.0214203, 0.154262, 0.0078877
2.09769, 68, 1.82502, 0.0422084, 0.194209, 0.00761525
2.09769, 69, 1.82471, 0.0109862, 0.228998, 0.0110322
2.09769, 63, 1.83128, -0.092137, 0.116632, 0.00761503
2.09769, 61, 1.77395, 0.0190717, 0.158623, 0.00662365
2.09769, 66, 1.86148, -0.0367703, 0.169114, 0.00911519
2.09769, 51, 1.72032, -0.0014395, 0.159724, 0.00772421
2.09769, 54, 1.71338, 0.0213285, 0.159938, 0.00793841
2.09769, 55, 1.70517, -0.0270486, 0.158683, 0.00668295
2.09769, 56, 1.8027, -0.021942, 0.160507, 0.00850789
2.09769, 70, 1.8383, 0.0499762, 0.221876, 0.00555204
2.09769, 71, 1.8508, -0.0368478, 0.284451, 0.0108886
2.11767, 65, 1.86443, -0.0058789, 0.162811, 0.00834604
2.11767, 59, 1.81551, 0.00102758, 0.16276, 0.0107767
2.11767, 52, 1.69348, -0.00496973, 0.160461, 0.00846174
2.11767, 67, 1.86257, 0.0285277, 0.161417, 0.00943578
2.11767, 64, 1.80088, -0.0551838, 0.127077, 0.0109536
2.11767, 45, 1.64043, -0.00655514, 0.1531, 0.0098337
2.11767, 62, 1.83382, 0.029337, 0.162852, 0.0107983
2.11767, 49, 1.68938, 0.0271513, 0.159146, 0.00714678
2.11767, 46, 1.65079, 0.0214203, 0.153999, 0.0078877
2.11767, 68, 1.82909, 0.0433627, 0.175849, 0.00761525
2.11767, 69, 1.829, 0.0109862, 0.212274, 0.0110322
2.11767, 63, 1.83476, -0.102684, 0.0965664, 0.00761503
2.11767, 61, 1.77395, 0.0190717, 0.158623, 0.00662365
2.11767, 66, 1.86623, -0.0462816, 0.14918, 0.00911519
2.11767, 51, 1.72032, -0.0014395, 0.159724, 0.00772421
2.11767, 54, 1.71338, 0.0213285, 0.159938, 0.00793841
2.11767, 55, 1.70517, -0.0270486, 0.158683, 0.00668295
2.11767, 56, 1.8027, -0.021942, 0.160507, 0.00850789
2.11767, 70, 1.84091, 0.0499762, 0.216836, 0.00555204
2.11767, 71, 1.85325, -0.0368478, 0.280902, 0.0108886
2.13765, 65, 1.86663, -0.000987955, 0.161898, 0.00834604
2.13765, 59, 1.81551, 0.0010276, 0.162775, 0.0107767
2.13765, 52, 1.69355, -0.00496973, 0.160276, 0.00846174
2.13765, 67, 1.86385, 0.0285277, 0.170581, 0.00943578
2.13765, 64, 1.80258, -0.057604, 0.105465, 0.0109536
2.13765, 45, 1.6399, -0.00655514, 0.152946, 0.0098337
2.13765, 62, 1.83425, 0.029415, 0.165853, 0.0107983
2.13765, 49, 1.68938, 0.0271513, 0.159146, 0.00714678
2.13765, 46, 1.65035, 0.0214203, 0.153797, 0.0078877
2.13765, 68, 1.82909, 0.0514086, 0.166829, 0.00761525
2.13765, 69, 1.8333, 0.0109862, 0.191634, 0.0110322
2.13765, 63, 1.83824, -0.113231, 0.072585, 0.00761503
2.13765, 61, 1.77395, 0.0190717, 0.158623, 0.00662365
2.13765, 66, 1.87098, -0.0557929, 0.125331, 0.00911519
2.13765, 51, 1.72032, -0.0014395, 0.159724, 0.00772421
2.13765, 54, 1.71338, 0.0213285, 0.159938, 0.00793841
2.13765, 55, 1.70517, -0.0270486, 0.158683, 0.00668295
2.13765, 56, 1.8027, -0.021942, 0.160507, 0.00850789
2.13765, 70, 1.84352, 0.0499762, 0.20788, 0.00555204
2.13765, 71, 1.8557, -0.0368478, 0.273437, 0.0108886
2.15763, 65, 1.8683, 0.00273471, 0.160495, 0.00834604
2.15763, 59, 1.81551, 0.0010276, 0.162775, 0.0107767
2.15763, 52, 1.69361, -0.00496973, 0.16008, 0.00846174
2.15763, 67, 1.86513, 0.0285277, 0.175828, 0.00943578
2.15763, 64, 1.80428, -0.0600242, 0.079937, 0.0109536
2.15763, 45, 1.6394, -0.00655514, 0.152838, 0.0098337
2.15763, 62, 1.83493, 0.0316617, 0.163084, 0.0107983
2.15763, 49, 1.68938, 0.0271513, 0.159146, 0.00714678
2.15763, 46, 1.64991, 0.0214203, 0.153652, 0.0078877
2.15763, 68, 1.82909, 0.0594544, 0.153894, 0.00761525
2.15763, 69, 1.83731, 0.00848137, 0.170832, 0.0110322
2.15763, 63, 1.84172, -0.123778, 0.0446883, 0.00761503
2.15763, 61, 1.77395, 0.0190717, 0.158623, 0.00662365
2.15763, 66, 1.87573, -0.0653042, 0.097567, 0.00911519
2.15763, 51, 1.72032, -0.0014395, 0.159724, 0.00772421
2.15763, 54, 1.71338, 0.0213285, 0.159938, 0.00793841
2.15763, 55, 1.70517, -0.0270486, 0.158683, 0.00668295
2.15763, 56, 1.8027, -0.021942, 0.160507, 0.00850789
2.15763, 70, 1.84613, 0.0499762, 0.19501, 0.00555204
2.15763, 71, 1.85815, -0.0368478, 0.262057, 0.0108886
2.15763, 72, 1.82293, 0.0165667, 0.268695, 0.00822439
2.1776, 65, 1.8692, 0.00472766, 0.160345, 0.00834604
2.1776, 59, 1.81551, 0.0010276, 0.162775, 0.0107767
2.1776, 52, 1.69363, -0.00496973, 0.15999, 0.00846174
2.1776, 67, 1.86641, 0.0285277, 0.17716, 0.00943578
2.1776, 64, 1.80599, -0.0624444, 0.0504939, 0.0109536
2.1776, 45, 1.63892, -0.00655514, 0.152772, 0.0098337
2.1776, 62, 1.83596, 0.0325921, 0.166776, 0.0107983
2.1776, 49, 1.68938, 0.0271513, 0.159146, 0.00714678
2.1776, 46, 1.64948, 0.0214203, 0.153561, 0.0078877
2.1776, 68, 1.82909, 0.0675003, 0.137043, 0.00761525
2.1776, 69, 1.83981, 0.00264141, 0.166733, 0.0110322
2.1776, 63, 1.8452, -0.134324, 0.0128762, 0.00761503
2.1776, 61, 1.77395, 0.0190717, 0.158623, 0.00662365
2.1776, 66, 1.88048, -0.0748154, 0.0658873, 0.00911519
2.1776, 51, 1.72032, -0.0014395, 0.159724, 0.00772421
2.1776, 54, 1.71338, 0.0213285, 0.159938, 0.00793841
2.1776, 55, 1.70517, -0.0270486, 0.158683, 0.00668295
2.1776, 56, 1.8027, -0.021942, 0.160507, 0.00850789
2.1776, 70, 1.84874, 0.0499762, 0.178224, 0.00555204
2.1776, 71, 1.86061, -0.0368478, 0.246762, 0.0108886
2.1776, 72, 1.82404, 0.0165667, 0.264635, 0.00822439
2.1776, 73, 1.85123, 0.0173993, 0.223472, 0.00956548
2.18374, 65, 1.86938, 0.00513927, 0.160345, 0.00834604
2.18374, 59, 1.81551, 0.0010276, 0.162775, 0.0107767
2.18374, 52, 1.69364, -0.00496973, 0.159985, 0.00846174
2.18374, 67, 1.8668, 0.0285277, 0.176783, 0.00943578
2.18374, 64, 1.80651, -0.0631874, 0.0406698, 0.0109536
2.18374, 45, 1.63878, -0.00655514, 0.15276, 0.0098337
2.18374, 62, 1.83628, 0.0328777, 0.167124, 0.0107983
2.18374, 49, 1.68938, 0.0271513, 0.159146, 0.00714678
2.18374, 46, 1.64935, 0.0214203, 0.153545, 0.0078877
2.18374, 68, 1.82909, 0.0699702, 0.131085, 0.00761525
2.18374, 69, 1.84028, 0.00110223, 0.168587, 0.0110322
2.18374, 63, 1.84627, -0.137562, 0.00232497, 0.00761503
2.18374, 61, 1.77395, 0.0190717, 0.158623, 0.00662365
2.18374, 66, 1.88193, -0.0777352, 0.0553767, 0.00911519
2.18374, 51, 1.72032, -0.0014395, 0.159724, 0.00772421
2.18374, 54, 1.71338, 0.0213285, 0.159938, 0.00793841
2.18374, 55, 1.70517, -0.0270486, 0.158683, 0.00668295
2.18374, 56, 1.8027, -0.021942, 0.160507, 0.00850789
2.18374, 70, 1.84954, 0.0499762, 0.172285, 0.00555204
2.18374, 71, 1.86136, -0.0368478, 0.241281, 0.0108886
2.18374, 72, 1.82439, 0.0165667, 0.262603, 0.00822439
2.18374, 73, 1.85134, 0.0173993, 0.222926, 0.00956548
